1024,1,1,2.730978
1024,2,1,3.205254
1024,3,1,3.591365
1024,4,1,4.451059
1024,5,1,4.581332
1024,6,1,4.533219
1024,7,1,4.657305
1024,8,1,4.926189
1024,9,1,7.068165
1024,10,1,5.699884
1024,11,1,22.418102
1024,12,1,13.570809
1024,13,1,19.578658
1024,14,1,5.844657
1024,15,1,10.560173
1024,16,1,7.860921
1024,17,1,30.473752
1024,18,1,33.924418
1024,19,1,8.637955
1024,20,1,13.963134
1024,21,1,12.079551
1024,22,1,17.821738
1024,23,1,15.492264
1024,24,1,59.632790
1024,25,1,58.106087
1024,26,1,10.410769
1024,27,1,14.552641
1024,28,1,50.584230
1024,29,1,44.876223
1024,30,1,27.100267
1024,31,1,39.851145
1024,32,1,22.756824
1024,1,1,2.744978
1024,2,1,3.059937
1024,3,1,3.083039
1024,4,1,4.159753
1024,5,1,14.264681
1024,6,1,3.676303
1024,7,1,4.320589
1024,8,1,6.811571
1024,9,1,4.452790
1024,10,1,5.998221
1024,11,1,11.549759
1024,12,1,6.010968
1024,13,1,14.086212
1024,14,1,8.331000
1024,15,1,5.832360
1024,16,1,51.591190
1024,17,1,43.390983
1024,18,1,7.599350
1024,19,1,25.175868
1024,20,1,13.856126
1024,21,1,19.193421
1024,22,1,19.811543
1024,23,1,32.542379
1024,24,1,45.204110
1024,25,1,40.535037
1024,26,1,19.933778
1024,27,1,11.902744
1024,28,1,18.172256
1024,29,1,47.917948
1024,30,1,21.284518
1024,31,1,72.530525
1024,32,1,43.287104
1024,1,1,2.701249
1024,2,1,3.105495
1024,3,1,4.131039
1024,4,1,4.418257
1024,5,1,4.413018
1024,6,1,4.454803
1024,7,1,4.573640
1024,8,1,5.562006
1024,9,1,3.900049
1024,10,1,4.726352
1024,11,1,6.837360
1024,12,1,81.114071
1024,13,1,5.717413
1024,14,1,24.661640
1024,15,1,7.228430
1024,16,1,61.892688
1024,17,1,9.151280
1024,18,1,21.597933
1024,19,1,16.429256
1024,20,1,10.328586
1024,21,1,15.557412
1024,22,1,10.649148
1024,23,1,14.366240
1024,24,1,19.883889
1024,25,1,10.051597
1024,26,1,18.813879
1024,27,1,57.385298
1024,28,1,30.199348
1024,29,1,25.206931
1024,30,1,64.541329
1024,31,1,42.189983
1024,32,1,51.427922
2048,1,1,3.098757
2048,2,1,4.063843
2048,3,1,4.033290
2048,4,1,6.072982
2048,5,1,3.920160
2048,6,1,4.988593
2048,7,1,8.736052
2048,8,1,5.003954
2048,9,1,4.773029
2048,10,1,10.102382
2048,11,1,5.159550
2048,12,1,42.039718
2048,13,1,10.268930
2048,14,1,9.649665
2048,15,1,10.090273
2048,16,1,35.526179
2048,17,1,30.584075
2048,18,1,25.073768
2048,19,1,34.375715
2048,20,1,65.175491
2048,21,1,45.755165
2048,22,1,34.942909
2048,23,1,13.323347
2048,24,1,12.297471
2048,25,1,14.305297
2048,26,1,34.594362
2048,27,1,64.483497
2048,28,1,26.839926
2048,29,1,18.736995
2048,30,1,17.079662
2048,31,1,68.185291
2048,32,1,219.326821
2048,1,1,2.936905
2048,2,1,3.665545
2048,3,1,4.279789
2048,4,1,3.738905
2048,5,1,3.733305
2048,6,1,3.856516
2048,7,1,3.663656
2048,8,1,4.090107
2048,9,1,4.483024
2048,10,1,6.433299
2048,11,1,5.824856
2048,12,1,5.404787
2048,13,1,6.941827
2048,14,1,6.473665
2048,15,1,10.746838
2048,16,1,6.584589
2048,17,1,28.519736
2048,18,1,12.879775
2048,19,1,12.452196
2048,20,1,10.903723
2048,21,1,10.437683
2048,22,1,10.237759
2048,23,1,23.949330
2048,24,1,81.960564
2048,25,1,26.828256
2048,26,1,46.202978
2048,27,1,87.846140
2048,28,1,84.803004
2048,29,1,16.556820
2048,30,1,191.961468
2048,31,1,51.153730
2048,32,1,37.299955
2048,1,1,3.100685
2048,2,1,3.422837
2048,3,1,3.539921
2048,4,1,4.903374
2048,5,1,3.798202
2048,6,1,4.514069
2048,7,1,4.870431
2048,8,1,4.405540
2048,9,1,4.619581
2048,10,1,5.397084
2048,11,1,6.711112
2048,12,1,6.517501
2048,13,1,5.962128
2048,14,1,7.609495
2048,15,1,6.358797
2048,16,1,7.205246
2048,17,1,12.545033
2048,18,1,22.380337
2048,19,1,7.493331
2048,20,1,11.462425
2048,21,1,16.184655
2048,22,1,33.860798
2048,23,1,9.621675
2048,24,1,25.698169
2048,25,1,11.889248
2048,26,1,31.301432
2048,27,1,26.795531
2048,28,1,34.783165
2048,29,1,67.937942
2048,30,1,70.309117
2048,31,1,70.892221
2048,32,1,22.992773
4096,1,1,4.376874
4096,2,1,4.642500
4096,3,1,4.952377
4096,4,1,5.223104
4096,5,1,5.581293
4096,6,1,4.993940
4096,7,1,5.009876
4096,8,1,5.530929
4096,9,1,9.556881
4096,10,1,12.534882
4096,11,1,6.187686
4096,12,1,9.215886
4096,13,1,9.005571
4096,14,1,13.409980
4096,15,1,7.523642
4096,16,1,11.315703
4096,17,1,17.576964
4096,18,1,9.662386
4096,19,1,31.792625
4096,20,1,45.218175
4096,21,1,39.298996
4096,22,1,64.893680
4096,23,1,56.169464
4096,24,1,75.130603
4096,25,1,85.064568
4096,26,1,31.823755
4096,27,1,35.421992
4096,28,1,17.873817
4096,29,1,102.368052
4096,30,1,15.021233
4096,31,1,65.272748
4096,32,1,27.470445
4096,1,1,4.133840
4096,2,1,4.779428
4096,3,1,4.929728
4096,4,1,5.760185
4096,5,1,4.934286
4096,6,1,4.491976
4096,7,1,7.379946
4096,8,1,4.542667
4096,9,1,6.106781
4096,10,1,5.298332
4096,11,1,6.004924
4096,12,1,5.657047
4096,13,1,18.274676
4096,14,1,5.794891
4096,15,1,6.016251
4096,16,1,8.948284
4096,17,1,35.484057
4096,18,1,13.118978
4096,19,1,17.954287
4096,20,1,9.123754
4096,21,1,8.099940
4096,22,1,18.272113
4096,23,1,10.906087
4096,24,1,13.902328
4096,25,1,17.019161
4096,26,1,14.802352
4096,27,1,12.626051
4096,28,1,15.227432
4096,29,1,46.691142
4096,30,1,29.358289
4096,31,1,91.436220
4096,32,1,24.420132
4096,1,1,4.271603
4096,2,1,4.784413
4096,3,1,5.367152
4096,4,1,5.073376
4096,5,1,5.962852
4096,6,1,4.765978
4096,7,1,8.080430
4096,8,1,5.781862
4096,9,1,14.807736
4096,10,1,6.352526
4096,11,1,6.382277
4096,12,1,5.852619
4096,13,1,52.798020
4096,14,1,28.319174
4096,15,1,14.773288
4096,16,1,8.551103
4096,17,1,23.691948
4096,18,1,33.077451
4096,19,1,8.518767
4096,20,1,10.189088
4096,21,1,11.855145
4096,22,1,17.093359
4096,23,1,65.255886
4096,24,1,65.326338
4096,25,1,64.968667
4096,26,1,61.457749
4096,27,1,64.540156
4096,28,1,48.898498
4096,29,1,64.825272
4096,30,1,42.331099
4096,31,1,14.467539
4096,32,1,30.551334
8192,1,1,6.480972
8192,2,1,7.101867
8192,3,1,5.887049
8192,4,1,6.660026
8192,5,1,6.746983
8192,6,1,6.460028
8192,7,1,6.501157
8192,8,1,6.918273
8192,9,1,20.316203
8192,10,1,7.663348
8192,11,1,28.459396
8192,12,1,26.243998
8192,13,1,7.463608
8192,14,1,10.703212
8192,15,1,9.309175
8192,16,1,7.749743
8192,17,1,12.901011
8192,18,1,11.082273
8192,19,1,10.945468
8192,20,1,11.416246
8192,21,1,11.081490
8192,22,1,35.322782
8192,23,1,31.098540
8192,24,1,31.210720
8192,25,1,11.812785
8192,26,1,30.461695
8192,27,1,25.965288
8192,28,1,25.252403
8192,29,1,22.375488
8192,30,1,63.603089
8192,31,1,24.691546
8192,32,1,24.717306
8192,1,1,6.753812
8192,2,1,7.274050
8192,3,1,8.529820
8192,4,1,6.941273
8192,5,1,6.618605
8192,6,1,5.928539
8192,7,1,6.780029
8192,8,1,7.652202
8192,9,1,6.511780
8192,10,1,6.381164
8192,11,1,7.434113
8192,12,1,8.673127
8192,13,1,6.948155
8192,14,1,8.485789
8192,15,1,12.319902
8192,16,1,7.982456
8192,17,1,9.627187
8192,18,1,9.468658
8192,19,1,17.962623
8192,20,1,10.417438
8192,21,1,44.997627
8192,22,1,108.111776
8192,23,1,12.979169
8192,24,1,29.612512
8192,25,1,150.588441
8192,26,1,34.887282
8192,27,1,91.896940
8192,28,1,49.780214
8192,29,1,23.286259
8192,30,1,111.257610
8192,31,1,31.968373
8192,32,1,47.448193
8192,1,1,6.366722
8192,2,1,6.818563
8192,3,1,7.003747
8192,4,1,7.332094
8192,5,1,6.221037
8192,6,1,6.736945
8192,7,1,6.883536
8192,8,1,6.175096
8192,9,1,7.315603
8192,10,1,7.552329
8192,11,1,7.179872
8192,12,1,13.481083
8192,13,1,6.612723
8192,14,1,17.695184
8192,15,1,8.261013
8192,16,1,12.323270
8192,17,1,11.414519
8192,18,1,10.576734
8192,19,1,47.575439
8192,20,1,12.415710
8192,21,1,16.768720
8192,22,1,18.906559
8192,23,1,11.775152
8192,24,1,31.291695
8192,25,1,27.726638
8192,26,1,15.432101
8192,27,1,17.052614
8192,28,1,19.685054
8192,29,1,37.830251
8192,30,1,27.848685
8192,31,1,67.180363
8192,32,1,54.926208
16384,1,1,10.639424
16384,2,1,8.258314
16384,3,1,10.382997
16384,4,1,11.284462
16384,5,1,8.937529
16384,6,1,9.920345
16384,7,1,10.794092
16384,8,1,15.126208
16384,9,1,11.147179
16384,10,1,11.831086
16384,11,1,9.367870
16384,12,1,11.409340
16384,13,1,13.681938
16384,14,1,9.748082
16384,15,1,7.954985
16384,16,1,11.509625
16384,17,1,36.688575
16384,18,1,18.611265
16384,19,1,10.375991
16384,20,1,32.454701
16384,21,1,15.151780
16384,22,1,13.192883
16384,23,1,11.620801
16384,24,1,10.652926
16384,25,1,26.475833
16384,26,1,25.038888
16384,27,1,47.697035
16384,28,1,49.755475
16384,29,1,29.471724
16384,30,1,56.878863
16384,31,1,148.596603
16384,32,1,103.969467
16384,1,1,10.999358
16384,2,1,8.099562
16384,3,1,10.983126
16384,4,1,13.573513
16384,5,1,11.956871
16384,6,1,10.264788
16384,7,1,9.008345
16384,8,1,11.603576
16384,9,1,10.034876
16384,10,1,9.960827
16384,11,1,20.940348
16384,12,1,13.430122
16384,13,1,11.283611
16384,14,1,54.968871
16384,15,1,11.583805
16384,16,1,69.224809
16384,17,1,12.249645
16384,18,1,13.396799
16384,19,1,43.055499
16384,20,1,11.753658
16384,21,1,12.851456
16384,22,1,48.723605
16384,23,1,16.443505
16384,24,1,35.197986
16384,25,1,34.696866
16384,26,1,31.338731
16384,27,1,29.651045
16384,28,1,21.521840
16384,29,1,18.581663
16384,30,1,25.011229
16384,31,1,51.842869
16384,32,1,91.691448
16384,1,1,7.916160
16384,2,1,8.058131
16384,3,1,12.252156
16384,4,1,7.527910
16384,5,1,8.673581
16384,6,1,8.954630
16384,7,1,9.861427
16384,8,1,9.454797
16384,9,1,9.939556
16384,10,1,9.341553
16384,11,1,8.457062
16384,12,1,9.973521
16384,13,1,19.538193
16384,14,1,19.820862
16384,15,1,15.603415
16384,16,1,34.895166
16384,17,1,32.886697
16384,18,1,11.194811
16384,19,1,10.751730
16384,20,1,14.951462
16384,21,1,15.630338
16384,22,1,36.904134
16384,23,1,20.142942
16384,24,1,29.845277
16384,25,1,62.633584
16384,26,1,29.816899
16384,27,1,73.388775
16384,28,1,27.353913
16384,29,1,226.915609
16384,30,1,39.172472
16384,31,1,28.819784
16384,32,1,51.833053
32768,1,1,15.951348
32768,2,1,16.467896
32768,3,1,16.137920
32768,4,1,15.131099
32768,5,1,13.578714
32768,6,1,14.209836
32768,7,1,18.059241
32768,8,1,15.558380
32768,9,1,15.046321
32768,10,1,17.166078
32768,11,1,12.416291
32768,12,1,12.262524
32768,13,1,14.249739
32768,14,1,12.713604
32768,15,1,21.480786
32768,16,1,13.857042
32768,17,1,20.099293
32768,18,1,14.234340
32768,19,1,22.931058
32768,20,1,12.594432
32768,21,1,93.825940
32768,22,1,44.972210
32768,23,1,13.723276
32768,24,1,13.022687
32768,25,1,11.579951
32768,26,1,32.954524
32768,27,1,26.601821
32768,28,1,23.670663
32768,29,1,81.453847
32768,30,1,22.839566
32768,31,1,70.865414
32768,32,1,97.642311
32768,1,1,17.506440
32768,2,1,18.267956
32768,3,1,17.860902
32768,4,1,17.156563
32768,5,1,14.323257
32768,6,1,15.812120
32768,7,1,11.087690
32768,8,1,12.527262
32768,9,1,19.214550
32768,10,1,14.254079
32768,11,1,12.311719
32768,12,1,13.690172
32768,13,1,13.983207
32768,14,1,17.574863
32768,15,1,21.750236
32768,16,1,11.385988
32768,17,1,13.400664
32768,18,1,18.099303
32768,19,1,20.272341
32768,20,1,13.230657
32768,21,1,16.213351
32768,22,1,23.052762
32768,23,1,76.499237
32768,24,1,30.828297
32768,25,1,15.223958
32768,26,1,38.778673
32768,27,1,63.729740
32768,28,1,32.923687
32768,29,1,20.669968
32768,30,1,22.549666
32768,31,1,56.689323
32768,32,1,99.341715
32768,1,1,15.416980
32768,2,1,13.416256
32768,3,1,14.878867
32768,4,1,17.571474
32768,5,1,12.133070
32768,6,1,15.926674
32768,7,1,14.930941
32768,8,1,13.634335
32768,9,1,12.057350
32768,10,1,14.651738
32768,11,1,38.464482
32768,12,1,19.898626
32768,13,1,32.226148
32768,14,1,30.444971
32768,15,1,18.797907
32768,16,1,14.833255
32768,17,1,10.537450
32768,18,1,13.670372
32768,19,1,161.551032
32768,20,1,15.001846
32768,21,1,31.601202
32768,22,1,15.049704
32768,23,1,30.529339
32768,24,1,85.156564
32768,25,1,54.336761
32768,26,1,85.150267
32768,27,1,16.527851
32768,28,1,27.793131
32768,29,1,56.644685
32768,30,1,46.536888
32768,31,1,53.774997
32768,32,1,64.352031
65536,1,1,26.445448
65536,2,1,24.618518
65536,3,1,23.879438
65536,4,1,22.771935
65536,5,1,24.331353
65536,6,1,17.494385
65536,7,1,24.786617
65536,8,1,19.481718
65536,9,1,20.336081
65536,10,1,19.289469
65536,11,1,32.048185
65536,12,1,32.424746
65536,13,1,16.220746
65536,14,1,17.941387
65536,15,1,16.950937
65536,16,1,15.796286
65536,17,1,43.239511
65536,18,1,15.688985
65536,19,1,85.272637
65536,20,1,17.449068
65536,21,1,35.443686
65536,22,1,15.858647
65536,23,1,22.067020
65536,24,1,80.704996
65536,25,1,20.746945
65536,26,1,20.841476
65536,27,1,28.936408
65536,28,1,33.284264
65536,29,1,48.117050
65536,30,1,76.564080
65536,31,1,34.360398
65536,32,1,78.129944
65536,1,1,27.119064
65536,2,1,23.099358
65536,3,1,26.050758
65536,4,1,25.765668
65536,5,1,22.625798
65536,6,1,21.161183
65536,7,1,18.323401
65536,8,1,20.137796
65536,9,1,16.064910
65536,10,1,21.372955
65536,11,1,20.657265
65536,12,1,22.120378
65536,13,1,13.145523
65536,14,1,16.770324
65536,15,1,17.024825
65536,16,1,40.023284
65536,17,1,15.456732
65536,18,1,58.354723
65536,19,1,71.564169
65536,20,1,66.722659
65536,21,1,53.010811
65536,22,1,21.933298
65536,23,1,33.272257
65536,24,1,74.162865
65536,25,1,146.496963
65536,26,1,25.924159
65536,27,1,17.835743
65536,28,1,44.956153
65536,29,1,59.717858
65536,30,1,203.171883
65536,31,1,52.897751
65536,32,1,136.480267
65536,1,1,19.484563
65536,2,1,21.734708
65536,3,1,22.711366
65536,4,1,17.722764
65536,5,1,20.005259
65536,6,1,21.314355
65536,7,1,20.056831
65536,8,1,27.848777
65536,9,1,17.839908
65536,10,1,33.332015
65536,11,1,40.921213
65536,12,1,72.345056
65536,13,1,21.135229
65536,14,1,51.633661
65536,15,1,41.663215
65536,16,1,25.581953
65536,17,1,65.261043
65536,18,1,34.131100
65536,19,1,65.104930
65536,20,1,17.872843
65536,21,1,45.893740
65536,22,1,14.516473
65536,23,1,65.310796
65536,24,1,54.660028
65536,25,1,17.020360
65536,26,1,14.719781
65536,27,1,15.383717
65536,28,1,26.303837
65536,29,1,36.999069
65536,30,1,42.875128
65536,31,1,80.991635
65536,32,1,72.724918
131072,1,1,49.439207
131072,2,1,46.286133
131072,3,1,42.265548
131072,4,1,43.587208
131072,5,1,32.526279
131072,6,1,31.891704
131072,7,1,26.128227
131072,8,1,24.122308
131072,9,1,50.464127
131072,10,1,72.553017
131072,11,1,26.332063
131072,12,1,32.403177
131072,13,1,99.506697
131072,14,1,74.932085
131072,15,1,24.984916
131072,16,1,23.553404
131072,17,1,26.377948
131072,18,1,25.536565
131072,19,1,64.191074
131072,20,1,64.981024
131072,21,1,129.072759
131072,22,1,23.566444
131072,23,1,27.429840
131072,24,1,104.286023
131072,25,1,30.950493
131072,26,1,27.202540
131072,27,1,22.097121
131072,28,1,63.997219
131072,29,1,34.629760
131072,30,1,82.995970
131072,31,1,44.754405
131072,32,1,120.859471
131072,1,1,48.429016
131072,2,1,46.502764
131072,3,1,40.690523
131072,4,1,39.797668
131072,5,1,38.936854
131072,6,1,34.262362
131072,7,1,36.965381
131072,8,1,49.536513
131072,9,1,33.517183
131072,10,1,30.667806
131072,11,1,27.663693
131072,12,1,30.729330
131072,13,1,41.068168
131072,14,1,59.006617
131072,15,1,27.180388
131072,16,1,23.197669
131072,17,1,38.448789
131072,18,1,98.933885
131072,19,1,39.035630
131072,20,1,34.214781
131072,21,1,116.299388
131072,22,1,25.416512
131072,23,1,22.302287
131072,24,1,22.894012
131072,25,1,25.480446
131072,26,1,28.919834
131072,27,1,43.074531
131072,28,1,27.103396
131072,29,1,68.102841
131072,30,1,105.853146
131072,31,1,25.646264
131072,32,1,161.605693
131072,1,1,49.261501
131072,2,1,45.599290
131072,3,1,43.785369
131072,4,1,57.179912
131072,5,1,32.874296
131072,6,1,43.374239
131072,7,1,38.442635
131072,8,1,33.515502
131072,9,1,32.630336
131072,10,1,26.904578
131072,11,1,28.328397
131072,12,1,123.893445
131072,13,1,44.748425
131072,14,1,34.549233
131072,15,1,42.967730
131072,16,1,27.416201
131072,17,1,25.620472
131072,18,1,24.051658
131072,19,1,23.638835
131072,20,1,29.198091
131072,21,1,24.176203
131072,22,1,27.589019
131072,23,1,25.723017
131072,24,1,36.271173
131072,25,1,61.532029
131072,26,1,32.795174
131072,27,1,71.858647
131072,28,1,145.994495
131072,29,1,30.820711
131072,30,1,90.497008
131072,31,1,185.012999
131072,32,1,204.729493
262144,1,1,69.323954
262144,2,1,63.711913
262144,3,1,69.383743
262144,4,1,59.873312
262144,5,1,63.121353
262144,6,1,48.500134
262144,7,1,38.827743
262144,8,1,43.448426
262144,9,1,44.514583
262144,10,1,34.401782
262144,11,1,35.586908
262144,12,1,40.204627
262144,13,1,43.547089
262144,14,1,39.319539
262144,15,1,50.173275
262144,16,1,40.155048
262144,17,1,40.310899
262144,18,1,106.529167
262144,19,1,35.383414
262144,20,1,56.586757
262144,21,1,36.690014
262144,22,1,28.176170
262144,23,1,87.131450
262144,24,1,32.499924
262144,25,1,38.015782
262144,26,1,61.892783
262144,27,1,33.662904
262144,28,1,52.474104
262144,29,1,157.272265
262144,30,1,113.028669
262144,31,1,141.159210
262144,32,1,138.160651
262144,1,1,94.271333
262144,2,1,102.725811
262144,3,1,75.380058
262144,4,1,69.267418
262144,5,1,68.826939
262144,6,1,58.501813
262144,7,1,51.158862
262144,8,1,53.573506
262144,9,1,104.527113
262144,10,1,39.000512
262144,11,1,33.148930
262144,12,1,37.270637
262144,13,1,33.554195
262144,14,1,38.957850
262144,15,1,33.627489
262144,16,1,30.793023
262144,17,1,43.007373
262144,18,1,58.021614
262144,19,1,83.186988
262144,20,1,113.455526
262144,21,1,33.109681
262144,22,1,96.854708
262144,23,1,28.023048
262144,24,1,89.610910
262144,25,1,184.336826
262144,26,1,40.376666
262144,27,1,83.781210
262144,28,1,224.933398
262144,29,1,55.137283
262144,30,1,48.886175
262144,31,1,239.504138
262144,32,1,77.060084
262144,1,1,73.100177
262144,2,1,73.336390
262144,3,1,60.254854
262144,4,1,70.003994
262144,5,1,59.459052
262144,6,1,52.366110
262144,7,1,36.139975
262144,8,1,41.378555
262144,9,1,57.649968
262144,10,1,44.693168
262144,11,1,114.475204
262144,12,1,31.535842
262144,13,1,36.166442
262144,14,1,101.386020
262144,15,1,41.553030
262144,16,1,39.306775
262144,17,1,50.132849
262144,18,1,39.605101
262144,19,1,35.859810
262144,20,1,78.881113
262144,21,1,38.228909
262144,22,1,37.366902
262144,23,1,71.387334
262144,24,1,34.267084
262144,25,1,33.598698
262144,26,1,34.772769
262144,27,1,50.500531
262144,28,1,97.609322
262144,29,1,56.262471
262144,30,1,186.252335
262144,31,1,115.630009
262144,32,1,85.969347
524288,1,1,163.142462
524288,2,1,127.549585
524288,3,1,114.848912
524288,4,1,102.256816
524288,5,1,109.796272
524288,6,1,84.014035
524288,7,1,85.418433
524288,8,1,85.233743
524288,9,1,71.589770
524288,10,1,69.426824
524288,11,1,63.763392
524288,12,1,101.889125
524288,13,1,135.105067
524288,14,1,85.268378
524288,15,1,99.755513
524288,16,1,137.557948
524288,17,1,121.269526
524288,18,1,149.186061
524288,19,1,127.202927
524288,20,1,52.147524
524288,21,1,209.458622
524288,22,1,64.090921
524288,23,1,58.836727
524288,24,1,79.635271
524288,25,1,74.768794
524288,26,1,56.620816
524288,27,1,47.801061
524288,28,1,51.004588
524288,29,1,110.740030
524288,30,1,79.366718
524288,31,1,153.400865
524288,32,1,109.122743
524288,1,1,132.356242
524288,2,1,127.340856
524288,3,1,112.776887
524288,4,1,100.716564
524288,5,1,118.446654
524288,6,1,85.352860
524288,7,1,94.301103
524288,8,1,97.441413
524288,9,1,74.552473
524288,10,1,161.281909
524288,11,1,174.025628
524288,12,1,58.128751
524288,13,1,94.423122
524288,14,1,63.091944
524288,15,1,172.050647
524288,16,1,101.223495
524288,17,1,63.222676
524288,18,1,107.923881
524288,19,1,56.115804
524288,20,1,79.144670
524288,21,1,88.045689
524288,22,1,113.756319
524288,23,1,126.974120
524288,24,1,76.456320
524288,25,1,48.886666
524288,26,1,50.650703
524288,27,1,158.873327
524288,28,1,58.593960
524288,29,1,71.502287
524288,30,1,73.376309
524288,31,1,122.347367
524288,32,1,84.958611
524288,1,1,135.340224
524288,2,1,125.190434
524288,3,1,117.231046
524288,4,1,108.842441
524288,5,1,80.529271
524288,6,1,104.661329
524288,7,1,72.387245
524288,8,1,71.224731
524288,9,1,82.266936
524288,10,1,79.137091
524288,11,1,139.950671
524288,12,1,58.752466
524288,13,1,55.602993
524288,14,1,202.614198
524288,15,1,105.908254
524288,16,1,62.860938
524288,17,1,146.248203
524288,18,1,66.646059
524288,19,1,50.562691
524288,20,1,54.053621
524288,21,1,57.812829
524288,22,1,50.729654
524288,23,1,55.280230
524288,24,1,48.786902
524288,25,1,54.743823
524288,26,1,45.919414
524288,27,1,199.583143
524288,28,1,52.264807
524288,29,1,186.280967
524288,30,1,47.555280
524288,31,1,75.991367
524288,32,1,123.647461
1048576,1,1,283.739506
1048576,2,1,260.642682
1048576,3,1,240.968425
1048576,4,1,314.794184
1048576,5,1,206.484450
1048576,6,1,270.272264
1048576,7,1,229.519297
1048576,8,1,165.315370
1048576,9,1,130.989676
1048576,10,1,119.522483
1048576,11,1,141.523445
1048576,12,1,141.952706
1048576,13,1,98.048278
1048576,14,1,129.135057
1048576,15,1,101.849132
1048576,16,1,135.502027
1048576,17,1,102.482357
1048576,18,1,198.600723
1048576,19,1,186.772363
1048576,20,1,100.089051
1048576,21,1,147.069010
1048576,22,1,124.530504
1048576,23,1,117.667335
1048576,24,1,99.290629
1048576,25,1,163.917644
1048576,26,1,130.658729
1048576,27,1,138.178792
1048576,28,1,181.944373
1048576,29,1,117.690251
1048576,30,1,127.431775
1048576,31,1,219.860358
1048576,32,1,202.163704
1048576,1,1,271.512806
1048576,2,1,283.851823
1048576,3,1,227.089823
1048576,4,1,205.739198
1048576,5,1,222.804571
1048576,6,1,182.936679
1048576,7,1,136.217391
1048576,8,1,177.946886
1048576,9,1,150.458420
1048576,10,1,182.421638
1048576,11,1,125.590912
1048576,12,1,119.015139
1048576,13,1,101.154244
1048576,14,1,121.602388
1048576,15,1,91.886256
1048576,16,1,87.534837
1048576,17,1,91.858696
1048576,18,1,99.999987
1048576,19,1,134.462955
1048576,20,1,108.747043
1048576,21,1,119.210308
1048576,22,1,142.973990
1048576,23,1,133.312040
1048576,24,1,217.292022
1048576,25,1,176.672721
1048576,26,1,90.227430
1048576,27,1,79.668710
1048576,28,1,174.514138
1048576,29,1,83.416547
1048576,30,1,182.390476
1048576,31,1,217.910817
1048576,32,1,134.771268
1048576,1,1,264.814636
1048576,2,1,266.702568
1048576,3,1,237.019065
1048576,4,1,269.764884
1048576,5,1,177.829218
1048576,6,1,175.848329
1048576,7,1,163.687128
1048576,8,1,128.209937
1048576,9,1,140.595428
1048576,10,1,128.132860
1048576,11,1,182.219843
1048576,12,1,137.262072
1048576,13,1,180.713329
1048576,14,1,188.704826
1048576,15,1,121.332960
1048576,16,1,90.961971
1048576,17,1,109.808212
1048576,18,1,109.255287
1048576,19,1,129.760136
1048576,20,1,177.908827
1048576,21,1,97.944051
1048576,22,1,85.491303
1048576,23,1,85.228734
1048576,24,1,83.937344
1048576,25,1,101.866803
1048576,26,1,122.946313
1048576,27,1,123.675958
1048576,28,1,97.895802
1048576,29,1,163.463483
1048576,30,1,127.042754
1048576,31,1,218.241112
1048576,32,1,186.212749
2097152,1,1,567.043573
2097152,2,1,649.250158
2097152,3,1,543.221349
2097152,4,1,515.822595
2097152,5,1,499.453481
2097152,6,1,289.832358
2097152,7,1,390.837191
2097152,8,1,254.284084
2097152,9,1,353.972745
2097152,10,1,274.838047
2097152,11,1,230.513498
2097152,12,1,206.010618
2097152,13,1,200.987145
2097152,14,1,219.510396
2097152,15,1,199.915603
2097152,16,1,176.304939
2097152,17,1,189.656539
2097152,18,1,201.740728
2097152,19,1,186.948900
2097152,20,1,182.503863
2097152,21,1,159.396941
2097152,22,1,174.230606
2097152,23,1,159.079884
2097152,24,1,166.018770
2097152,25,1,162.809630
2097152,26,1,156.465319
2097152,27,1,159.979559
2097152,28,1,201.735839
2097152,29,1,160.522216
2097152,30,1,170.655848
2097152,31,1,185.866444
2097152,32,1,207.523678
2097152,1,1,552.129521
2097152,2,1,653.313668
2097152,3,1,544.400907
2097152,4,1,675.945267
2097152,5,1,399.978166
2097152,6,1,274.778054
2097152,7,1,284.913915
2097152,8,1,322.935201
2097152,9,1,288.060338
2097152,10,1,208.308242
2097152,11,1,212.526566
2097152,12,1,199.050879
2097152,13,1,186.111469
2097152,14,1,222.866286
2097152,15,1,174.070282
2097152,16,1,225.830625
2097152,17,1,279.821129
2097152,18,1,234.668591
2097152,19,1,161.610234
2097152,20,1,204.838183
2097152,21,1,177.204193
2097152,22,1,210.000218
2097152,23,1,213.671152
2097152,24,1,208.477924
2097152,25,1,168.650334
2097152,26,1,156.558643
2097152,27,1,221.346892
2097152,28,1,136.829487
2097152,29,1,192.269420
2097152,30,1,133.040696
2097152,31,1,185.763902
2097152,32,1,167.750979
2097152,1,1,565.039156
2097152,2,1,651.079176
2097152,3,1,477.220317
2097152,4,1,526.360145
2097152,5,1,620.031309
2097152,6,1,388.172844
2097152,7,1,341.241834
2097152,8,1,275.524467
2097152,9,1,356.437766
2097152,10,1,207.414191
2097152,11,1,232.069570
2097152,12,1,204.152580
2097152,13,1,231.854217
2097152,14,1,176.424589
2097152,15,1,297.056275
2097152,16,1,206.871290
2097152,17,1,175.099493
2097152,18,1,184.636075
2097152,19,1,177.194287
2097152,20,1,240.721193
2097152,21,1,205.816150
2097152,22,1,169.484466
2097152,23,1,175.862959
2097152,24,1,182.964037
2097152,25,1,208.498028
2097152,26,1,140.198606
2097152,27,1,237.834888
2097152,28,1,163.949545
2097152,29,1,174.233695
2097152,30,1,144.623714
2097152,31,1,220.962409
2097152,32,1,207.440328
4194304,1,1,1178.760351
4194304,2,1,1388.717880
4194304,3,1,1143.294915
4194304,4,1,1016.133312
4194304,5,1,1055.357069
4194304,6,1,768.874341
4194304,7,1,743.851893
4194304,8,1,658.728593
4194304,9,1,753.349195
4194304,10,1,556.638842
4194304,11,1,528.500114
4194304,12,1,624.354667
4194304,13,1,411.382555
4194304,14,1,619.755863
4194304,15,1,445.113965
4194304,16,1,475.262371
4194304,17,1,409.528253
4194304,18,1,465.026421
4194304,19,1,447.213802
4194304,20,1,423.807266
4194304,21,1,326.663529
4194304,22,1,369.496461
4194304,23,1,346.015021
4194304,24,1,343.404679
4194304,25,1,356.672044
4194304,26,1,318.063753
4194304,27,1,289.262658
4194304,28,1,366.918125
4194304,29,1,432.163667
4194304,30,1,306.877960
4194304,31,1,344.791829
4194304,32,1,330.369649
4194304,1,1,1133.852005
4194304,2,1,1390.571594
4194304,3,1,1172.029660
4194304,4,1,1042.684108
4194304,5,1,921.864874
4194304,6,1,918.610531
4194304,7,1,823.416122
4194304,8,1,688.282591
4194304,9,1,671.192851
4194304,10,1,469.660271
4194304,11,1,663.596953
4194304,12,1,512.058140
4194304,13,1,467.121469
4194304,14,1,435.762716
4194304,15,1,403.959034
4194304,16,1,375.816412
4194304,17,1,556.909386
4194304,18,1,403.814333
4194304,19,1,417.050262
4194304,20,1,345.932906
4194304,21,1,410.091191
4194304,22,1,354.712670
4194304,23,1,334.254309
4194304,24,1,349.040264
4194304,25,1,351.554609
4194304,26,1,377.699960
4194304,27,1,327.284987
4194304,28,1,329.178975
4194304,29,1,401.545877
4194304,30,1,303.487138
4194304,31,1,300.655478
4194304,32,1,355.825469
4194304,1,1,1172.465633
4194304,2,1,1397.710891
4194304,3,1,1844.932720
4194304,4,1,1115.237560
4194304,5,1,1104.618731
4194304,6,1,764.570601
4194304,7,1,610.680741
4194304,8,1,711.242354
4194304,9,1,558.944244
4194304,10,1,524.674734
4194304,11,1,517.017620
4194304,12,1,449.502595
4194304,13,1,535.141898
4194304,14,1,428.290928
4194304,15,1,448.754365
4194304,16,1,398.857141
4194304,17,1,391.936117
4194304,18,1,426.700358
4194304,19,1,333.973954
4194304,20,1,382.877138
4194304,21,1,315.469144
4194304,22,1,365.468635
4194304,23,1,337.060232
4194304,24,1,307.716379
4194304,25,1,342.161107
4194304,26,1,349.893576
4194304,27,1,358.846842
4194304,28,1,314.054970
4194304,29,1,303.839666
4194304,30,1,359.362569
4194304,31,1,297.768266
4194304,32,1,285.690430
