1024,1,1,2.790501
1024,2,1,3.153934
1024,3,1,3.428521
1024,4,1,2.985329
1024,5,1,3.391535
1024,6,1,5.133290
1024,7,1,4.288857
1024,8,1,4.140052
1024,9,1,6.550521
1024,10,1,4.936227
1024,11,1,5.226619
1024,12,1,5.473814
1024,13,1,13.400420
1024,14,1,14.092587
1024,15,1,26.087665
1024,16,1,29.236171
1024,17,1,37.747392
1024,18,1,52.324317
1024,19,1,7.773573
1024,20,1,10.578210
1024,21,1,8.285221
1024,22,1,10.946656
1024,23,1,17.068932
1024,24,1,13.074600
1024,25,1,30.337590
1024,26,1,17.550703
1024,27,1,20.795199
1024,28,1,20.707740
1024,29,1,22.336080
1024,30,1,29.681232
1024,31,1,47.317105
1024,32,1,58.383175
1024,1,1,2.504368
1024,2,1,3.015626
1024,3,1,3.262062
1024,4,1,3.407727
1024,5,1,3.614635
1024,6,1,4.391315
1024,7,1,9.431030
1024,8,1,4.143135
1024,9,1,8.122023
1024,10,1,4.776080
1024,11,1,7.242080
1024,12,1,6.957371
1024,13,1,23.149919
1024,14,1,29.673440
1024,15,1,15.711848
1024,16,1,7.014436
1024,17,1,30.472510
1024,18,1,35.681572
1024,19,1,29.026624
1024,20,1,9.646291
1024,21,1,10.265083
1024,22,1,53.111161
1024,23,1,11.392096
1024,24,1,13.178706
1024,25,1,34.431346
1024,26,1,8.703776
1024,27,1,11.133910
1024,28,1,14.679397
1024,29,1,41.943851
1024,30,1,16.164927
1024,31,1,61.057633
1024,32,1,31.677136
1024,1,1,2.301928
1024,2,1,3.048094
1024,3,1,3.205010
1024,4,1,3.367039
1024,5,1,4.025675
1024,6,1,3.508901
1024,7,1,10.074053
1024,8,1,5.078013
1024,9,1,5.258326
1024,10,1,4.582709
1024,11,1,5.063946
1024,12,1,8.374718
1024,13,1,33.645893
1024,14,1,37.209460
1024,15,1,5.786340
1024,16,1,13.393047
1024,17,1,46.275084
1024,18,1,13.374813
1024,19,1,14.412987
1024,20,1,11.741560
1024,21,1,11.341385
1024,22,1,10.431321
1024,23,1,11.559533
1024,24,1,40.255258
1024,25,1,14.149432
1024,26,1,50.920566
1024,27,1,26.530669
1024,28,1,21.479895
1024,29,1,28.732946
1024,30,1,31.213751
1024,31,1,59.352781
1024,32,1,116.959650
2048,1,1,3.106247
2048,2,1,3.529820
2048,3,1,3.966141
2048,4,1,3.281232
2048,5,1,4.475572
2048,6,1,3.982958
2048,7,1,4.401517
2048,8,1,4.231412
2048,9,1,5.812446
2048,10,1,9.018939
2048,11,1,6.016963
2048,12,1,13.419084
2048,13,1,17.218821
2048,14,1,34.715588
2048,15,1,8.268985
2048,16,1,14.659539
2048,17,1,25.751435
2048,18,1,31.993273
2048,19,1,14.822847
2048,20,1,19.088792
2048,21,1,32.741389
2048,22,1,19.771441
2048,23,1,12.862280
2048,24,1,18.956143
2048,25,1,18.073542
2048,26,1,19.487617
2048,27,1,19.874369
2048,28,1,18.563359
2048,29,1,30.333115
2048,30,1,65.295377
2048,31,1,51.443190
2048,32,1,59.302465
2048,1,1,2.989419
2048,2,1,3.431341
2048,3,1,3.279093
2048,4,1,3.735559
2048,5,1,3.952919
2048,6,1,4.688543
2048,7,1,3.925489
2048,8,1,5.856559
2048,9,1,4.815812
2048,10,1,4.984483
2048,11,1,5.696776
2048,12,1,5.756707
2048,13,1,5.481749
2048,14,1,7.105616
2048,15,1,6.549388
2048,16,1,8.891591
2048,17,1,6.854181
2048,18,1,10.828001
2048,19,1,19.135545
2048,20,1,57.833230
2048,21,1,11.666912
2048,22,1,15.171885
2048,23,1,10.465507
2048,24,1,34.613911
2048,25,1,23.389783
2048,26,1,30.432310
2048,27,1,19.262696
2048,28,1,51.769963
2048,29,1,22.191252
2048,30,1,49.354601
2048,31,1,35.995831
2048,32,1,23.532399
2048,1,1,2.977831
2048,2,1,3.366802
2048,3,1,3.528646
2048,4,1,3.632040
2048,5,1,3.820024
2048,6,1,4.851381
2048,7,1,4.074653
2048,8,1,7.805772
2048,9,1,4.650305
2048,10,1,4.935586
2048,11,1,5.349686
2048,12,1,4.705543
2048,13,1,6.465285
2048,14,1,6.977286
2048,15,1,7.144043
2048,16,1,7.837376
2048,17,1,20.898393
2048,18,1,30.743953
2048,19,1,10.729264
2048,20,1,9.125982
2048,21,1,20.493367
2048,22,1,11.802113
2048,23,1,76.536712
2048,24,1,17.101434
2048,25,1,22.836045
2048,26,1,20.771540
2048,27,1,51.654127
2048,28,1,16.529947
2048,29,1,20.392001
2048,30,1,15.578047
2048,31,1,62.043070
2048,32,1,65.499738
4096,1,1,4.144627
4096,2,1,4.733490
4096,3,1,4.671831
4096,4,1,5.276599
4096,5,1,5.902139
4096,6,1,5.462403
4096,7,1,5.426109
4096,8,1,5.277245
4096,9,1,5.747035
4096,10,1,5.313840
4096,11,1,5.899389
4096,12,1,6.512842
4096,13,1,5.761208
4096,14,1,6.884705
4096,15,1,10.308023
4096,16,1,6.147447
4096,17,1,7.466208
4096,18,1,8.832181
4096,19,1,29.590106
4096,20,1,13.601231
4096,21,1,42.479392
4096,22,1,26.507769
4096,23,1,34.010523
4096,24,1,72.195846
4096,25,1,42.884397
4096,26,1,54.154237
4096,27,1,29.205940
4096,28,1,15.827811
4096,29,1,21.517964
4096,30,1,20.464222
4096,31,1,80.673138
4096,32,1,36.850234
4096,1,1,3.790903
4096,2,1,4.372884
4096,3,1,4.694276
4096,4,1,4.875453
4096,5,1,4.649490
4096,6,1,7.703228
4096,7,1,6.924986
4096,8,1,6.603765
4096,9,1,5.166874
4096,10,1,6.297024
4096,11,1,5.888874
4096,12,1,8.344823
4096,13,1,8.150663
4096,14,1,7.303408
4096,15,1,6.389474
4096,16,1,6.846313
4096,17,1,8.540643
4096,18,1,14.686391
4096,19,1,11.608541
4096,20,1,10.643200
4096,21,1,11.306929
4096,22,1,12.367810
4096,23,1,55.326003
4096,24,1,14.402343
4096,25,1,21.525535
4096,26,1,37.016442
4096,27,1,193.657663
4096,28,1,33.518928
4096,29,1,33.653712
4096,30,1,26.565402
4096,31,1,49.219396
4096,32,1,60.931909
4096,1,1,3.931686
4096,2,1,4.665980
4096,3,1,4.455685
4096,4,1,5.433129
4096,5,1,5.519601
4096,6,1,4.771264
4096,7,1,4.924655
4096,8,1,5.100732
4096,9,1,5.782022
4096,10,1,13.843552
4096,11,1,7.537912
4096,12,1,6.278781
4096,13,1,22.485540
4096,14,1,35.032076
4096,15,1,17.830395
4096,16,1,10.771907
4096,17,1,11.170639
4096,18,1,67.525262
4096,19,1,31.986727
4096,20,1,33.945736
4096,21,1,47.971775
4096,22,1,11.192123
4096,23,1,45.082715
4096,24,1,10.600208
4096,25,1,38.310598
4096,26,1,28.383800
4096,27,1,31.076047
4096,28,1,78.375970
4096,29,1,50.953330
4096,30,1,32.597718
4096,31,1,65.631400
4096,32,1,36.079621
8192,1,1,6.193492
8192,2,1,6.918998
8192,3,1,5.874955
8192,4,1,7.796483
8192,5,1,6.792082
8192,6,1,7.096093
8192,7,1,6.815873
8192,8,1,7.436990
8192,9,1,7.463498
8192,10,1,6.421391
8192,11,1,6.685089
8192,12,1,21.568679
8192,13,1,14.242690
8192,14,1,7.366848
8192,15,1,16.018926
8192,16,1,8.175624
8192,17,1,7.812900
8192,18,1,60.654540
8192,19,1,16.224304
8192,20,1,25.200195
8192,21,1,16.868433
8192,22,1,9.807507
8192,23,1,35.533293
8192,24,1,10.678477
8192,25,1,24.034054
8192,26,1,20.744579
8192,27,1,18.603481
8192,28,1,56.843786
8192,29,1,44.821822
8192,30,1,50.337509
8192,31,1,36.857857
8192,32,1,24.142453
8192,1,1,6.742530
8192,2,1,6.002819
8192,3,1,7.264845
8192,4,1,10.078395
8192,5,1,7.400783
8192,6,1,6.545207
8192,7,1,6.713918
8192,8,1,6.893580
8192,9,1,6.542003
8192,10,1,7.496818
8192,11,1,7.375212
8192,12,1,8.400428
8192,13,1,7.786930
8192,14,1,9.913856
8192,15,1,8.429397
8192,16,1,20.597474
8192,17,1,11.515917
8192,18,1,11.211758
8192,19,1,14.511631
8192,20,1,7.585366
8192,21,1,13.410869
8192,22,1,39.300668
8192,23,1,82.968652
8192,24,1,57.749837
8192,25,1,48.284228
8192,26,1,56.914087
8192,27,1,27.345630
8192,28,1,18.868918
8192,29,1,26.335076
8192,30,1,34.291988
8192,31,1,20.041557
8192,32,1,48.943737
8192,1,1,6.487936
8192,2,1,7.083095
8192,3,1,6.699609
8192,4,1,7.679089
8192,5,1,7.369427
8192,6,1,6.097087
8192,7,1,10.813412
8192,8,1,7.090162
8192,9,1,7.238791
8192,10,1,7.516757
8192,11,1,8.051671
8192,12,1,7.286968
8192,13,1,7.838792
8192,14,1,18.799739
8192,15,1,7.652381
8192,16,1,7.154139
8192,17,1,21.377086
8192,18,1,12.781238
8192,19,1,8.343173
8192,20,1,27.893558
8192,21,1,64.771346
8192,22,1,13.591179
8192,23,1,17.799589
8192,24,1,35.393293
8192,25,1,19.517856
8192,26,1,12.977896
8192,27,1,68.615049
8192,28,1,15.773619
8192,29,1,48.469102
8192,30,1,73.974470
8192,31,1,56.903988
8192,32,1,146.798872
16384,1,1,11.886811
16384,2,1,11.238122
16384,3,1,11.299218
16384,4,1,11.038965
16384,5,1,11.330482
16384,6,1,9.681476
16384,7,1,9.177065
16384,8,1,10.951352
16384,9,1,9.887566
16384,10,1,8.791647
16384,11,1,8.540970
16384,12,1,12.733448
16384,13,1,11.442519
16384,14,1,25.110107
16384,15,1,16.713991
16384,16,1,11.099043
16384,17,1,9.718137
16384,18,1,12.921870
16384,19,1,32.095864
16384,20,1,14.264003
16384,21,1,48.380153
16384,22,1,45.168200
16384,23,1,41.930827
16384,24,1,29.584567
16384,25,1,25.389235
16384,26,1,54.898969
16384,27,1,48.664080
16384,28,1,38.223872
16384,29,1,43.668860
16384,30,1,39.965639
16384,31,1,63.819054
16384,32,1,49.444702
16384,1,1,11.422508
16384,2,1,10.843020
16384,3,1,12.550817
16384,4,1,11.929254
16384,5,1,13.424248
16384,6,1,8.775865
16384,7,1,11.031416
16384,8,1,10.455477
16384,9,1,9.850173
16384,10,1,8.680534
16384,11,1,9.501617
16384,12,1,10.074442
16384,13,1,9.380096
16384,14,1,33.314629
16384,15,1,14.884275
16384,16,1,13.239272
16384,17,1,12.937338
16384,18,1,21.210882
16384,19,1,9.920235
16384,20,1,12.512451
16384,21,1,10.271849
16384,22,1,18.461520
16384,23,1,11.476653
16384,24,1,72.417658
16384,25,1,31.823685
16384,26,1,21.982194
16384,27,1,14.540321
16384,28,1,33.547349
16384,29,1,23.785934
16384,30,1,39.755517
16384,31,1,65.002783
16384,32,1,69.832385
16384,1,1,8.159113
16384,2,1,11.294506
16384,3,1,11.198537
16384,4,1,10.903294
16384,5,1,11.485600
16384,6,1,10.403853
16384,7,1,9.690935
16384,8,1,8.819775
16384,9,1,9.185540
16384,10,1,14.178560
16384,11,1,9.712400
16384,12,1,8.726716
16384,13,1,12.121000
16384,14,1,40.959321
16384,15,1,70.305834
16384,16,1,32.090489
16384,17,1,16.620864
16384,18,1,13.369480
16384,19,1,17.070505
16384,20,1,16.076898
16384,21,1,41.830205
16384,22,1,10.310459
16384,23,1,10.952325
16384,24,1,11.765692
16384,25,1,18.613434
16384,26,1,19.449264
16384,27,1,38.200978
16384,28,1,31.151420
16384,29,1,87.136527
16384,30,1,103.900753
16384,31,1,78.045119
16384,32,1,55.090197
32768,1,1,15.201462
32768,2,1,17.558789
32768,3,1,17.562992
32768,4,1,18.684676
32768,5,1,13.843691
32768,6,1,13.487111
32768,7,1,15.121443
32768,8,1,16.081571
32768,9,1,12.472029
32768,10,1,13.420160
32768,11,1,61.251348
32768,12,1,14.321412
32768,13,1,12.703200
32768,14,1,14.780956
32768,15,1,17.885264
32768,16,1,45.319463
32768,17,1,25.864752
32768,18,1,46.407224
32768,19,1,17.793284
32768,20,1,13.055410
32768,21,1,15.803597
32768,22,1,36.619561
32768,23,1,76.627839
32768,24,1,15.583357
32768,25,1,20.079151
32768,26,1,35.597587
32768,27,1,16.243723
32768,28,1,57.024692
32768,29,1,30.472316
32768,30,1,54.646838
32768,31,1,30.175615
32768,32,1,73.263611
32768,1,1,13.386868
32768,2,1,17.467128
32768,3,1,16.204910
32768,4,1,18.372879
32768,5,1,16.837767
32768,6,1,14.226650
32768,7,1,13.696812
32768,8,1,18.800642
32768,9,1,16.519007
32768,10,1,25.805766
32768,11,1,18.718247
32768,12,1,12.441472
32768,13,1,12.089143
32768,14,1,20.163392
32768,15,1,81.724359
32768,16,1,13.366506
32768,17,1,12.943825
32768,18,1,19.668740
32768,19,1,14.422964
32768,20,1,17.806656
32768,21,1,14.500185
32768,22,1,65.640665
32768,23,1,83.815901
32768,24,1,24.217126
32768,25,1,23.053558
32768,26,1,60.494725
32768,27,1,38.779088
32768,28,1,26.560231
32768,29,1,17.027800
32768,30,1,25.773116
32768,31,1,70.754831
32768,32,1,93.207939
32768,1,1,15.119025
32768,2,1,17.944012
32768,3,1,18.208725
32768,4,1,19.381340
32768,5,1,14.279246
32768,6,1,15.676406
32768,7,1,17.287234
32768,8,1,14.503034
32768,9,1,14.535880
32768,10,1,11.221115
32768,11,1,11.990390
32768,12,1,13.675797
32768,13,1,19.339255
32768,14,1,10.665715
32768,15,1,44.936634
32768,16,1,14.772856
32768,17,1,12.811591
32768,18,1,11.725074
32768,19,1,15.099310
32768,20,1,55.640097
32768,21,1,22.399948
32768,22,1,17.055207
32768,23,1,22.093678
32768,24,1,23.892851
32768,25,1,28.013930
32768,26,1,47.271784
32768,27,1,25.282901
32768,28,1,14.843604
32768,29,1,85.255210
32768,30,1,26.121408
32768,31,1,45.978120
32768,32,1,63.104687
65536,1,1,24.715952
65536,2,1,28.397209
65536,3,1,30.832691
65536,4,1,26.909878
65536,5,1,20.012729
65536,6,1,27.058972
65536,7,1,16.438939
65536,8,1,25.249595
65536,9,1,20.474391
65536,10,1,25.075714
65536,11,1,16.340476
65536,12,1,16.622833
65536,13,1,16.003616
65536,14,1,19.037435
65536,15,1,15.523709
65536,16,1,21.454524
65536,17,1,42.680165
65536,18,1,56.579352
65536,19,1,28.586728
65536,20,1,68.305940
65536,21,1,61.878154
65536,22,1,14.365330
65536,23,1,19.164948
65536,24,1,68.415711
65536,25,1,65.857895
65536,26,1,34.858593
65536,27,1,26.126043
65536,28,1,182.706702
65536,29,1,16.793334
65536,30,1,62.670293
65536,31,1,24.096329
65536,32,1,37.775878
65536,1,1,28.129002
65536,2,1,27.033616
65536,3,1,26.034018
65536,4,1,28.397664
65536,5,1,23.630184
65536,6,1,24.238116
65536,7,1,18.627320
65536,8,1,18.794218
65536,9,1,21.206220
65536,10,1,15.332502
65536,11,1,25.963585
65536,12,1,17.699425
65536,13,1,16.736601
65536,14,1,16.145833
65536,15,1,15.845422
65536,16,1,20.001882
65536,17,1,53.403832
65536,18,1,21.196622
65536,19,1,20.325229
65536,20,1,17.159061
65536,21,1,26.710233
65536,22,1,18.729881
65536,23,1,32.611011
65536,24,1,152.743217
65536,25,1,178.035980
65536,26,1,30.454194
65536,27,1,29.269481
65536,28,1,28.026259
65536,29,1,27.061341
65536,30,1,65.849947
65536,31,1,50.116421
65536,32,1,52.688073
65536,1,1,21.882176
65536,2,1,24.449992
65536,3,1,25.700174
65536,4,1,19.172371
65536,5,1,22.080161
65536,6,1,21.618387
65536,7,1,22.255476
65536,8,1,19.637399
65536,9,1,25.206782
65536,10,1,29.067804
65536,11,1,17.512893
65536,12,1,27.629470
65536,13,1,13.575162
65536,14,1,55.597296
65536,15,1,64.227352
65536,16,1,30.065972
65536,17,1,31.354364
65536,18,1,25.559511
65536,19,1,54.794469
65536,20,1,113.758423
65536,21,1,55.581571
65536,22,1,35.524780
65536,23,1,23.862071
65536,24,1,46.675201
65536,25,1,20.612276
65536,26,1,63.025705
65536,27,1,28.432118
65536,28,1,30.988028
65536,29,1,101.167373
65536,30,1,40.371486
65536,31,1,75.092536
65536,32,1,24.472394
131072,1,1,48.369383
131072,2,1,44.286286
131072,3,1,43.988095
131072,4,1,34.746966
131072,5,1,53.136218
131072,6,1,36.405509
131072,7,1,32.654491
131072,8,1,27.787522
131072,9,1,36.907276
131072,10,1,28.751295
131072,11,1,35.858391
131072,12,1,49.158411
131072,13,1,74.749619
131072,14,1,42.202513
131072,15,1,35.344315
131072,16,1,20.215646
131072,17,1,21.349179
131072,18,1,27.834731
131072,19,1,29.418296
131072,20,1,107.741380
131072,21,1,79.871044
131072,22,1,52.136615
131072,23,1,22.917475
131072,24,1,21.049479
131072,25,1,25.649867
131072,26,1,37.534528
131072,27,1,71.258562
131072,28,1,47.367527
131072,29,1,60.225203
131072,30,1,79.996497
131072,31,1,35.087521
131072,32,1,96.259018
131072,1,1,45.737498
131072,2,1,47.192294
131072,3,1,42.632142
131072,4,1,38.556904
131072,5,1,36.884825
131072,6,1,33.259574
131072,7,1,32.689651
131072,8,1,34.684155
131072,9,1,29.499117
131072,10,1,27.305542
131072,11,1,25.346251
131072,12,1,25.519433
131072,13,1,34.535433
131072,14,1,27.783501
131072,15,1,59.482521
131072,16,1,31.466464
131072,17,1,47.465831
131072,18,1,59.252343
131072,19,1,127.650257
131072,20,1,64.634984
131072,21,1,28.878756
131072,22,1,33.923503
131072,23,1,26.272266
131072,24,1,25.272433
131072,25,1,30.404442
131072,26,1,36.631562
131072,27,1,27.966667
131072,28,1,62.331862
131072,29,1,85.879139
131072,30,1,129.755405
131072,31,1,39.681902
131072,32,1,214.414511
131072,1,1,45.839534
131072,2,1,46.619597
131072,3,1,43.110677
131072,4,1,38.704212
131072,5,1,33.338470
131072,6,1,32.273607
131072,7,1,35.456736
131072,8,1,31.225663
131072,9,1,34.666649
131072,10,1,24.176880
131072,11,1,28.519723
131072,12,1,24.952758
131072,13,1,29.583896
131072,14,1,29.131725
131072,15,1,26.777983
131072,16,1,24.280449
131072,17,1,34.278780
131072,18,1,26.738522
131072,19,1,43.318269
131072,20,1,27.957427
131072,21,1,24.861183
131072,22,1,71.450362
131072,23,1,22.595826
131072,24,1,68.340123
131072,25,1,115.461847
131072,26,1,89.044898
131072,27,1,86.339865
131072,28,1,128.120139
131072,29,1,64.986135
131072,30,1,98.784836
131072,31,1,70.337582
131072,32,1,80.367371
262144,1,1,64.821908
262144,2,1,67.629414
262144,3,1,66.295264
262144,4,1,71.060874
262144,5,1,57.464602
262144,6,1,54.251581
262144,7,1,48.304776
262144,8,1,49.106005
262144,9,1,37.948615
262144,10,1,30.615028
262144,11,1,33.358949
262144,12,1,30.660208
262144,13,1,31.440987
262144,14,1,30.368611
262144,15,1,75.958299
262144,16,1,60.933004
262144,17,1,56.366724
262144,18,1,34.921697
262144,19,1,47.905382
262144,20,1,98.017841
262144,21,1,31.626090
262144,22,1,44.507557
262144,23,1,82.066917
262144,24,1,45.990784
262144,25,1,71.994250
262144,26,1,75.764099
262144,27,1,123.418505
262144,28,1,95.257445
262144,29,1,39.468546
262144,30,1,111.326233
262144,31,1,92.520972
262144,32,1,102.964951
262144,1,1,89.235124
262144,2,1,88.103179
262144,3,1,74.789085
262144,4,1,85.375655
262144,5,1,81.577518
262144,6,1,49.887637
262144,7,1,50.889361
262144,8,1,45.811968
262144,9,1,50.657068
262144,10,1,38.880522
262144,11,1,84.671695
262144,12,1,37.066884
262144,13,1,35.543343
262144,14,1,47.221754
262144,15,1,30.750389
262144,16,1,32.357326
262144,17,1,43.079757
262144,18,1,36.803887
262144,19,1,36.091350
262144,20,1,31.994312
262144,21,1,29.883606
262144,22,1,77.646074
262144,23,1,33.014871
262144,24,1,69.072441
262144,25,1,31.350187
262144,26,1,32.486080
262144,27,1,76.146096
262144,28,1,113.446284
262144,29,1,123.362560
262144,30,1,52.013071
262144,31,1,229.387240
262144,32,1,98.991016
262144,1,1,69.839580
262144,2,1,68.242969
262144,3,1,59.969558
262144,4,1,68.262834
262144,5,1,60.119573
262144,6,1,59.749427
262144,7,1,44.834823
262144,8,1,43.640560
262144,9,1,43.197347
262144,10,1,40.211620
262144,11,1,37.858311
262144,12,1,41.871803
262144,13,1,39.044624
262144,14,1,40.160240
262144,15,1,87.952817
262144,16,1,32.290434
262144,17,1,118.467784
262144,18,1,189.034022
262144,19,1,33.451815
262144,20,1,80.103898
262144,21,1,56.413040
262144,22,1,68.609952
262144,23,1,36.050619
262144,24,1,37.724417
262144,25,1,53.965931
262144,26,1,54.818176
262144,27,1,91.407870
262144,28,1,99.000006
262144,29,1,52.325253
262144,30,1,39.124577
262144,31,1,64.127833
262144,32,1,102.104738
524288,1,1,184.430149
524288,2,1,133.192578
524288,3,1,121.844532
524288,4,1,138.979933
524288,5,1,79.489631
524288,6,1,74.161582
524288,7,1,89.513087
524288,8,1,74.854362
524288,9,1,60.496447
524288,10,1,56.511788
524288,11,1,60.848463
524288,12,1,63.450009
524288,13,1,127.326249
524288,14,1,132.631146
524288,15,1,123.715702
524288,16,1,106.613918
524288,17,1,70.939562
524288,18,1,59.567144
524288,19,1,139.261773
524288,20,1,124.197138
524288,21,1,156.113029
524288,22,1,174.747453
524288,23,1,202.128820
524288,24,1,50.898390
524288,25,1,172.881677
524288,26,1,64.343950
524288,27,1,53.010367
524288,28,1,54.483947
524288,29,1,49.365586
524288,30,1,85.922078
524288,31,1,112.569661
524288,32,1,170.280597
524288,1,1,130.868475
524288,2,1,135.528070
524288,3,1,118.845603
524288,4,1,124.026620
524288,5,1,124.410285
524288,6,1,98.419243
524288,7,1,102.748628
524288,8,1,95.811131
524288,9,1,88.703885
524288,10,1,58.606413
524288,11,1,72.555371
524288,12,1,53.861129
524288,13,1,59.250155
524288,14,1,112.545804
524288,15,1,56.367177
524288,16,1,58.474715
524288,17,1,156.780702
524288,18,1,46.279424
524288,19,1,47.736755
524288,20,1,129.315203
524288,21,1,108.502873
524288,22,1,72.950679
524288,23,1,121.298701
524288,24,1,80.607513
524288,25,1,97.758019
524288,26,1,51.273955
524288,27,1,82.484358
524288,28,1,51.498115
524288,29,1,213.775802
524288,30,1,123.039791
524288,31,1,112.094697
524288,32,1,67.473717
524288,1,1,139.265837
524288,2,1,126.268682
524288,3,1,117.851370
524288,4,1,130.345560
524288,5,1,82.385502
524288,6,1,98.687916
524288,7,1,77.618906
524288,8,1,81.728681
524288,9,1,76.850525
524288,10,1,67.580938
524288,11,1,70.240272
524288,12,1,62.884349
524288,13,1,62.944640
524288,14,1,62.768070
524288,15,1,66.276419
524288,16,1,62.688639
524288,17,1,56.739429
524288,18,1,57.476683
524288,19,1,56.475967
524288,20,1,73.867481
524288,21,1,53.080666
524288,22,1,108.325396
524288,23,1,168.408291
524288,24,1,50.029138
524288,25,1,163.764670
524288,26,1,52.266506
524288,27,1,65.773557
524288,28,1,128.799852
524288,29,1,83.455969
524288,30,1,173.993137
524288,31,1,113.290296
524288,32,1,195.549278
1048576,1,1,260.252422
1048576,2,1,266.061279
1048576,3,1,225.801097
1048576,4,1,263.373773
1048576,5,1,210.354152
1048576,6,1,184.641852
1048576,7,1,152.978776
1048576,8,1,145.194240
1048576,9,1,122.114138
1048576,10,1,132.934670
1048576,11,1,111.746127
1048576,12,1,142.642599
1048576,13,1,131.922778
1048576,14,1,113.719610
1048576,15,1,127.896638
1048576,16,1,109.251019
1048576,17,1,372.098567
1048576,18,1,109.280711
1048576,19,1,117.464424
1048576,20,1,114.702180
1048576,21,1,115.367432
1048576,22,1,141.728632
1048576,23,1,88.653241
1048576,24,1,138.363455
1048576,25,1,173.146561
1048576,26,1,111.947718
1048576,27,1,155.769676
1048576,28,1,93.154231
1048576,29,1,127.679103
1048576,30,1,79.885988
1048576,31,1,115.971997
1048576,32,1,133.345273
1048576,1,1,279.087497
1048576,2,1,279.019886
1048576,3,1,207.650392
1048576,4,1,252.076274
1048576,5,1,193.663893
1048576,6,1,157.956329
1048576,7,1,177.649478
1048576,8,1,162.956938
1048576,9,1,143.394607
1048576,10,1,127.039571
1048576,11,1,112.560173
1048576,12,1,103.743783
1048576,13,1,124.323807
1048576,14,1,108.524449
1048576,15,1,101.498910
1048576,16,1,97.869952
1048576,17,1,108.868553
1048576,18,1,117.721927
1048576,19,1,111.488702
1048576,20,1,153.884705
1048576,21,1,124.360933
1048576,22,1,162.678766
1048576,23,1,193.768064
1048576,24,1,143.627287
1048576,25,1,99.001084
1048576,26,1,109.347504
1048576,27,1,88.525554
1048576,28,1,127.474624
1048576,29,1,97.139173
1048576,30,1,214.460016
1048576,31,1,258.941890
1048576,32,1,223.550367
1048576,1,1,276.242618
1048576,2,1,273.064695
1048576,3,1,225.517813
1048576,4,1,216.151877
1048576,5,1,171.065842
1048576,6,1,195.243351
1048576,7,1,195.289965
1048576,8,1,130.751774
1048576,9,1,122.779284
1048576,10,1,122.913213
1048576,11,1,150.479557
1048576,12,1,201.516640
1048576,13,1,91.198699
1048576,14,1,101.083995
1048576,15,1,256.241354
1048576,16,1,109.613952
1048576,17,1,91.494761
1048576,18,1,131.505660
1048576,19,1,136.514680
1048576,20,1,126.241881
1048576,21,1,101.895772
1048576,22,1,117.186229
1048576,23,1,85.879376
1048576,24,1,102.425550
1048576,25,1,129.903960
1048576,26,1,82.874165
1048576,27,1,177.480415
1048576,28,1,143.930441
1048576,29,1,100.965462
1048576,30,1,113.241114
1048576,31,1,100.982153
1048576,32,1,189.057500
2097152,1,1,536.530451
2097152,2,1,643.726040
2097152,3,1,553.110733
2097152,4,1,283.452138
2097152,5,1,348.248749
2097152,6,1,391.998671
2097152,7,1,342.650513
2097152,8,1,314.209781
2097152,9,1,326.066644
2097152,10,1,238.478078
2097152,11,1,224.189664
2097152,12,1,238.730639
2097152,13,1,234.197672
2097152,14,1,225.659306
2097152,15,1,224.127776
2097152,16,1,205.565193
2097152,17,1,220.402784
2097152,18,1,275.909382
2097152,19,1,198.757614
2097152,20,1,186.326348
2097152,21,1,173.549338
2097152,22,1,216.988662
2097152,23,1,149.487760
2097152,24,1,230.767830
2097152,25,1,169.218362
2097152,26,1,177.944924
2097152,27,1,178.352222
2097152,28,1,240.825662
2097152,29,1,148.144329
2097152,30,1,231.588074
2097152,31,1,228.967767
2097152,32,1,146.133366
2097152,1,1,548.665394
2097152,2,1,642.912961
2097152,3,1,519.845287
2097152,4,1,586.588522
2097152,5,1,440.129444
2097152,6,1,261.526792
2097152,7,1,321.053685
2097152,8,1,403.535581
2097152,9,1,279.213676
2097152,10,1,283.094489
2097152,11,1,287.424045
2097152,12,1,231.274664
2097152,13,1,207.934407
2097152,14,1,216.538241
2097152,15,1,269.768606
2097152,16,1,203.943112
2097152,17,1,176.377685
2097152,18,1,182.523633
2097152,19,1,174.362590
2097152,20,1,214.363991
2097152,21,1,187.812287
2097152,22,1,218.350005
2097152,23,1,184.326536
2097152,24,1,223.145647
2097152,25,1,174.361696
2097152,26,1,163.687903
2097152,27,1,157.003103
2097152,28,1,163.188266
2097152,29,1,220.766989
2097152,30,1,197.491861
2097152,31,1,243.524137
2097152,32,1,167.274270
2097152,1,1,527.707181
2097152,2,1,643.529315
2097152,3,1,527.723805
2097152,4,1,470.311910
2097152,5,1,441.041464
2097152,6,1,342.520246
2097152,7,1,282.154440
2097152,8,1,304.946266
2097152,9,1,330.679962
2097152,10,1,331.251190
2097152,11,1,217.710870
2097152,12,1,193.737414
2097152,13,1,260.037392
2097152,14,1,321.563067
2097152,15,1,199.570559
2097152,16,1,212.544667
2097152,17,1,183.448586
2097152,18,1,201.712937
2097152,19,1,207.557198
2097152,20,1,184.093795
2097152,21,1,196.363989
2097152,22,1,217.106100
2097152,23,1,215.364840
2097152,24,1,194.822554
2097152,25,1,230.877666
2097152,26,1,159.361828
2097152,27,1,174.596755
2097152,28,1,229.057391
2097152,29,1,182.182714
2097152,30,1,163.843713
2097152,31,1,151.610365
2097152,32,1,200.394793
4194304,1,1,1085.830434
4194304,2,1,1386.772999
4194304,3,1,1159.502015
4194304,4,1,1200.671269
4194304,5,1,745.957901
4194304,6,1,1074.361917
4194304,7,1,857.711133
4194304,8,1,783.149975
4194304,9,1,775.366970
4194304,10,1,635.042404
4194304,11,1,582.074122
4194304,12,1,539.919471
4194304,13,1,426.311998
4194304,14,1,512.210132
4194304,15,1,482.700565
4194304,16,1,418.522526
4194304,17,1,433.241550
4194304,18,1,401.078664
4194304,19,1,377.157321
4194304,20,1,382.246321
4194304,21,1,422.770291
4194304,22,1,320.126246
4194304,23,1,362.541672
4194304,24,1,358.605147
4194304,25,1,327.014355
4194304,26,1,323.088355
4194304,27,1,311.565209
4194304,28,1,372.573317
4194304,29,1,312.931254
4194304,30,1,340.466972
4194304,31,1,331.545711
4194304,32,1,275.733796
4194304,1,1,1117.664727
4194304,2,1,1387.296725
4194304,3,1,1139.036407
4194304,4,1,987.783937
4194304,5,1,860.145129
4194304,6,1,797.477531
4194304,7,1,714.154076
4194304,8,1,557.055439
4194304,9,1,650.039146
4194304,10,1,711.306427
4194304,11,1,706.281740
4194304,12,1,394.973010
4194304,13,1,539.524903
4194304,14,1,389.922256
4194304,15,1,442.165544
4194304,16,1,480.517385
4194304,17,1,468.594358
4194304,18,1,407.621674
4194304,19,1,351.134780
4194304,20,1,364.043784
4194304,21,1,429.661445
4194304,22,1,308.160609
4194304,23,1,345.841925
4194304,24,1,394.138042
4194304,25,1,322.807812
4194304,26,1,369.525973
4194304,27,1,407.688044
4194304,28,1,293.001922
4194304,29,1,302.918685
4194304,30,1,310.403281
4194304,31,1,412.130627
4194304,32,1,280.324250
4194304,1,1,1067.218235
4194304,2,1,1381.357783
4194304,3,1,1175.472494
4194304,4,1,1045.251844
4194304,5,1,992.186160
4194304,6,1,988.813985
4194304,7,1,682.178434
4194304,8,1,678.936575
4194304,9,1,643.347930
4194304,10,1,467.116570
4194304,11,1,532.015975
4194304,12,1,571.044135
4194304,13,1,443.178454
4194304,14,1,495.860368
4194304,15,1,393.195138
4194304,16,1,444.527984
4194304,17,1,574.029455
4194304,18,1,455.876647
4194304,19,1,323.969314
4194304,20,1,380.277119
4194304,21,1,397.969020
4194304,22,1,369.533609
4194304,23,1,389.986269
4194304,24,1,321.485500
4194304,25,1,356.471823
4194304,26,1,336.451769
4194304,27,1,329.138074
4194304,28,1,276.382204
4194304,29,1,290.287880
4194304,30,1,302.214274
4194304,31,1,407.939601
4194304,32,1,314.460971
