1,1,420457,1573.975097
1,2,420457,1353.443319
1,3,420457,879.749722
1,4,420457,641.372375
1,5,420457,496.176614
1,6,420457,411.737120
1,7,420457,337.719936
1,8,420457,286.471902
1,9,420457,247.475113
1,10,420457,226.340121
1,11,420457,207.136136
1,12,420457,193.420616
1,13,420457,186.825730
1,14,420457,177.643407
1,15,420457,174.425196
1,16,420457,167.934883
1,17,420457,157.192053
1,18,420457,157.047897
1,19,420457,148.091977
1,20,420457,143.756826
1,21,420457,139.691255
1,22,420457,139.035718
1,23,420457,138.305633
1,24,420457,138.288954
1,25,420457,135.737314
1,26,420457,132.484202
1,27,420457,129.458905
1,28,420457,131.777341
1,29,420457,127.913731
1,30,420457,127.358019
1,31,420457,125.189514
1,32,420457,128.677947
1,33,420457,123.915588
1,34,420457,122.049700
1,35,420457,127.335886
1,36,420457,117.654181
1,37,420457,127.613679
1,38,420457,121.559235
1,39,420457,124.456351
1,40,420457,114.467663
1,41,420457,118.271095
1,42,420457,127.049434
1,43,420457,125.908629
1,44,420457,126.965712
1,45,420457,129.122605
1,46,420457,129.205751
1,47,420457,121.963799
1,48,420457,127.214698
1,49,420457,129.264966
1,50,420457,127.486523
1,51,420457,126.933250
1,52,420457,135.429306
1,53,420457,132.407792
1,54,420457,129.783274
1,55,420457,128.939892
1,56,420457,124.280631
1,57,420457,129.356387
1,58,420457,133.799830
1,59,420457,137.401369
1,60,420457,127.383427
1,61,420457,127.969097
1,62,420457,133.577342
1,63,420457,128.983646
1,64,420457,134.231848
1,65,420457,134.806295
1,66,420457,132.623609
1,67,420457,134.779608
1,68,420457,134.859288
1,69,420457,135.170055
1,70,420457,141.009644
1,71,420457,140.378806
1,72,420457,140.117759
1,73,420457,152.102696
1,74,420457,139.875894
1,75,420457,140.067524
1,76,420457,144.220412
1,77,420457,154.000017
1,78,420457,146.067628
1,79,420457,150.631555
1,80,420457,144.434303
1,81,420457,151.912540
1,82,420457,147.035152
1,83,420457,147.415204
1,84,420457,158.653249
1,85,420457,150.437039
1,86,420457,153.643060
1,87,420457,154.108889
1,88,420457,144.833605
1,89,420457,158.788425
1,90,420457,152.546584
1,91,420457,160.845620
1,92,420457,155.194008
1,93,420457,175.919303
1,94,420457,161.017685
1,95,420457,173.586946
1,96,420457,162.195636
1,97,420457,160.742908
1,98,420457,150.905625
1,99,420457,176.780585
1,100,420457,163.160656
1,101,420457,171.799201
1,102,420457,169.447853
1,103,420457,164.820026
1,104,420457,170.366489
1,105,420457,174.233501
1,106,420457,166.334022
1,107,420457,180.804457
1,108,420457,181.485398
1,109,420457,171.354479
1,110,420457,175.621432
1,111,420457,185.339129
1,112,420457,181.886689
1,113,420457,179.371040
1,114,420457,199.937424
1,115,420457,194.611335
1,116,420457,186.255135
1,117,420457,181.196379
1,118,420457,190.687609
1,119,420457,195.364897
1,120,420457,191.589179
1,121,420457,189.539618
1,122,420457,196.985712
1,123,420457,193.314053
1,124,420457,196.356735
1,125,420457,212.082556
1,126,420457,202.767174
1,127,420457,193.376669
1,128,420457,189.983636
1,129,420457,195.198996
1,130,420457,194.650595
1,131,420457,197.562915
1,132,420457,210.013555
1,133,420457,203.974444
1,134,420457,202.018806
1,135,420457,212.800259
1,136,420457,204.954479
1,137,420457,209.474267
1,138,420457,215.956943
1,139,420457,216.911765
1,140,420457,215.696283
1,141,420457,219.211018
1,142,420457,218.586148
1,143,420457,214.204293
1,144,420457,216.153965
1,145,420457,229.582647
1,146,420457,222.996681
1,147,420457,228.940456
1,148,420457,219.508057
1,149,420457,211.404629
1,150,420457,226.531626
1,151,420457,230.950562
1,152,420457,224.084366
1,153,420457,225.540687
1,154,420457,248.062196
1,155,420457,234.788319
1,156,420457,246.041438
1,157,420457,242.074474
1,158,420457,237.368059
1,159,420457,237.750935
1,160,420457,245.469497
1,161,420457,235.738906
1,162,420457,259.432592
1,163,420457,252.707730
1,164,420457,262.827037
1,165,420457,269.219641
1,166,420457,271.510363
1,167,420457,259.113100
1,168,420457,258.164247
1,169,420457,250.914853
1,170,420457,281.741106
1,171,420457,268.468257
1,172,420457,259.646741
1,173,420457,269.131555
1,174,420457,244.176195
1,175,420457,269.800308
1,176,420457,273.667513
1,177,420457,281.650265
1,178,420457,269.384647
1,179,420457,289.648156
1,180,420457,274.147649
1,181,420457,284.434659
1,182,420457,283.930591
1,183,420457,285.858452
1,184,420457,290.983159
1,185,420457,284.396935
1,186,420457,291.988981
1,187,420457,277.330190
1,188,420457,295.956652
1,189,420457,293.790201
1,190,420457,298.759651
1,191,420457,279.602047
1,192,420457,300.651778
1,193,420457,291.184734
1,194,420457,293.002055
1,195,420457,296.467647
1,196,420457,302.766521
1,197,420457,309.791821
1,198,420457,308.290466
1,199,420457,297.987610
1,200,420457,294.747587
1,201,420457,305.868611
1,202,420457,290.697412
1,203,420457,308.644986
1,204,420457,307.623187
1,205,420457,315.197335
1,206,420457,309.164449
1,207,420457,302.745542
1,208,420457,306.108422
1,209,420457,323.369281
1,210,420457,321.185570
1,211,420457,321.143613
1,212,420457,340.624108
1,213,420457,312.551773
1,214,420457,308.670969
1,215,420457,323.919859
1,216,420457,296.087915
1,217,420457,331.701100
1,218,420457,304.763282
1,219,420457,335.126725
1,220,420457,349.993187
1,221,420457,344.070584
1,222,420457,327.650284
1,223,420457,330.911352
1,224,420457,333.478388
1,225,420457,335.772959
1,226,420457,330.428775
1,227,420457,344.191194
1,228,420457,343.533605
1,229,420457,342.724609
1,230,420457,349.209405
1,231,420457,336.817017
1,232,420457,346.484802
1,233,420457,353.996591
1,234,420457,349.162636
1,235,420457,355.116675
1,236,420457,347.361225
1,237,420457,351.866323
1,238,420457,349.102652
1,239,420457,350.286376
1,240,420457,363.016475
2,1,420457,2437.486656
2,2,420457,1813.855469
2,3,420457,1204.089477
2,4,420457,898.476651
2,5,420457,705.449948
2,6,420457,584.111983
2,7,420457,502.038077
2,8,420457,430.665816
2,9,420457,382.052696
2,10,420457,343.082274
2,11,420457,310.032147
2,12,420457,282.768487
2,13,420457,260.920541
2,14,420457,243.580322
2,15,420457,228.055630
2,16,420457,216.872758
2,17,420457,209.901090
2,18,420457,202.588439
2,19,420457,196.072592
2,20,420457,188.761098
2,21,420457,183.167993
2,22,420457,184.138147
2,23,420457,176.823505
2,24,420457,172.153336
2,25,420457,168.204593
2,26,420457,166.180115
2,27,420457,167.424852
2,28,420457,163.321492
2,29,420457,156.121113
2,30,420457,153.049752
2,31,420457,152.137916
2,32,420457,147.657647
2,33,420457,150.374807
2,34,420457,149.139245
2,35,420457,145.812548
2,36,420457,151.608123
2,37,420457,146.431388
2,38,420457,148.762974
2,39,420457,141.775140
2,40,420457,139.072095
2,41,420457,143.993559
2,42,420457,144.817696
2,43,420457,149.455658
2,44,420457,137.931545
2,45,420457,136.837254
2,46,420457,142.665164
2,47,420457,142.548657
2,48,420457,141.090028
2,49,420457,136.884472
2,50,420457,141.312519
2,51,420457,137.537377
2,52,420457,144.546639
2,53,420457,140.677768
2,54,420457,141.140325
2,55,420457,152.090120
2,56,420457,151.668558
2,57,420457,157.474784
2,58,420457,147.778324
2,59,420457,151.269577
2,60,420457,148.339165
2,61,420457,152.165952
2,62,420457,146.481555
2,63,420457,150.563871
2,64,420457,152.667966
2,65,420457,140.276671
2,66,420457,157.943180
2,67,420457,156.488657
2,68,420457,152.113474
2,69,420457,152.942679
2,70,420457,148.601174
2,71,420457,155.689799
2,72,420457,159.303076
2,73,420457,160.912277
2,74,420457,150.760122
2,75,420457,157.446491
2,76,420457,163.057110
2,77,420457,157.817627
2,78,420457,166.941315
2,79,420457,166.861057
2,80,420457,165.634924
2,81,420457,179.917318
2,82,420457,159.507601
2,83,420457,160.000570
2,84,420457,167.852766
2,85,420457,163.373137
2,86,420457,180.756019
2,87,420457,162.555611
2,88,420457,170.891471
2,89,420457,172.878417
2,90,420457,170.642870
2,91,420457,169.594385
2,92,420457,175.819606
2,93,420457,175.151560
2,94,420457,176.503243
2,95,420457,179.222391
2,96,420457,182.937292
2,97,420457,173.483785
2,98,420457,164.795455
2,99,420457,179.369821
2,100,420457,176.665362
2,101,420457,187.347374
2,102,420457,178.363676
2,103,420457,186.220492
2,104,420457,181.386855
2,105,420457,181.860642
2,106,420457,197.452635
2,107,420457,192.397599
2,108,420457,190.106042
2,109,420457,185.121385
2,110,420457,198.980551
2,111,420457,196.473756
2,112,420457,202.308594
2,113,420457,193.763847
2,114,420457,198.089950
2,115,420457,185.154106
2,116,420457,194.009365
2,117,420457,197.480927
2,118,420457,202.864947
2,119,420457,203.910482
2,120,420457,198.216591
2,121,420457,197.630343
2,122,420457,194.978941
2,123,420457,210.872269
2,124,420457,194.179312
2,125,420457,200.028460
2,126,420457,206.220064
2,127,420457,208.323902
2,128,420457,198.437157
2,129,420457,210.761410
2,130,420457,204.122003
2,131,420457,216.950065
2,132,420457,212.399802
2,133,420457,209.040000
2,134,420457,206.707964
2,135,420457,212.093269
2,136,420457,228.628021
2,137,420457,223.710021
2,138,420457,225.716599
2,139,420457,211.433947
2,140,420457,218.216037
2,141,420457,222.317794
2,142,420457,224.888422
2,143,420457,224.726815
2,144,420457,238.080373
2,145,420457,229.176932
2,146,420457,251.318130
2,147,420457,248.260435
2,148,420457,230.151255
2,149,420457,247.496412
2,150,420457,253.730168
2,151,420457,232.463854
2,152,420457,248.144316
2,153,420457,236.331633
2,154,420457,247.549020
2,155,420457,232.925449
2,156,420457,229.617421
2,157,420457,261.940093
2,158,420457,261.356538
2,159,420457,274.820314
2,160,420457,243.967563
2,161,420457,238.705628
2,162,420457,237.930056
2,163,420457,250.285875
2,164,420457,265.883127
2,165,420457,284.226988
2,166,420457,255.668614
2,167,420457,276.883093
2,168,420457,252.634335
2,169,420457,285.610555
2,170,420457,275.266064
2,171,420457,270.770911
2,172,420457,284.008539
2,173,420457,266.219493
2,174,420457,261.582043
2,175,420457,265.836359
2,176,420457,286.545167
2,177,420457,286.924323
2,178,420457,274.473171
2,179,420457,296.427872
2,180,420457,289.083013
2,181,420457,289.821053
2,182,420457,292.427225
2,183,420457,289.308584
2,184,420457,289.706730
2,185,420457,302.778902
2,186,420457,296.197619
2,187,420457,284.181503
2,188,420457,297.848649
2,189,420457,296.331125
2,190,420457,302.650529
2,191,420457,294.085249
2,192,420457,295.498649
2,193,420457,289.873981
2,194,420457,294.869801
2,195,420457,310.393277
2,196,420457,311.605101
2,197,420457,314.170725
2,198,420457,312.395556
2,199,420457,302.009169
2,200,420457,305.206144
2,201,420457,329.635243
2,202,420457,324.156271
2,203,420457,325.345385
2,204,420457,309.605643
2,205,420457,314.089313
2,206,420457,328.547943
2,207,420457,320.889110
2,208,420457,339.963696
2,209,420457,342.619715
2,210,420457,315.216647
2,211,420457,318.920062
2,212,420457,317.233940
2,213,420457,334.424676
2,214,420457,315.397693
2,215,420457,321.526491
2,216,420457,323.762937
2,217,420457,353.946231
2,218,420457,335.232838
2,219,420457,342.468439
2,220,420457,354.501043
2,221,420457,322.816649
2,222,420457,336.093478
2,223,420457,363.315885
2,224,420457,332.986961
2,225,420457,327.291531
2,226,420457,334.820320
2,227,420457,350.652444
2,228,420457,352.409844
2,229,420457,356.550411
2,230,420457,346.294133
2,231,420457,363.888919
2,232,420457,370.205305
2,233,420457,343.732935
2,234,420457,364.905519
2,235,420457,353.464874
2,236,420457,365.797211
2,237,420457,359.820846
2,238,420457,370.400658
2,239,420457,381.931700
2,240,420457,362.164752
3,1,420457,3294.548192
3,2,420457,2257.094588
3,3,420457,1503.141931
3,4,420457,1138.129208
3,5,420457,895.200765
3,6,420457,745.846986
3,7,420457,638.077243
3,8,420457,561.617932
3,9,420457,494.417483
3,10,420457,447.550468
3,11,420457,402.405570
3,12,420457,373.497232
3,13,420457,350.420587
3,14,420457,322.587743
3,15,420457,308.472986
3,16,420457,283.031139
3,17,420457,274.733066
3,18,420457,254.158853
3,19,420457,244.039159
3,20,420457,232.656576
3,21,420457,226.162926
3,22,420457,218.382391
3,23,420457,213.306185
3,24,420457,208.791913
3,25,420457,202.624238
3,26,420457,198.249503
3,27,420457,190.038232
3,28,420457,193.715086
3,29,420457,190.446449
3,30,420457,183.080036
3,31,420457,178.944343
3,32,420457,183.142972
3,33,420457,180.660942
3,34,420457,173.976945
3,35,420457,172.141340
3,36,420457,169.021928
3,37,420457,174.876977
3,38,420457,168.572842
3,39,420457,166.451169
3,40,420457,167.124927
3,41,420457,166.355515
3,42,420457,160.489303
3,43,420457,159.156546
3,44,420457,159.874633
3,45,420457,163.762239
3,46,420457,162.109731
3,47,420457,158.091058
3,48,420457,158.222769
3,49,420457,161.067405
3,50,420457,161.372270
3,51,420457,158.074378
3,52,420457,161.070420
3,53,420457,165.364447
3,54,420457,158.420366
3,55,420457,165.927471
3,56,420457,161.949858
3,57,420457,164.209013
3,58,420457,165.525156
3,59,420457,162.506211
3,60,420457,158.706434
3,61,420457,164.992989
3,62,420457,163.361654
3,63,420457,163.805798
3,64,420457,161.191801
3,65,420457,166.147588
3,66,420457,157.148619
3,67,420457,173.396084
3,68,420457,168.540122
3,69,420457,164.863460
3,70,420457,175.018823
3,71,420457,171.110432
3,72,420457,168.953666
3,73,420457,169.665212
3,74,420457,166.865804
3,75,420457,163.712645
3,76,420457,168.912031
3,77,420457,168.173799
3,78,420457,172.670812
3,79,420457,174.605280
3,80,420457,184.386490
3,81,420457,166.032686
3,82,420457,169.291187
3,83,420457,181.886366
3,84,420457,182.717625
3,85,420457,172.392121
3,86,420457,176.256567
3,87,420457,176.647079
3,88,420457,177.504960
3,89,420457,185.660226
3,90,420457,181.373961
3,91,420457,189.609227
3,92,420457,184.868489
3,93,420457,182.671560
3,94,420457,176.884324
3,95,420457,185.107143
3,96,420457,183.469779
3,97,420457,187.315811
3,98,420457,186.936205
3,99,420457,189.794186
3,100,420457,190.279262
3,101,420457,192.836354
3,102,420457,183.915913
3,103,420457,187.533682
3,104,420457,194.540122
3,105,420457,200.583528
3,106,420457,197.378279
3,107,420457,197.308413
3,108,420457,196.114295
3,109,420457,192.995268
3,110,420457,199.997921
3,111,420457,211.147239
3,112,420457,205.549132
3,113,420457,198.720466
3,114,420457,204.793385
3,115,420457,193.779948
3,116,420457,193.959966
3,117,420457,206.339393
3,118,420457,210.776808
3,119,420457,208.934274
3,120,420457,203.938004
3,121,420457,206.459940
3,122,420457,210.375965
3,123,420457,220.448314
3,124,420457,207.415531
3,125,420457,214.278584
3,126,420457,217.359118
3,127,420457,208.579433
3,128,420457,214.210770
3,129,420457,214.465211
3,130,420457,214.974091
3,131,420457,223.220775
3,132,420457,224.847363
3,133,420457,226.727748
3,134,420457,222.964604
3,135,420457,224.359207
3,136,420457,217.787866
3,137,420457,233.653224
3,138,420457,217.164022
3,139,420457,224.456017
3,140,420457,232.649453
3,141,420457,221.158253
3,142,420457,231.626628
3,143,420457,226.688805
3,144,420457,235.808448
3,145,420457,232.991848
3,146,420457,238.224208
3,147,420457,248.032749
3,148,420457,254.498041
3,149,420457,258.216661
3,150,420457,253.534175
3,151,420457,242.099752
3,152,420457,256.817311
3,153,420457,255.740019
3,154,420457,289.728543
3,155,420457,262.354150
3,156,420457,256.940744
3,157,420457,247.062273
3,158,420457,263.125935
3,159,420457,265.581150
3,160,420457,256.187884
3,161,420457,284.973176
3,162,420457,266.070717
3,163,420457,265.370465
3,164,420457,265.460346
3,165,420457,276.724821
3,166,420457,285.678944
3,167,420457,274.882930
3,168,420457,290.689649
3,169,420457,296.612767
3,170,420457,286.274370
3,171,420457,293.107334
3,172,420457,269.736347
3,173,420457,279.611799
3,174,420457,283.507939
3,175,420457,280.526266
3,176,420457,287.723373
3,177,420457,286.261410
3,178,420457,271.665231
3,179,420457,305.862196
3,180,420457,288.737410
3,181,420457,310.927752
3,182,420457,301.174000
3,183,420457,300.208914
3,184,420457,315.019755
3,185,420457,291.311314
3,186,420457,296.351656
3,187,420457,302.236537
3,188,420457,303.922978
3,189,420457,321.011839
3,190,420457,320.119377
3,191,420457,307.167943
3,192,420457,307.110075
3,193,420457,312.958964
3,194,420457,337.261419
3,195,420457,326.753652
3,196,420457,322.658892
3,197,420457,315.078391
3,198,420457,313.354097
3,199,420457,322.723239
3,200,420457,331.764678
3,201,420457,321.226372
3,202,420457,342.614840
3,203,420457,323.237378
3,204,420457,336.546155
3,205,420457,330.112172
3,206,420457,323.391478
3,207,420457,335.587101
3,208,420457,331.245793
3,209,420457,329.248259
3,210,420457,350.199445
3,211,420457,328.130100
3,212,420457,337.384341
3,213,420457,326.716826
3,214,420457,335.679805
3,215,420457,346.072029
3,216,420457,344.638355
3,217,420457,329.867676
3,218,420457,347.614573
3,219,420457,341.886359
3,220,420457,328.848893
3,221,420457,341.141390
3,222,420457,333.014226
3,223,420457,336.163920
3,224,420457,351.472025
3,225,420457,360.027296
3,226,420457,361.659466
3,227,420457,363.375230
3,228,420457,371.928768
3,229,420457,343.513781
3,230,420457,355.215860
3,231,420457,354.352845
3,232,420457,365.304692
3,233,420457,358.233071
3,234,420457,377.121094
3,235,420457,367.106488
3,236,420457,370.475078
3,237,420457,359.031675
3,238,420457,379.850059
3,239,420457,380.404489
3,240,420457,391.591273
4,1,420457,4160.244873
4,2,420457,2664.684276
4,3,420457,1814.529867
4,4,420457,1351.831424
4,5,420457,1079.593607
4,6,420457,896.032150
4,7,420457,773.527781
4,8,420457,680.259073
4,9,420457,605.729035
4,10,420457,550.667817
4,11,420457,494.311240
4,12,420457,456.683393
4,13,420457,419.415518
4,14,420457,400.296922
4,15,420457,376.349758
4,16,420457,352.286474
4,17,420457,329.473700
4,18,420457,315.056835
4,19,420457,298.089294
4,20,420457,284.370311
4,21,420457,275.318287
4,22,420457,266.038962
4,23,420457,256.835210
4,24,420457,241.200362
4,25,420457,236.415356
4,26,420457,229.565326
4,27,420457,226.211938
4,28,420457,222.229900
4,29,420457,219.584977
4,30,420457,213.933238
4,31,420457,208.808017
4,32,420457,204.193985
4,33,420457,199.006085
4,34,420457,200.399791
4,35,420457,196.697912
4,36,420457,191.495577
4,37,420457,194.905164
4,38,420457,192.603536
4,39,420457,191.464270
4,40,420457,186.560641
4,41,420457,188.777071
4,42,420457,186.337381
4,43,420457,179.657940
4,44,420457,185.453582
4,45,420457,179.421465
4,46,420457,181.238337
4,47,420457,182.780304
4,48,420457,181.988566
4,49,420457,173.119897
4,50,420457,183.443218
4,51,420457,179.927648
4,52,420457,172.692304
4,53,420457,178.690611
4,54,420457,176.653752
4,55,420457,175.758338
4,56,420457,171.785087
4,57,420457,175.675708
4,58,420457,180.088229
4,59,420457,179.553624
4,60,420457,172.896189
4,61,420457,182.711337
4,62,420457,179.244013
4,63,420457,176.059995
4,64,420457,173.376581
4,65,420457,185.189328
4,66,420457,177.751893
4,67,420457,174.414547
4,68,420457,184.033444
4,69,420457,180.301865
4,70,420457,180.388090
4,71,420457,181.928966
4,72,420457,179.719208
4,73,420457,178.755087
4,74,420457,178.578147
4,75,420457,185.544360
4,76,420457,184.415746
4,77,420457,187.651983
4,78,420457,193.870150
4,79,420457,175.731715
4,80,420457,186.726162
4,81,420457,182.995608
4,82,420457,182.391653
4,83,420457,193.566695
4,84,420457,195.402623
4,85,420457,188.111590
4,86,420457,187.927787
4,87,420457,188.370585
4,88,420457,187.349620
4,89,420457,196.634912
4,90,420457,186.740147
4,91,420457,189.537181
4,92,420457,196.110830
4,93,420457,198.026820
4,94,420457,190.253214
4,95,420457,189.136468
4,96,420457,183.165875
4,97,420457,193.495612
4,98,420457,215.168608
4,99,420457,195.726927
4,100,420457,204.963270
4,101,420457,204.399087
4,102,420457,209.066500
4,103,420457,199.558717
4,104,420457,213.542341
4,105,420457,202.911910
4,106,420457,218.345246
4,107,420457,195.613884
4,108,420457,201.486382
4,109,420457,217.478704
4,110,420457,219.996791
4,111,420457,212.749771
4,112,420457,207.684983
4,113,420457,201.989872
4,114,420457,216.883345
4,115,420457,222.545286
4,116,420457,210.290896
4,117,420457,221.975783
4,118,420457,212.181355
4,119,420457,207.997480
4,120,420457,218.096261
4,121,420457,216.477885
4,122,420457,216.293376
4,123,420457,229.718466
4,124,420457,223.335420
4,125,420457,229.287793
4,126,420457,236.199731
4,127,420457,219.165469
4,128,420457,219.511071
4,129,420457,224.167125
4,130,420457,222.796710
4,131,420457,222.686300
4,132,420457,229.613314
4,133,420457,234.536061
4,134,420457,224.922104
4,135,420457,252.808003
4,136,420457,225.320571
4,137,420457,255.874423
4,138,420457,239.175244
4,139,420457,243.860424
4,140,420457,236.947459
4,141,420457,246.345276
4,142,420457,245.198826
4,143,420457,248.494986
4,144,420457,257.096448
4,145,420457,263.832412
4,146,420457,250.671190
4,147,420457,255.793972
4,148,420457,259.667720
4,149,420457,251.210863
4,150,420457,269.570570
4,151,420457,251.800704
4,152,420457,260.012041
4,153,420457,249.446020
4,154,420457,261.872153
4,155,420457,258.673829
4,156,420457,252.820641
4,157,420457,258.763775
4,158,420457,267.851405
4,159,420457,282.875304
4,160,420457,261.871576
4,161,420457,256.540610
4,162,420457,256.258712
4,163,420457,283.471241
4,164,420457,287.633945
4,165,420457,291.200837
4,166,420457,295.323313
4,167,420457,290.187380
4,168,420457,274.059692
4,169,420457,282.267500
4,170,420457,288.680890
4,171,420457,287.428582
4,172,420457,280.184833
4,173,420457,282.191282
4,174,420457,282.953189
4,175,420457,301.992619
4,176,420457,306.675360
4,177,420457,290.056567
4,178,420457,291.456303
4,179,420457,300.191658
4,180,420457,299.140539
4,181,420457,311.219529
4,182,420457,308.640689
4,183,420457,294.014549
4,184,420457,306.927106
4,185,420457,314.661641
4,186,420457,312.896737
4,187,420457,327.476808
4,188,420457,315.299728
4,189,420457,319.883287
4,190,420457,316.548633
4,191,420457,306.190670
4,192,420457,309.648113
4,193,420457,321.749495
4,194,420457,329.703889
4,195,420457,332.339699
4,196,420457,309.231171
4,197,420457,318.241045
4,198,420457,321.707279
4,199,420457,342.983603
4,200,420457,324.301133
4,201,420457,329.187312
4,202,420457,335.244320
4,203,420457,346.616513
4,204,420457,332.822018
4,205,420457,335.060645
4,206,420457,341.041630
4,207,420457,341.097059
4,208,420457,343.022546
4,209,420457,349.489954
4,210,420457,357.292301
4,211,420457,349.692108
4,212,420457,349.677351
4,213,420457,363.490451
4,214,420457,361.619370
4,215,420457,347.436351
4,216,420457,342.479664
4,217,420457,342.266415
4,218,420457,363.224271
4,219,420457,352.144820
4,220,420457,336.471671
4,221,420457,354.463064
4,222,420457,364.274107
4,223,420457,371.134272
4,224,420457,370.895936
4,225,420457,371.570077
4,226,420457,349.857626
4,227,420457,339.310533
4,228,420457,376.920482
4,229,420457,372.498338
4,230,420457,369.649209
4,231,420457,363.514702
4,232,420457,377.729477
4,233,420457,375.540636
4,234,420457,386.278976
4,235,420457,360.398754
4,236,420457,385.095957
4,237,420457,377.896152
4,238,420457,382.823133
4,239,420457,363.310048
4,240,420457,386.491135
5,1,420457,4999.932254
5,2,420457,3111.861555
5,3,420457,2106.592754
5,4,420457,1572.875030
5,5,420457,1253.936940
5,6,420457,1043.459352
5,7,420457,905.506571
5,8,420457,790.916566
5,9,420457,701.768858
5,10,420457,635.778308
5,11,420457,580.058280
5,12,420457,535.873527
5,13,420457,494.144245
5,14,420457,466.819188
5,15,420457,436.798463
5,16,420457,411.989057
5,17,420457,391.653889
5,18,420457,366.892210
5,19,420457,351.333323
5,20,420457,336.316032
5,21,420457,324.003710
5,22,420457,309.942972
5,23,420457,299.814360
5,24,420457,289.929796
5,25,420457,285.246540
5,26,420457,265.473691
5,27,420457,261.093439
5,28,420457,260.013067
5,29,420457,249.237517
5,30,420457,251.084221
5,31,420457,239.140534
5,32,420457,236.700846
5,33,420457,229.828041
5,34,420457,226.169918
5,35,420457,223.497540
5,36,420457,223.685834
5,37,420457,222.186465
5,38,420457,213.498522
5,39,420457,211.273880
5,40,420457,212.130286
5,41,420457,207.399684
5,42,420457,205.343965
5,43,420457,201.574405
5,44,420457,201.529751
5,45,420457,200.931314
5,46,420457,206.005852
5,47,420457,200.938049
5,48,420457,202.607621
5,49,420457,192.967551
5,50,420457,188.298474
5,51,420457,195.937161
5,52,420457,193.585236
5,53,420457,188.764176
5,54,420457,201.551950
5,55,420457,197.078354
5,56,420457,181.333351
5,57,420457,190.569051
5,58,420457,194.957195
5,59,420457,192.698870
5,60,420457,191.028400
5,61,420457,188.735242
5,62,420457,188.357753
5,63,420457,196.146627
5,64,420457,198.692428
5,65,420457,189.278186
5,66,420457,188.636699
5,67,420457,191.050213
5,68,420457,188.846616
5,69,420457,198.339001
5,70,420457,192.926428
5,71,420457,191.535611
5,72,420457,194.981765
5,73,420457,208.548446
5,74,420457,196.141817
5,75,420457,207.915554
5,76,420457,195.595087
5,77,420457,201.593714
5,78,420457,197.901142
5,79,420457,196.270128
5,80,420457,206.842433
5,81,420457,199.007047
5,82,420457,193.660747
5,83,420457,196.993733
5,84,420457,200.666418
5,85,420457,196.636324
5,86,420457,194.052672
5,87,420457,201.515060
5,88,420457,203.757407
5,89,420457,199.554610
5,90,420457,204.644673
5,91,420457,204.099867
5,92,420457,199.772544
5,93,420457,204.499426
5,94,420457,209.028198
5,95,420457,205.650176
5,96,420457,199.680995
5,97,420457,204.936067
5,98,420457,198.591643
5,99,420457,210.665499
5,100,420457,206.555660
5,101,420457,199.849595
5,102,420457,200.044883
5,103,420457,211.587022
5,104,420457,208.658407
5,105,420457,220.651556
5,106,420457,225.430980
5,107,420457,201.803182
5,108,420457,220.804760
5,109,420457,214.921418
5,110,420457,226.318951
5,111,420457,214.917762
5,112,420457,222.657878
5,113,420457,220.345087
5,114,420457,219.812858
5,115,420457,229.603499
5,116,420457,230.889421
5,117,420457,223.762307
5,118,420457,222.002341
5,119,420457,223.579915
5,120,420457,241.452041
5,121,420457,220.341751
5,122,420457,247.341800
5,123,420457,227.011377
5,124,420457,229.591758
5,125,420457,230.946970
5,126,420457,244.299887
5,127,420457,224.193239
5,128,420457,233.489628
5,129,420457,251.505014
5,130,420457,236.681664
5,131,420457,249.596722
5,132,420457,230.731728
5,133,420457,240.043262
5,134,420457,243.883136
5,135,420457,259.488406
5,136,420457,229.325386
5,137,420457,248.241638
5,138,420457,252.713567
5,139,420457,251.378564
5,140,420457,241.432089
5,141,420457,250.014755
5,142,420457,261.185950
5,143,420457,261.388360
5,144,420457,261.216809
5,145,420457,265.028071
5,146,420457,263.992286
5,147,420457,273.413329
5,148,420457,266.723111
5,149,420457,281.012498
5,150,420457,278.785611
5,151,420457,268.958786
5,152,420457,262.710210
5,153,420457,258.932952
5,154,420457,292.819471
5,155,420457,277.883656
5,156,420457,280.032336
5,157,420457,274.105756
5,158,420457,274.647095
5,159,420457,295.623560
5,160,420457,297.782378
5,161,420457,268.034505
5,162,420457,294.906241
5,163,420457,297.188623
5,164,420457,296.566190
5,165,420457,290.042132
5,166,420457,291.157211
5,167,420457,289.822402
5,168,420457,277.650579
5,169,420457,301.557647
5,170,420457,285.860825
5,171,420457,289.122918
5,172,420457,302.712502
5,173,420457,309.688532
5,174,420457,304.283981
5,175,420457,315.092441
5,176,420457,311.547040
5,177,420457,302.689406
5,178,420457,312.501475
5,179,420457,323.925955
5,180,420457,321.889415
5,181,420457,310.553984
5,182,420457,330.020174
5,183,420457,320.161847
5,184,420457,323.840435
5,185,420457,321.190319
5,186,420457,308.281869
5,187,420457,320.106034
5,188,420457,328.511118
5,189,420457,333.449646
5,190,420457,320.484420
5,191,420457,321.881269
5,192,420457,321.864972
5,193,420457,337.987333
5,194,420457,334.360648
5,195,420457,357.283384
5,196,420457,328.530427
5,197,420457,345.360676
5,198,420457,343.180815
5,199,420457,354.552624
5,200,420457,339.361215
5,201,420457,341.898420
5,202,420457,354.653924
5,203,420457,361.369869
5,204,420457,361.311489
5,205,420457,350.105907
5,206,420457,338.318502
5,207,420457,341.266941
5,208,420457,334.897370
5,209,420457,357.567656
5,210,420457,359.058619
5,211,420457,340.976834
5,212,420457,355.009730
5,213,420457,352.024401
5,214,420457,366.888683
5,215,420457,376.522207
5,216,420457,352.140522
5,217,420457,377.107237
5,218,420457,342.317224
5,219,420457,373.886269
5,220,420457,366.694869
5,221,420457,359.566599
5,222,420457,361.576514
5,223,420457,364.872095
5,224,420457,376.510980
5,225,420457,371.892521
5,226,420457,376.250513
5,227,420457,381.255633
5,228,420457,373.249914
5,229,420457,391.513774
5,230,420457,383.424075
5,231,420457,373.943557
5,232,420457,387.701676
5,233,420457,366.182335
5,234,420457,383.425807
5,235,420457,383.637645
5,236,420457,382.711439
5,237,420457,389.297857
5,238,420457,382.379566
5,239,420457,388.329372
5,240,420457,380.842923
6,1,420457,5894.576921
6,2,420457,3557.522273
6,3,420457,2390.456175
6,4,420457,1791.137964
6,5,420457,1433.228234
6,6,420457,1197.138723
6,7,420457,1030.212740
6,8,420457,906.547101
6,9,420457,805.672938
6,10,420457,727.372890
6,11,420457,661.888784
6,12,420457,618.412558
6,13,420457,567.285841
6,14,420457,533.002268
6,15,420457,496.215042
6,16,420457,475.053684
6,17,420457,439.121647
6,18,420457,416.716131
6,19,420457,405.907861
6,20,420457,387.256378
6,21,420457,365.324709
6,22,420457,354.000762
6,23,420457,342.619587
6,24,420457,327.602873
6,25,420457,316.897509
6,26,420457,306.148839
6,27,420457,296.661010
6,28,420457,292.069177
6,29,420457,283.765777
6,30,420457,273.343464
6,31,420457,272.225434
6,32,420457,266.000275
6,33,420457,258.515238
6,34,420457,250.429455
6,35,420457,251.555055
6,36,420457,253.481119
6,37,420457,241.770765
6,38,420457,235.708496
6,39,420457,234.604836
6,40,420457,228.554500
6,41,420457,236.035045
6,42,420457,230.291498
6,43,420457,220.153970
6,44,420457,219.813305
6,45,420457,218.682508
6,46,420457,222.378931
6,47,420457,217.911942
6,48,420457,209.690019
6,49,420457,221.947554
6,50,420457,217.917204
6,51,420457,215.169889
6,52,420457,202.423175
6,53,420457,212.102316
6,54,420457,215.912742
6,55,420457,211.086742
6,56,420457,211.089948
6,57,420457,209.622211
6,58,420457,212.615556
6,59,420457,209.926112
6,60,420457,202.078791
6,61,420457,208.034177
6,62,420457,206.390975
6,63,420457,208.403777
6,64,420457,207.462879
6,65,420457,202.386608
6,66,420457,211.724316
6,67,420457,212.445033
6,68,420457,203.028863
6,69,420457,207.020015
6,70,420457,209.793888
6,71,420457,205.805301
6,72,420457,209.525464
6,73,420457,210.056475
6,74,420457,208.156072
6,75,420457,212.595282
6,76,420457,208.604711
6,77,420457,209.419287
6,78,420457,204.360595
6,79,420457,209.673148
6,80,420457,214.923149
6,81,420457,207.475515
6,82,420457,217.137397
6,83,420457,205.323498
6,84,420457,226.322096
6,85,420457,218.570173
6,86,420457,215.909917
6,87,420457,207.490530
6,88,420457,216.315380
6,89,420457,212.449330
6,90,420457,215.657467
6,91,420457,207.849604
6,92,420457,222.867215
6,93,420457,225.360475
6,94,420457,213.483575
6,95,420457,225.324033
6,96,420457,224.308909
6,97,420457,219.720988
6,98,420457,209.612778
6,99,420457,231.384314
6,100,420457,221.349051
6,101,420457,219.920830
6,102,420457,227.592043
6,103,420457,226.736599
6,104,420457,217.275139
6,105,420457,225.541520
6,106,420457,226.597514
6,107,420457,222.403695
6,108,420457,230.904370
6,109,420457,228.280108
6,110,420457,224.441775
6,111,420457,220.702110
6,112,420457,228.981709
6,113,420457,236.763975
6,114,420457,233.842289
6,115,420457,238.360987
6,116,420457,223.808883
6,117,420457,231.847579
6,118,420457,257.050130
6,119,420457,240.592043
6,120,420457,229.301199
6,121,420457,231.983524
6,122,420457,237.787506
6,123,420457,218.241763
6,124,420457,235.037241
6,125,420457,246.934414
6,126,420457,226.683737
6,127,420457,237.853585
6,128,420457,248.326385
6,129,420457,250.205616
6,130,420457,243.403576
6,131,420457,255.801607
6,132,420457,239.187625
6,133,420457,252.021335
6,134,420457,263.092061
6,135,420457,256.181726
6,136,420457,242.879429
6,137,420457,265.808387
6,138,420457,272.457869
6,139,420457,250.963290
6,140,420457,250.348169
6,141,420457,255.704349
6,142,420457,256.331399
6,143,420457,282.847140
6,144,420457,258.854747
6,145,420457,258.277545
6,146,420457,278.690340
6,147,420457,267.842616
6,148,420457,271.779429
6,149,420457,280.159107
6,150,420457,294.812319
6,151,420457,294.773120
6,152,420457,301.413169
6,153,420457,276.246931
6,154,420457,262.605189
6,155,420457,291.410302
6,156,420457,286.684191
6,157,420457,288.525569
6,158,420457,286.387219
6,159,420457,285.028862
6,160,420457,292.925903
6,161,420457,289.183032
6,162,420457,301.051719
6,163,420457,297.061081
6,164,420457,285.709932
6,165,420457,276.193617
6,166,420457,296.409909
6,167,420457,292.496128
6,168,420457,296.578892
6,169,420457,299.302788
6,170,420457,315.209076
6,171,420457,292.479703
6,172,420457,300.801193
6,173,420457,324.661364
6,174,420457,303.503789
6,175,420457,326.077137
6,176,420457,314.285628
6,177,420457,303.847661
6,178,420457,335.587551
6,179,420457,318.138719
6,180,420457,316.507190
6,181,420457,317.485105
6,182,420457,320.856519
6,183,420457,319.630131
6,184,420457,329.316262
6,185,420457,323.666510
6,186,420457,353.323669
6,187,420457,339.269345
6,188,420457,331.956565
6,189,420457,340.325723
6,190,420457,321.657880
6,191,420457,329.269174
6,192,420457,339.626434
6,193,420457,356.982562
6,194,420457,337.772543
6,195,420457,345.779738
6,196,420457,333.579369
6,197,420457,331.414903
6,198,420457,356.387908
6,199,420457,344.125820
6,200,420457,353.848586
6,201,420457,351.784140
6,202,420457,360.101589
6,203,420457,351.052580
6,204,420457,334.633564
6,205,420457,364.464839
6,206,420457,351.017358
6,207,420457,359.759257
6,208,420457,355.269237
6,209,420457,358.738037
6,210,420457,357.110809
6,211,420457,353.402259
6,212,420457,359.441882
6,213,420457,358.340147
6,214,420457,354.559553
6,215,420457,372.701260
6,216,420457,369.287888
6,217,420457,377.824554
6,218,420457,373.460279
6,219,420457,366.278760
6,220,420457,394.243955
6,221,420457,371.478464
6,222,420457,385.492369
6,223,420457,376.100451
6,224,420457,365.264340
6,225,420457,384.932040
6,226,420457,386.288663
6,227,420457,377.802871
6,228,420457,383.526402
6,229,420457,381.677965
6,230,420457,390.962168
6,231,420457,378.557655
6,232,420457,378.407598
6,233,420457,401.425603
6,234,420457,397.850560
6,235,420457,387.694751
6,236,420457,404.135834
6,237,420457,385.358606
6,238,420457,404.942905
6,239,420457,414.236793
6,240,420457,386.277691
7,1,420457,6720.067746
7,2,420457,4012.361978
7,3,420457,2654.187670
7,4,420457,2011.117625
7,5,420457,1615.943292
7,6,420457,1342.735260
7,7,420457,1157.930928
7,8,420457,1032.900453
7,9,420457,905.709236
7,10,420457,819.922292
7,11,420457,742.126632
7,12,420457,688.199483
7,13,420457,634.449914
7,14,420457,597.784071
7,15,420457,569.312562
7,16,420457,526.329499
7,17,420457,497.218748
7,18,420457,471.993809
7,19,420457,456.271326
7,20,420457,433.687329
7,21,420457,417.279541
7,22,420457,399.353394
7,23,420457,382.413440
7,24,420457,374.562911
7,25,420457,353.244887
7,26,420457,346.000239
7,27,420457,334.801907
7,28,420457,323.188107
7,29,420457,323.272789
7,30,420457,305.684678
7,31,420457,305.656129
7,32,420457,297.187723
7,33,420457,288.507093
7,34,420457,279.897740
7,35,420457,278.888068
7,36,420457,282.897055
7,37,420457,272.946922
7,38,420457,267.110542
7,39,420457,264.839262
7,40,420457,259.023412
7,41,420457,258.337849
7,42,420457,246.356698
7,43,420457,244.518718
7,44,420457,241.887977
7,45,420457,240.386492
7,46,420457,240.088748
7,47,420457,234.702866
7,48,420457,235.752121
7,49,420457,230.360400
7,50,420457,234.208870
7,51,420457,236.544692
7,52,420457,223.909929
7,53,420457,228.454995
7,54,420457,230.634661
7,55,420457,224.143197
7,56,420457,219.723552
7,57,420457,219.381031
7,58,420457,224.563283
7,59,420457,226.551000
7,60,420457,220.589646
7,61,420457,222.799853
7,62,420457,219.093037
7,63,420457,219.703601
7,64,420457,212.833298
7,65,420457,228.256179
7,66,420457,212.947431
7,67,420457,216.181552
7,68,420457,212.502065
7,69,420457,224.436898
7,70,420457,218.161441
7,71,420457,215.229297
7,72,420457,217.002480
7,73,420457,218.991415
7,74,420457,221.640057
7,75,420457,218.005673
7,76,420457,221.596048
7,77,420457,220.475194
7,78,420457,224.216716
7,79,420457,222.554526
7,80,420457,221.635247
7,81,420457,227.536103
7,82,420457,227.437560
7,83,420457,222.596225
7,84,420457,224.816505
7,85,420457,220.209720
7,86,420457,226.068233
7,87,420457,227.443524
7,88,420457,224.067879
7,89,420457,221.755345
7,90,420457,220.628267
7,91,420457,218.620215
7,92,420457,231.292123
7,93,420457,226.705613
7,94,420457,215.207165
7,95,420457,230.023777
7,96,420457,234.418722
7,97,420457,231.953435
7,98,420457,225.686445
7,99,420457,227.947657
7,100,420457,225.998690
7,101,420457,233.079806
7,102,420457,226.727811
7,103,420457,228.712065
7,104,420457,240.958626
7,105,420457,231.501206
7,106,420457,227.519035
7,107,420457,244.315027
7,108,420457,227.024207
7,109,420457,236.632648
7,110,420457,242.599777
7,111,420457,233.349448
7,112,420457,232.090148
7,113,420457,235.393428
7,114,420457,239.831100
7,115,420457,246.836642
7,116,420457,240.318551
7,117,420457,253.502418
7,118,420457,250.340921
7,119,420457,241.929356
7,120,420457,253.667681
7,121,420457,255.120153
7,122,420457,242.281376
7,123,420457,244.477211
7,124,420457,237.026753
7,125,420457,250.714176
7,126,420457,255.382033
7,127,420457,255.872562
7,128,420457,250.870841
7,129,420457,253.580623
7,130,420457,268.482563
7,131,420457,254.217169
7,132,420457,271.018806
7,133,420457,270.751472
7,134,420457,262.324703
7,135,420457,260.292399
7,136,420457,268.845938
7,137,420457,271.635786
7,138,420457,288.190361
7,139,420457,279.086819
7,140,420457,270.599104
7,141,420457,261.603278
7,142,420457,280.874115
7,143,420457,263.928772
7,144,420457,274.871318
7,145,420457,293.444916
7,146,420457,294.339816
7,147,420457,273.369513
7,148,420457,285.161278
7,149,420457,281.849402
7,150,420457,278.050137
7,151,420457,297.962973
7,152,420457,289.740347
7,153,420457,294.304018
7,154,420457,293.399240
7,155,420457,300.928221
7,156,420457,293.960722
7,157,420457,295.624779
7,158,420457,312.427184
7,159,420457,317.401641
7,160,420457,295.121675
7,161,420457,304.666795
7,162,420457,306.303904
7,163,420457,307.522274
7,164,420457,301.285309
7,165,420457,316.467095
7,166,420457,308.720304
7,167,420457,300.434612
7,168,420457,314.969329
7,169,420457,312.104034
7,170,420457,309.015161
7,171,420457,310.281390
7,172,420457,308.010879
7,173,420457,308.295855
7,174,420457,327.370825
7,175,420457,335.764362
7,176,420457,328.741498
7,177,420457,332.178348
7,178,420457,322.324067
7,179,420457,340.056464
7,180,420457,326.538221
7,181,420457,332.962838
7,182,420457,336.958223
7,183,420457,319.597667
7,184,420457,340.664975
7,185,420457,340.672097
7,186,420457,357.521977
7,187,420457,354.478589
7,188,420457,338.112886
7,189,420457,332.049461
7,190,420457,339.042365
7,191,420457,354.105527
7,192,420457,354.017121
7,193,420457,347.416912
7,194,420457,353.738881
7,195,420457,352.327854
7,196,420457,345.496300
7,197,420457,357.295060
7,198,420457,357.152636
7,199,420457,359.198285
7,200,420457,354.611069
7,201,420457,372.073374
7,202,420457,368.594564
7,203,420457,359.887502
7,204,420457,374.648560
7,205,420457,368.987900
7,206,420457,350.637560
7,207,420457,372.785367
7,208,420457,366.848841
7,209,420457,389.907842
7,210,420457,378.421966
7,211,420457,362.853264
7,212,420457,371.311981
7,213,420457,370.433249
7,214,420457,386.687899
7,215,420457,366.468786
7,216,420457,357.617697
7,217,420457,399.076820
7,218,420457,368.305868
7,219,420457,366.765824
7,220,420457,389.116489
7,221,420457,395.190885
7,222,420457,389.972382
7,223,420457,379.677032
7,224,420457,387.016502
7,225,420457,380.433807
7,226,420457,394.464521
7,227,420457,397.098407
7,228,420457,380.994970
7,229,420457,408.594998
7,230,420457,395.945670
7,231,420457,392.848455
7,232,420457,406.638265
7,233,420457,384.481993
7,234,420457,383.868221
7,235,420457,382.599811
7,236,420457,391.577670
7,237,420457,389.906561
7,238,420457,386.260626
7,239,420457,421.034088
7,240,420457,407.672189
8,1,420457,7602.724333
8,2,420457,4438.471052
8,3,420457,2937.677645
8,4,420457,2231.208402
8,5,420457,1790.672713
8,6,420457,1491.870911
8,7,420457,1286.849969
8,8,420457,1122.342633
8,9,420457,1020.451035
8,10,420457,923.659442
8,11,420457,829.648329
8,12,420457,759.730016
8,13,420457,709.486713
8,14,420457,667.552841
8,15,420457,623.124940
8,16,420457,585.369614
8,17,420457,551.831717
8,18,420457,526.815152
8,19,420457,512.768913
8,20,420457,482.681915
8,21,420457,459.023449
8,22,420457,435.705711
8,23,420457,421.417156
8,24,420457,407.969933
8,25,420457,394.044432
8,26,420457,384.081792
8,27,420457,381.179418
8,28,420457,364.663399
8,29,420457,351.143039
8,30,420457,344.169831
8,31,420457,334.249468
8,32,420457,330.769634
8,33,420457,318.730099
8,34,420457,314.667479
8,35,420457,302.568858
8,36,420457,302.614090
8,37,420457,296.107032
8,38,420457,288.145965
8,39,420457,289.275993
8,40,420457,281.073767
8,41,420457,274.786762
8,42,420457,272.029890
8,43,420457,264.998045
8,44,420457,262.605509
8,45,420457,265.413320
8,46,420457,259.717311
8,47,420457,258.398475
8,48,420457,255.144402
8,49,420457,252.649734
8,50,420457,257.196403
8,51,420457,258.983892
8,52,420457,253.325222
8,53,420457,248.877736
8,54,420457,236.240855
8,55,420457,240.874005
8,56,420457,235.265697
8,57,420457,239.790297
8,58,420457,240.931488
8,59,420457,237.434585
8,60,420457,234.100383
8,61,420457,237.600234
8,62,420457,227.840195
8,63,420457,240.864253
8,64,420457,237.069931
8,65,420457,232.644962
8,66,420457,237.748497
8,67,420457,232.918392
8,68,420457,231.384250
8,69,420457,233.792311
8,70,420457,234.913101
8,71,420457,229.492703
8,72,420457,234.156069
8,73,420457,234.362264
8,74,420457,238.193607
8,75,420457,234.017688
8,76,420457,235.265890
8,77,420457,243.200590
8,78,420457,242.147805
8,79,420457,235.069318
8,80,420457,226.486973
8,81,420457,233.283753
8,82,420457,226.721718
8,83,420457,231.255233
8,84,420457,237.453385
8,85,420457,242.556408
8,86,420457,235.611686
8,87,420457,231.730174
8,88,420457,250.973104
8,89,420457,231.897363
8,90,420457,241.193303
8,91,420457,231.956771
8,92,420457,243.636009
8,93,420457,236.184077
8,94,420457,240.119157
8,95,420457,236.652986
8,96,420457,232.054223
8,97,420457,238.576035
8,98,420457,239.256016
8,99,420457,256.931378
8,100,420457,245.047165
8,101,420457,240.118193
8,102,420457,235.512053
8,103,420457,242.532542
8,104,420457,243.933561
8,105,420457,246.804372
8,106,420457,259.202596
8,107,420457,253.264660
8,108,420457,249.550850
8,109,420457,244.304696
8,110,420457,249.037611
8,111,420457,262.454232
8,112,420457,246.903684
8,113,420457,268.579181
8,114,420457,251.748547
8,115,420457,254.664138
8,116,420457,254.442612
8,117,420457,255.579374
8,118,420457,255.617739
8,119,420457,249.903704
8,120,420457,254.210754
8,121,420457,255.563208
8,122,420457,256.733588
8,123,420457,266.086178
8,124,420457,260.258139
8,125,420457,263.518822
8,126,420457,265.334730
8,127,420457,268.746560
8,128,420457,269.745839
8,129,420457,271.453392
8,130,420457,264.620748
8,131,420457,267.939555
8,132,420457,286.444379
8,133,420457,277.170700
8,134,420457,268.912145
8,135,420457,262.929044
8,136,420457,274.239005
8,137,420457,285.310247
8,138,420457,277.139842
8,139,420457,281.114184
8,140,420457,307.558264
8,141,420457,286.778819
8,142,420457,278.299636
8,143,420457,288.515112
8,144,420457,289.673498
8,145,420457,302.747853
8,146,420457,288.582155
8,147,420457,294.207015
8,148,420457,282.790236
8,149,420457,294.175258
8,150,420457,284.659138
8,151,420457,304.722609
8,152,420457,291.461435
8,153,420457,297.921594
8,154,420457,317.290267
8,155,420457,309.849690
8,156,420457,313.355638
8,157,420457,295.786771
8,158,420457,309.821396
8,159,420457,313.780342
8,160,420457,327.908187
8,161,420457,302.283175
8,162,420457,330.049749
8,163,420457,319.411104
8,164,420457,315.244234
8,165,420457,320.557941
8,166,420457,330.498770
8,167,420457,324.445547
8,168,420457,315.343033
8,169,420457,328.053691
8,170,420457,322.789640
8,171,420457,333.178592
8,172,420457,325.701190
8,173,420457,323.013540
8,174,420457,341.583354
8,175,420457,338.152021
8,176,420457,324.525868
8,177,420457,329.879033
8,178,420457,335.967733
8,179,420457,342.535160
8,180,420457,339.813381
8,181,420457,338.973718
8,182,420457,346.136632
8,183,420457,346.539336
8,184,420457,335.568881
8,185,420457,326.648055
8,186,420457,357.344845
8,187,420457,349.204721
8,188,420457,348.811899
8,189,420457,354.296131
8,190,420457,350.078513
8,191,420457,360.485747
8,192,420457,362.663493
8,193,420457,365.480863
8,194,420457,353.957648
8,195,420457,358.707113
8,196,420457,374.143401
8,197,420457,361.270046
8,198,420457,360.552022
8,199,420457,371.447668
8,200,420457,359.654877
8,201,420457,357.910694
8,202,420457,356.251642
8,203,420457,371.720457
8,204,420457,375.850183
8,205,420457,375.623844
8,206,420457,391.788998
8,207,420457,376.199893
8,208,420457,361.203899
8,209,420457,369.605650
8,210,420457,377.973908
8,211,420457,397.274897
8,212,420457,375.652650
8,213,420457,367.482373
8,214,420457,399.484077
8,215,420457,371.769534
8,216,420457,385.982515
8,217,420457,389.847088
8,218,420457,373.180049
8,219,420457,413.072827
8,220,420457,375.386278
8,221,420457,399.426339
8,222,420457,390.448862
8,223,420457,392.822216
8,224,420457,394.851567
8,225,420457,388.781214
8,226,420457,402.581228
8,227,420457,403.132513
8,228,420457,404.400794
8,229,420457,414.380436
8,230,420457,389.870889
8,231,420457,388.474490
8,232,420457,414.741822
8,233,420457,394.008635
8,234,420457,410.015582
8,235,420457,424.077220
8,236,420457,436.316018
8,237,420457,416.370976
8,238,420457,406.557943
8,239,420457,418.981316
8,240,420457,415.502317
9,1,420457,8438.945479
9,2,420457,4837.030590
9,3,420457,3242.319548
9,4,420457,2444.585030
9,5,420457,1967.304010
9,6,420457,1644.072405
9,7,420457,1428.924777
9,8,420457,1243.060730
9,9,420457,1104.496487
9,10,420457,997.460679
9,11,420457,911.417819
9,12,420457,836.844606
9,13,420457,781.659759
9,14,420457,723.620783
9,15,420457,690.254884
9,16,420457,644.665711
9,17,420457,610.493255
9,18,420457,575.388177
9,19,420457,549.674245
9,20,420457,523.988608
9,21,420457,506.403510
9,22,420457,483.501176
9,23,420457,466.076400
9,24,420457,450.548693
9,25,420457,433.642292
9,26,420457,414.544672
9,27,420457,407.617786
9,28,420457,397.158329
9,29,420457,389.397681
9,30,420457,370.005849
9,31,420457,361.521788
9,32,420457,353.598959
9,33,420457,346.711014
9,34,420457,337.504568
9,35,420457,337.530486
9,36,420457,330.073872
9,37,420457,324.125156
9,38,420457,318.619816
9,39,420457,309.629893
9,40,420457,307.669189
9,41,420457,302.172251
9,42,420457,296.659215
9,43,420457,297.407007
9,44,420457,292.051982
9,45,420457,281.282848
9,46,420457,287.018760
9,47,420457,280.554880
9,48,420457,271.164117
9,49,420457,280.618970
9,50,420457,280.242893
9,51,420457,266.759614
9,52,420457,268.832209
9,53,420457,261.362762
9,54,420457,266.314763
9,55,420457,259.843504
9,56,420457,252.650758
9,57,420457,259.713464
9,58,420457,254.248028
9,59,420457,256.327999
9,60,420457,260.258717
9,61,420457,250.159491
9,62,420457,251.783190
9,63,420457,249.856164
9,64,420457,254.691661
9,65,420457,253.653760
9,66,420457,251.493915
9,67,420457,250.157694
9,68,420457,245.978888
9,69,420457,253.804588
9,70,420457,253.459625
9,71,420457,248.286547
9,72,420457,246.575208
9,73,420457,250.204206
9,74,420457,250.137869
9,75,420457,251.390691
9,76,420457,243.811472
9,77,420457,247.667707
9,78,420457,248.500697
9,79,420457,252.128922
9,80,420457,253.942715
9,81,420457,250.570083
9,82,420457,244.871635
9,83,420457,262.505813
9,84,420457,248.348712
9,85,420457,243.613362
9,86,420457,241.088154
9,87,420457,234.696642
9,88,420457,250.668367
9,89,420457,255.919204
9,90,420457,246.653673
9,91,420457,250.959310
9,92,420457,251.021799
9,93,420457,248.793693
9,94,420457,259.541336
9,95,420457,237.380055
9,96,420457,253.013042
9,97,420457,258.154365
9,98,420457,255.965139
9,99,420457,253.123068
9,100,420457,254.043887
9,101,420457,260.831878
9,102,420457,264.163194
9,103,420457,246.822913
9,104,420457,246.964697
9,105,420457,246.812711
9,106,420457,256.140795
9,107,420457,253.191137
9,108,420457,262.789187
9,109,420457,261.085997
9,110,420457,251.082745
9,111,420457,257.091444
9,112,420457,273.801724
9,113,420457,264.635889
9,114,420457,266.748643
9,115,420457,256.172039
9,116,420457,259.825991
9,117,420457,262.558421
9,118,420457,271.606209
9,119,420457,267.794500
9,120,420457,269.413775
9,121,420457,263.040096
9,122,420457,263.209530
9,123,420457,285.539023
9,124,420457,277.357584
9,125,420457,263.479494
9,126,420457,264.282137
9,127,420457,272.109316
9,128,420457,269.889869
9,129,420457,265.655827
9,130,420457,266.034211
9,131,420457,288.131337
9,132,420457,282.920919
9,133,420457,286.993291
9,134,420457,288.004631
9,135,420457,295.769895
9,136,420457,285.957955
9,137,420457,279.191968
9,138,420457,291.079905
9,139,420457,289.701405
9,140,420457,294.709799
9,141,420457,296.700145
9,142,420457,306.702691
9,143,420457,291.124299
9,144,420457,320.910987
9,145,420457,300.765011
9,146,420457,319.295241
9,147,420457,302.120864
9,148,420457,318.042165
9,149,420457,299.209250
9,150,420457,289.943141
9,151,420457,312.817055
9,152,420457,307.484871
9,153,420457,302.343803
9,154,420457,322.981079
9,155,420457,303.115332
9,156,420457,317.494473
9,157,420457,315.067551
9,158,420457,334.011195
9,159,420457,320.045470
9,160,420457,316.893212
9,161,420457,316.835729
9,162,420457,323.486364
9,163,420457,317.297580
9,164,420457,324.416035
9,165,420457,331.449355
9,166,420457,314.955023
9,167,420457,320.745723
9,168,420457,323.062299
9,169,420457,338.462018
9,170,420457,342.224200
9,171,420457,337.227417
9,172,420457,333.063049
9,173,420457,329.913163
9,174,420457,337.210546
9,175,420457,356.794715
9,176,420457,338.122892
9,177,420457,343.566004
9,178,420457,327.238922
9,179,420457,338.126295
9,180,420457,344.833130
9,181,420457,359.823476
9,182,420457,344.983318
9,183,420457,354.058630
9,184,420457,352.343057
9,185,420457,350.212918
9,186,420457,352.725615
9,187,420457,353.470328
9,188,420457,368.988285
9,189,420457,361.026705
9,190,420457,346.540359
9,191,420457,358.888095
9,192,420457,372.847405
9,193,420457,373.497104
9,194,420457,350.165763
9,195,420457,374.514346
9,196,420457,366.990753
9,197,420457,379.683578
9,198,420457,349.591638
9,199,420457,382.128204
9,200,420457,394.074073
9,201,420457,370.427155
9,202,420457,362.863143
9,203,420457,379.403091
9,204,420457,359.369643
9,205,420457,384.679396
9,206,420457,366.994088
9,207,420457,389.390880
9,208,420457,375.631736
9,209,420457,381.613938
9,210,420457,376.801925
9,211,420457,386.424798
9,212,420457,388.025917
9,213,420457,391.259268
9,214,420457,404.393482
9,215,420457,401.693387
9,216,420457,388.938075
9,217,420457,402.848884
9,218,420457,384.063893
9,219,420457,392.018030
9,220,420457,412.926169
9,221,420457,420.846049
9,222,420457,387.605189
9,223,420457,395.238423
9,224,420457,406.746624
9,225,420457,403.683412
9,226,420457,407.282449
9,227,420457,412.518271
9,228,420457,396.672932
9,229,420457,439.082834
9,230,420457,412.588841
9,231,420457,427.575337
9,232,420457,409.884448
9,233,420457,405.150958
9,234,420457,407.636200
9,235,420457,415.187314
9,236,420457,422.374095
9,237,420457,417.977163
9,238,420457,421.933411
9,239,420457,435.940711
9,240,420457,430.810359
10,1,420457,9323.515876
10,2,420457,5304.537393
10,3,420457,3532.109486
10,4,420457,2648.413009
10,5,420457,2141.696679
10,6,420457,1779.837948
10,7,420457,1533.593328
10,8,420457,1346.675792
10,9,420457,1200.605407
10,10,420457,1085.090604
10,11,420457,988.345847
10,12,420457,908.439740
10,13,420457,844.023107
10,14,420457,789.348873
10,15,420457,740.202815
10,16,420457,695.752652
10,17,420457,657.777341
10,18,420457,625.459991
10,19,420457,599.170654
10,20,420457,577.421122
10,21,420457,541.716836
10,22,420457,523.139964
10,23,420457,506.498010
10,24,420457,484.392417
10,25,420457,475.686254
10,26,420457,458.319220
10,27,420457,437.028269
10,28,420457,426.558223
10,29,420457,415.430783
10,30,420457,404.268122
10,31,420457,396.841147
10,32,420457,383.239436
10,33,420457,373.658581
10,34,420457,368.869406
10,35,420457,357.026956
10,36,420457,354.856206
10,37,420457,346.198478
10,38,420457,340.729003
10,39,420457,340.270358
10,40,420457,332.909461
10,41,420457,327.214414
10,42,420457,320.979888
10,43,420457,313.046667
10,44,420457,309.933604
10,45,420457,311.657773
10,46,420457,302.801356
10,47,420457,299.892695
10,48,420457,299.521557
10,49,420457,289.223576
10,50,420457,284.784751
10,51,420457,287.551759
10,52,420457,289.736369
10,53,420457,284.571564
10,54,420457,278.755265
10,55,420457,275.231804
10,56,420457,274.983077
10,57,420457,270.843470
10,58,420457,271.471099
10,59,420457,262.158605
10,60,420457,272.386848
10,61,420457,258.970226
10,62,420457,270.904160
10,63,420457,268.976813
10,64,420457,276.865707
10,65,420457,268.375808
10,66,420457,261.736272
10,67,420457,269.967754
10,68,420457,264.795957
10,69,420457,260.832648
10,70,420457,251.047780
10,71,420457,268.738157
10,72,420457,265.870488
10,73,420457,261.553109
10,74,420457,252.268523
10,75,420457,262.174003
10,76,420457,256.189168
10,77,420457,262.972798
10,78,420457,265.684504
10,79,420457,268.170128
10,80,420457,251.782548
10,81,420457,261.702399
10,82,420457,255.032773
10,83,420457,249.252080
10,84,420457,258.540130
10,85,420457,251.275210
10,86,420457,267.277025
10,87,420457,255.687090
10,88,420457,254.430678
10,89,420457,253.606991
10,90,420457,266.650423
10,91,420457,272.608440
10,92,420457,258.913257
10,93,420457,263.183546
10,94,420457,261.218606
10,95,420457,260.852471
10,96,420457,257.350888
10,97,420457,262.415995
10,98,420457,265.764377
10,99,420457,262.540649
10,100,420457,276.781729
10,101,420457,263.895089
10,102,420457,269.694258
10,103,420457,272.575080
10,104,420457,271.345034
10,105,420457,259.393715
10,106,420457,273.170631
10,107,420457,272.445677
10,108,420457,267.432858
10,109,420457,277.013712
10,110,420457,269.240490
10,111,420457,265.320552
10,112,420457,270.525838
10,113,420457,255.458763
10,114,420457,258.925125
10,115,420457,276.951481
10,116,420457,276.088019
10,117,420457,282.794211
10,118,420457,271.500547
10,119,420457,269.776700
10,120,420457,282.560304
10,121,420457,273.783633
10,122,420457,287.251451
10,123,420457,272.025719
10,124,420457,270.380270
10,125,420457,286.432125
10,126,420457,282.359371
10,127,420457,274.654282
10,128,420457,295.864588
10,129,420457,279.987493
10,130,420457,303.687724
10,131,420457,285.444200
10,132,420457,282.732495
10,133,420457,296.789000
10,134,420457,302.618962
10,135,420457,283.428706
10,136,420457,322.813056
10,137,420457,313.329204
10,138,420457,295.687648
10,139,420457,303.730516
10,140,420457,307.446633
10,141,420457,288.090343
10,142,420457,319.340921
10,143,420457,319.027586
10,144,420457,316.732117
10,145,420457,303.119117
10,146,420457,308.868246
10,147,420457,315.752856
10,148,420457,310.873091
10,149,420457,298.507715
10,150,420457,331.045627
10,151,420457,335.297954
10,152,420457,329.880056
10,153,420457,312.735449
10,154,420457,331.686921
10,155,420457,327.048509
10,156,420457,323.184643
10,157,420457,330.683152
10,158,420457,314.852568
10,159,420457,315.806488
10,160,420457,322.664538
10,161,420457,330.989043
10,162,420457,333.628190
10,163,420457,340.887272
10,164,420457,339.769113
10,165,420457,348.996409
10,166,420457,316.484158
10,167,420457,331.882788
10,168,420457,340.465967
10,169,420457,339.222385
10,170,420457,350.446121
10,171,420457,330.865095
10,172,420457,339.991090
10,173,420457,326.430376
10,174,420457,337.549476
10,175,420457,328.134784
10,176,420457,346.801344
10,177,420457,350.690617
10,178,420457,357.897412
10,179,420457,365.203905
10,180,420457,356.472594
10,181,420457,353.328353
10,182,420457,349.356254
10,183,420457,368.862477
10,184,420457,353.504394
10,185,420457,371.255142
10,186,420457,360.069959
10,187,420457,361.921668
10,188,420457,368.480497
10,189,420457,378.602757
10,190,420457,364.784330
10,191,420457,365.945411
10,192,420457,367.615752
10,193,420457,393.308767
10,194,420457,379.710843
10,195,420457,375.580924
10,196,420457,379.199271
10,197,420457,376.391523
10,198,420457,403.633178
10,199,420457,361.067892
10,200,420457,383.128833
10,201,420457,383.703211
10,202,420457,382.649402
10,203,420457,392.772498
10,204,420457,372.946269
10,205,420457,389.746621
10,206,420457,382.991221
10,207,420457,392.148332
10,208,420457,410.800712
10,209,420457,394.647813
10,210,420457,402.409293
10,211,420457,389.525993
10,212,420457,375.756644
10,213,420457,414.790130
10,214,420457,396.621606
10,215,420457,404.109018
10,216,420457,410.343158
10,217,420457,405.310065
10,218,420457,407.296433
10,219,420457,421.064497
10,220,420457,421.999174
10,221,420457,404.329132
10,222,420457,422.880726
10,223,420457,402.690934
10,224,420457,412.732805
10,225,420457,403.407096
10,226,420457,431.578230
10,227,420457,409.229105
10,228,420457,413.237643
10,229,420457,419.381325
10,230,420457,427.332256
10,231,420457,427.552820
10,232,420457,432.290865
10,233,420457,429.304895
10,234,420457,402.242426
10,235,420457,429.357823
10,236,420457,439.923844
10,237,420457,417.307960
10,238,420457,441.450734
10,239,420457,443.380646
10,240,420457,423.375042
