1000000,240,1,705.986155
1000000,240,1,844.593575
1000000,240,1,740.390726
1000000,240,1,725.269309
1000000,240,1,759.263798
1000000,240,1,834.519691
1000000,240,1,892.458520
1000000,240,1,823.080776
1000000,240,1,954.916627
1000000,240,1,787.064181
1025000,240,1,932.724554
1025000,240,1,998.844438
1025000,240,1,817.770082
1025000,240,1,772.701593
1025000,240,1,949.438938
1025000,240,1,646.636171
1025000,240,1,902.877240
1025000,240,1,840.838003
1025000,240,1,894.373421
1025000,240,1,893.609719
1050000,240,1,709.307401
1050000,240,1,758.673381
1050000,240,1,807.336993
1050000,240,1,801.288453
1050000,240,1,746.015906
1050000,240,1,953.045929
1050000,240,1,876.441564
1050000,240,1,932.355919
1050000,240,1,897.767545
1050000,240,1,876.512135
1075000,240,1,866.026245
1075000,240,1,865.355375
1075000,240,1,906.860627
1075000,240,1,1070.486409
1075000,240,1,810.865586
1075000,240,1,877.579804
1075000,240,1,873.400613
1075000,240,1,993.428725
1075000,240,1,929.683987
1075000,240,1,919.448879
1100000,240,1,847.964219
1100000,240,1,892.391157
1100000,240,1,1031.683944
1100000,240,1,915.593608
1100000,240,1,815.925689
1100000,240,1,977.543543
1100000,240,1,817.459700
1100000,240,1,921.627459
1100000,240,1,1036.319407
1100000,240,1,1010.478834
1125000,240,1,902.502253
1125000,240,1,1070.982776
1125000,240,1,973.694751
1125000,240,1,919.414812
1125000,240,1,985.944137
1125000,240,1,1067.637666
1125000,240,1,845.870516
1125000,240,1,920.872096
1125000,240,1,965.213066
1125000,240,1,909.939044
1150000,240,1,1070.696967
1150000,240,1,1086.569763
1150000,240,1,972.329147
1150000,240,1,912.416971
1150000,240,1,897.369526
1150000,240,1,950.302275
1150000,240,1,913.118505
1150000,240,1,939.638674
1150000,240,1,890.623299
1150000,240,1,997.465106
1175000,240,1,960.910699
1175000,240,1,1091.757793
1175000,240,1,1006.588663
1175000,240,1,1051.272927
1175000,240,1,932.584053
1175000,240,1,790.731926
1175000,240,1,919.083710
1175000,240,1,1045.053222
1175000,240,1,954.781068
1175000,240,1,995.125818
1200000,240,1,914.981507
1200000,240,1,948.029260
1200000,240,1,987.635778
1200000,240,1,967.870820
1200000,240,1,1004.480205
1200000,240,1,1005.126953
1200000,240,1,823.773843
1200000,240,1,805.078028
1200000,240,1,838.232216
1200000,240,1,1025.056470
1225000,240,1,1043.720719
1225000,240,1,925.897811
1225000,240,1,904.351137
1225000,240,1,985.075668
1225000,240,1,994.751282
1225000,240,1,922.776989
1225000,240,1,1245.644576
1225000,240,1,1087.366314
1225000,240,1,929.140465
1225000,240,1,1000.565720
1250000,240,1,945.424114
1250000,240,1,932.432325
1250000,240,1,843.092218
1250000,240,1,1020.942653
1250000,240,1,877.356159
1250000,240,1,1067.586342
1250000,240,1,946.313818
1250000,240,1,996.547238
1250000,240,1,866.678381
1250000,240,1,986.962984
1275000,240,1,964.976782
1275000,240,1,1076.317142
1275000,240,1,1111.091245
1275000,240,1,828.324682
1275000,240,1,829.182756
1275000,240,1,905.416689
1275000,240,1,986.127043
1275000,240,1,945.718971
1275000,240,1,954.028978
1275000,240,1,871.364588
1300000,240,1,1006.849710
1300000,240,1,935.594403
1300000,240,1,910.987661
1300000,240,1,1002.810057
1300000,240,1,1068.169706
1300000,240,1,1014.146002
1300000,240,1,950.825266
1300000,240,1,1109.509950
1300000,240,1,987.188809
1300000,240,1,976.488385
1325000,240,1,861.966000
1325000,240,1,873.704644
1325000,240,1,905.452809
1325000,240,1,1063.716829
1325000,240,1,957.913246
1325000,240,1,915.894048
1325000,240,1,1061.372795
1325000,240,1,945.446890
1325000,240,1,1047.245272
1325000,240,1,924.547153
1350000,240,1,1065.762991
1350000,240,1,960.116909
1350000,240,1,890.496979
1350000,240,1,932.458824
1350000,240,1,985.156376
1350000,240,1,1007.822491
1350000,240,1,1042.046209
1350000,240,1,964.333694
1350000,240,1,988.798652
1350000,240,1,1076.836478
1375000,240,1,872.368487
1375000,240,1,961.097263
1375000,240,1,957.033937
1375000,240,1,994.852903
1375000,240,1,980.933306
1375000,240,1,937.866710
1375000,240,1,939.959834
1375000,240,1,1108.409692
1375000,240,1,962.192261
1375000,240,1,1092.109234
1400000,240,1,991.344969
1400000,240,1,970.896309
1400000,240,1,976.382658
1400000,240,1,1007.092792
1400000,240,1,1008.944501
1400000,240,1,1026.703524
1400000,240,1,1091.473459
1400000,240,1,1124.336891
1400000,240,1,1093.140206
1400000,240,1,1071.327225
1425000,240,1,1067.597185
1425000,240,1,1071.312919
1425000,240,1,979.372476
1425000,240,1,1109.598807
1425000,240,1,1103.224678
1425000,240,1,1005.898674
1425000,240,1,1065.322695
1425000,240,1,875.021556
1425000,240,1,1175.101841
1425000,240,1,976.255117
1450000,240,1,1012.342154
1450000,240,1,872.729937
1450000,240,1,979.068766
1450000,240,1,1073.712831
1450000,240,1,1068.409452
1450000,240,1,1166.849766
1450000,240,1,945.932799
1450000,240,1,947.423507
1450000,240,1,990.080984
1450000,240,1,970.684981
1475000,240,1,948.908054
1475000,240,1,1145.112679
1475000,240,1,955.044232
1475000,240,1,998.934385
1475000,240,1,1015.189802
1475000,240,1,1033.977747
1475000,240,1,1174.757903
1475000,240,1,960.085024
1475000,240,1,949.612541
1475000,240,1,1094.751269
1500000,240,1,1084.802163
1500000,240,1,1070.382863
1500000,240,1,966.477820
1500000,240,1,1057.567052
1500000,240,1,939.767691
1500000,240,1,1043.394298
1500000,240,1,880.336868
1500000,240,1,1090.742345
1500000,240,1,1063.274352
1500000,240,1,1046.449877
1525000,240,1,1177.780186
1525000,240,1,1136.562284
1525000,240,1,1130.610362
1525000,240,1,1159.226989
1525000,240,1,943.804646
1525000,240,1,1013.971821
1525000,240,1,1064.201649
1525000,240,1,978.107597
1525000,240,1,906.117137
1525000,240,1,1002.395999
1550000,240,1,1048.835098
1550000,240,1,1201.113513
1550000,240,1,998.848288
1550000,240,1,1218.314579
1550000,240,1,1038.391359
1550000,240,1,1132.931940
1550000,240,1,1108.391086
1550000,240,1,929.712153
1550000,240,1,1080.244781
1550000,240,1,1037.818388
1575000,240,1,1117.558397
1575000,240,1,1153.644533
1575000,240,1,994.584349
1575000,240,1,1063.248625
1575000,240,1,1072.732927
1575000,240,1,1114.762071
1575000,240,1,1074.953333
1575000,240,1,1180.472197
1575000,240,1,966.859222
1575000,240,1,997.166527
1600000,240,1,1351.828472
1600000,240,1,1252.670005
1600000,240,1,1069.578741
1600000,240,1,1150.769874
1600000,240,1,1228.401747
1600000,240,1,1016.727216
1600000,240,1,1069.929094
1600000,240,1,1064.124920
1600000,240,1,1130.135485
1600000,240,1,1161.957043
1625000,240,1,1330.141492
1625000,240,1,1172.600756
1625000,240,1,1323.322190
1625000,240,1,1139.165761
1625000,240,1,1133.141984
1625000,240,1,1209.438596
1625000,240,1,1080.710931
1625000,240,1,1095.294790
1625000,240,1,1086.104126
1625000,240,1,1212.252310
1650000,240,1,1203.006667
1650000,240,1,1055.486376
1650000,240,1,1245.226669
1650000,240,1,1161.828796
1650000,240,1,1088.486398
1650000,240,1,1206.408104
1650000,240,1,1237.187077
1650000,240,1,1081.234180
1650000,240,1,1124.610321
1650000,240,1,1137.884135
1675000,240,1,1106.462842
1675000,240,1,1175.032937
1675000,240,1,1258.336117
1675000,240,1,1141.423442
1675000,240,1,946.299317
1675000,240,1,1182.796214
1675000,240,1,1204.132652
1675000,240,1,1157.751934
1675000,240,1,1144.597899
1675000,240,1,1159.829533
1700000,240,1,1064.522746
1700000,240,1,1182.408332
1700000,240,1,1232.896129
1700000,240,1,1121.080896
1700000,240,1,1322.905568
1700000,240,1,1020.929631
1700000,240,1,1144.118404
1700000,240,1,1235.814544
1700000,240,1,1189.727079
1700000,240,1,1057.883657
1725000,240,1,1345.640201
1725000,240,1,1033.254397
1725000,240,1,973.944315
1725000,240,1,1065.261170
1725000,240,1,1054.899612
1725000,240,1,1151.482251
1725000,240,1,1223.440057
1725000,240,1,1189.898567
1725000,240,1,1072.994294
1725000,240,1,1163.596718
1750000,240,1,1228.944113
1750000,240,1,1101.604506
1750000,240,1,1034.345997
1750000,240,1,1059.108571
1750000,240,1,1034.750943
1750000,240,1,1274.979227
1750000,240,1,1149.032427
1750000,240,1,1312.982381
1750000,240,1,1136.523084
1750000,240,1,1103.673313
1775000,240,1,1153.336206
1775000,240,1,1050.996289
1775000,240,1,910.099047
1775000,240,1,1337.310500
1775000,240,1,1243.121100
1775000,240,1,1250.605110
1775000,240,1,1070.269564
1775000,240,1,1176.949505
1775000,240,1,1151.952187
1775000,240,1,1158.768407
1800000,240,1,1244.468485
1800000,240,1,1098.931742
1800000,240,1,1104.597468
1800000,240,1,1124.244831
1800000,240,1,1230.767529
1800000,240,1,1046.024207
1800000,240,1,1009.410072
1800000,240,1,1234.983222
1800000,240,1,1179.158044
1800000,240,1,1072.518135
1825000,240,1,1420.542340
1825000,240,1,1133.114526
1825000,240,1,1227.207884
1825000,240,1,1134.333537
1825000,240,1,1083.332114
1825000,240,1,1114.044239
1825000,240,1,1126.690936
1825000,240,1,1175.505952
1825000,240,1,1187.309332
1825000,240,1,1202.010467
1850000,240,1,1036.006265
1850000,240,1,1124.234503
1850000,240,1,1170.570888
1850000,240,1,1174.868316
1850000,240,1,1079.633446
1850000,240,1,1342.762717
1850000,240,1,1062.099609
1850000,240,1,1254.289473
1850000,240,1,1144.973591
1850000,240,1,1318.326629
1875000,240,1,1087.466588
1875000,240,1,1121.469738
1875000,240,1,1160.177316
1875000,240,1,1124.088227
1875000,240,1,1263.281383
1875000,240,1,1336.883225
1875000,240,1,1232.265356
1875000,240,1,1137.355819
1875000,240,1,1037.845398
1875000,240,1,1181.502527
1900000,240,1,1155.258292
1900000,240,1,1039.664452
1900000,240,1,1161.199309
1900000,240,1,1338.030831
1900000,240,1,1278.627597
1900000,240,1,1095.499895
1900000,240,1,1241.615638
1900000,240,1,1336.180151
1900000,240,1,1229.754135
1900000,240,1,1224.374156
1925000,240,1,1166.362316
1925000,240,1,1107.778789
1925000,240,1,1057.453435
1925000,240,1,1311.834777
1925000,240,1,1329.504750
1925000,240,1,1035.375428
1925000,240,1,1213.928939
1925000,240,1,1012.773596
1925000,240,1,1155.485207
1925000,240,1,1284.628663
1950000,240,1,1132.284938
1950000,240,1,1117.704607
1950000,240,1,1233.312880
1950000,240,1,1236.948548
1950000,240,1,1255.389732
1950000,240,1,1219.962787
1950000,240,1,1084.635297
1950000,240,1,1284.829148
1950000,240,1,1140.145281
1950000,240,1,1100.670666
1975000,240,1,1149.554007
1975000,240,1,1201.694181
1975000,240,1,1187.958131
1975000,240,1,1179.795490
1975000,240,1,1226.416660
1975000,240,1,1202.146860
1975000,240,1,1134.034510
1975000,240,1,1253.521985
1975000,240,1,1126.551078
1975000,240,1,1225.999844
2000000,240,1,1157.241966
2000000,240,1,988.055351
2000000,240,1,1263.426182
2000000,240,1,1105.284376
2000000,240,1,1206.344399
2000000,240,1,1185.128188
2000000,240,1,1089.368979
2000000,240,1,1011.231307
2000000,240,1,1104.976752
2000000,240,1,1272.737134
2025000,240,1,1234.624532
2025000,240,1,1232.465008
2025000,240,1,1198.448642
2025000,240,1,1273.042834
2025000,240,1,1125.357601
2025000,240,1,1095.339569
2025000,240,1,1123.642285
2025000,240,1,1265.661600
2025000,240,1,1201.120763
2025000,240,1,1250.334055
2050000,240,1,1273.653783
2050000,240,1,1100.857612
2050000,240,1,1352.175359
2050000,240,1,1259.469737
2050000,240,1,1339.233035
2050000,240,1,1193.563296
2050000,240,1,1314.037926
2050000,240,1,1258.181118
2050000,240,1,1000.183162
2050000,240,1,1129.568804
2075000,240,1,1229.907145
2075000,240,1,1201.598654
2075000,240,1,1375.357345
2075000,240,1,1105.359118
2075000,240,1,1175.365005
2075000,240,1,1254.151989
2075000,240,1,1294.946210
2075000,240,1,1156.205028
2075000,240,1,1368.172233
2075000,240,1,1171.635926
2100000,240,1,1259.084551
2100000,240,1,1047.700772
2100000,240,1,1027.336734
2100000,240,1,1309.005666
2100000,240,1,1286.213485
2100000,240,1,1146.777503
2100000,240,1,1076.713685
2100000,240,1,1004.978178
2100000,240,1,1232.016371
2100000,240,1,1122.437644
2125000,240,1,1209.668207
2125000,240,1,1271.105607
2125000,240,1,1105.914124
2125000,240,1,1244.006376
2125000,240,1,1173.548452
2125000,240,1,1245.006363
2125000,240,1,1384.452481
2125000,240,1,1231.210262
2125000,240,1,1444.317951
2125000,240,1,1192.844246
2150000,240,1,1431.699354
2150000,240,1,1351.576789
2150000,240,1,1337.097056
2150000,240,1,1220.198621
2150000,240,1,1214.925909
2150000,240,1,1485.218350
2150000,240,1,1273.828605
2150000,240,1,1179.515387
2150000,240,1,1298.230885
2150000,240,1,1413.700843
2175000,240,1,1305.055253
2175000,240,1,1223.003738
2175000,240,1,1337.683047
2175000,240,1,1553.529581
2175000,240,1,1148.106798
2175000,240,1,1294.228634
2175000,240,1,1329.431678
2175000,240,1,1368.799412
2175000,240,1,1380.356308
2175000,240,1,1320.731096
2200000,240,1,1372.584947
2200000,240,1,1339.578188
2200000,240,1,1239.460412
2200000,240,1,1311.469477
2200000,240,1,1271.031895
2200000,240,1,1310.828311
2200000,240,1,1292.503376
2200000,240,1,1396.604349
2200000,240,1,1273.008447
2200000,240,1,1254.281837
2225000,240,1,1335.937645
2225000,240,1,1458.826299
2225000,240,1,1281.922281
2225000,240,1,1393.256546
2225000,240,1,1245.406176
2225000,240,1,1298.617355
2225000,240,1,1235.750068
2225000,240,1,1227.434608
2225000,240,1,1138.415083
2225000,240,1,1267.139862
2250000,240,1,1310.580416
2250000,240,1,1399.018825
2250000,240,1,1247.330828
2250000,240,1,1223.967220
2250000,240,1,1318.014257
2250000,240,1,1304.395097
2250000,240,1,1378.578570
2250000,240,1,1417.719260
2250000,240,1,1221.307799
2250000,240,1,1326.580756
2275000,240,1,1250.039134
2275000,240,1,1562.309909
2275000,240,1,1412.879722
2275000,240,1,1223.731064
2275000,240,1,1286.447523
2275000,240,1,1341.598112
2275000,240,1,1243.212972
2275000,240,1,1526.450303
2275000,240,1,1443.326821
2275000,240,1,1296.088171
2300000,240,1,1501.230687
2300000,240,1,1589.609624
2300000,240,1,1406.739373
2300000,240,1,1408.488948
2300000,240,1,1377.301947
2300000,240,1,1415.548252
2300000,240,1,1160.652578
2300000,240,1,1497.174290
2300000,240,1,1540.454455
2300000,240,1,1279.650229
2325000,240,1,1364.589622
2325000,240,1,1346.164092
2325000,240,1,1247.899820
2325000,240,1,1245.929361
2325000,240,1,1307.041365
2325000,240,1,1463.680597
2325000,240,1,1511.130200
2325000,240,1,1264.587132
2325000,240,1,1407.393244
2325000,240,1,1518.466974
2350000,240,1,1418.615378
2350000,240,1,1422.284407
2350000,240,1,1348.025232
2350000,240,1,1374.333750
2350000,240,1,1195.163515
2350000,240,1,1353.353503
2350000,240,1,1347.502495
2350000,240,1,1358.976371
2350000,240,1,1338.975322
2350000,240,1,1263.555260
2375000,240,1,1399.126927
2375000,240,1,1447.076169
2375000,240,1,1259.340786
2375000,240,1,1415.292787
2375000,240,1,1372.247941
2375000,240,1,1424.035005
2375000,240,1,1347.323823
2375000,240,1,1242.743997
2375000,240,1,1246.367475
2375000,240,1,1162.441734
2400000,240,1,1485.209819
2400000,240,1,1528.135526
2400000,240,1,1325.278086
2400000,240,1,1426.602426
2400000,240,1,1257.801385
2400000,240,1,1419.995161
2400000,240,1,1384.081087
2400000,240,1,1369.088366
2400000,240,1,1255.890912
2400000,240,1,1277.269948
2425000,240,1,1401.409694
2425000,240,1,1434.691355
2425000,240,1,1281.364389
2425000,240,1,1643.778510
2425000,240,1,1171.534625
2425000,240,1,1546.772964
2425000,240,1,1280.180277
2425000,240,1,1236.875733
2425000,240,1,1566.535291
2425000,240,1,1485.175367
2450000,240,1,1384.577068
2450000,240,1,1440.022449
2450000,240,1,1330.571008
2450000,240,1,1325.493263
2450000,240,1,1403.544131
2450000,240,1,1246.686840
2450000,240,1,1315.052473
2450000,240,1,1421.964465
2450000,240,1,1224.051133
2450000,240,1,1283.736010
2475000,240,1,1346.618501
2475000,240,1,1408.338248
2475000,240,1,1314.343431
2475000,240,1,1378.060580
2475000,240,1,1167.451604
2475000,240,1,1338.544009
2475000,240,1,1234.620747
2475000,240,1,1348.971452
2475000,240,1,1520.168814
2475000,240,1,1498.369436
2500000,240,1,1426.909089
2500000,240,1,1297.902797
2500000,240,1,1380.444393
2500000,240,1,1310.439403
2500000,240,1,1293.978686
2500000,240,1,1401.935059
2500000,240,1,1204.766312
2500000,240,1,1295.654865
2500000,240,1,1365.294814
2500000,240,1,1459.142907
2525000,240,1,1554.736788
2525000,240,1,1137.560152
2525000,240,1,1490.423573
2525000,240,1,1320.717817
2525000,240,1,1497.618820
2525000,240,1,1389.930297
2525000,240,1,1432.444838
2525000,240,1,1264.658727
2525000,240,1,1308.465031
2525000,240,1,1307.583476
2550000,240,1,1474.993059
2550000,240,1,1362.763831
2550000,240,1,1624.391810
2550000,240,1,1324.422964
2550000,240,1,1176.456217
2550000,240,1,1331.665173
2550000,240,1,1409.862572
2550000,240,1,1348.593966
2550000,240,1,1337.531641
2550000,240,1,1289.836450
2575000,240,1,1368.846182
2575000,240,1,1329.653655
2575000,240,1,1387.372177
2575000,240,1,1455.122437
2575000,240,1,1379.133898
2575000,240,1,1210.078029
2575000,240,1,1316.717554
2575000,240,1,1362.248281
2575000,240,1,1352.465339
2575000,240,1,1239.797483
2600000,240,1,1304.244267
2600000,240,1,1532.286297
2600000,240,1,1321.331074
2600000,240,1,1527.928115
2600000,240,1,1425.805044
2600000,240,1,1579.201747
2600000,240,1,1366.038562
2600000,240,1,1282.656984
2600000,240,1,1395.083424
2600000,240,1,1339.487280
2625000,240,1,1249.134356
2625000,240,1,1435.895737
2625000,240,1,1466.750479
2625000,240,1,1173.861210
2625000,240,1,1466.465630
2625000,240,1,1374.073345
2625000,240,1,1455.860284
2625000,240,1,1494.171962
2625000,240,1,1294.616132
2625000,240,1,1229.262770
2650000,240,1,1308.513147
2650000,240,1,1365.515827
2650000,240,1,1339.069504
2650000,240,1,1508.160588
2650000,240,1,1400.838968
2650000,240,1,1310.917936
2650000,240,1,1512.486181
2650000,240,1,1496.901952
2650000,240,1,1493.563002
2650000,240,1,1499.134034
2675000,240,1,1428.785432
2675000,240,1,1675.658128
2675000,240,1,1382.660245
2675000,240,1,1114.921368
2675000,240,1,1504.402320
2675000,240,1,1479.538832
2675000,240,1,1160.349318
2675000,240,1,1332.274711
2675000,240,1,1121.598754
2675000,240,1,1227.080921
2700000,240,1,1358.053117
2700000,240,1,1314.300063
2700000,240,1,1486.636177
2700000,240,1,1449.663737
2700000,240,1,1409.458330
2700000,240,1,1269.424679
2700000,240,1,1211.303073
2700000,240,1,1355.246655
2700000,240,1,1408.487087
2700000,240,1,1510.163767
2725000,240,1,1440.564559
2725000,240,1,1362.973620
2725000,240,1,1356.541044
2725000,240,1,1436.947690
2725000,240,1,1504.275422
2725000,240,1,1323.631419
2725000,240,1,1500.221400
2725000,240,1,1326.165223
2725000,240,1,1304.554266
2725000,240,1,1502.462208
2750000,240,1,1428.667130
2750000,240,1,1352.337669
2750000,240,1,1299.481331
2750000,240,1,1398.711394
2750000,240,1,1503.086630
2750000,240,1,1446.826352
2750000,240,1,1465.165912
2750000,240,1,1326.526223
2750000,240,1,1339.128973
2750000,240,1,1550.302965
2775000,240,1,1345.224155
2775000,240,1,1319.186755
2775000,240,1,1512.872202
2775000,240,1,1364.192179
2775000,240,1,1338.506092
2775000,240,1,1542.929305
2775000,240,1,1415.416029
2775000,240,1,1335.655875
2775000,240,1,1398.235427
2775000,240,1,1331.623537
2800000,240,1,1276.847038
2800000,240,1,1330.943300
2800000,240,1,1525.413493
2800000,240,1,1380.563078
2800000,240,1,1116.261117
2800000,240,1,1384.710193
2800000,240,1,1419.638072
2800000,240,1,1363.646478
2800000,240,1,1443.186450
2800000,240,1,1461.228780
2825000,240,1,1469.464816
2825000,240,1,1580.877413
2825000,240,1,1300.873818
2825000,240,1,1360.246387
2825000,240,1,1511.177290
2825000,240,1,1501.177118
2825000,240,1,1478.128318
2825000,240,1,1418.206004
2825000,240,1,1308.320105
2825000,240,1,1399.256905
2850000,240,1,1362.962328
2850000,240,1,1359.927470
2850000,240,1,1488.487757
2850000,240,1,1399.257675
2850000,240,1,1395.400671
2850000,240,1,1418.447035
2850000,240,1,1373.401578
2850000,240,1,1469.821903
2850000,240,1,1156.633776
2850000,240,1,1404.761538
2875000,240,1,1320.273028
2875000,240,1,1348.811194
2875000,240,1,1326.445260
2875000,240,1,1312.563898
2875000,240,1,1218.141746
2875000,240,1,1252.986996
2875000,240,1,1530.393464
2875000,240,1,1285.933447
2875000,240,1,1471.244991
2875000,240,1,1376.933376
2900000,240,1,1422.032020
2900000,240,1,1357.392062
2900000,240,1,1429.906093
2900000,240,1,1409.675881
2900000,240,1,1404.205314
2900000,240,1,1439.896321
2900000,240,1,1185.283827
2900000,240,1,1335.982873
2900000,240,1,1534.229811
2900000,240,1,1335.167079
2925000,240,1,1525.088931
2925000,240,1,1386.607769
2925000,240,1,1413.568105
2925000,240,1,1394.001899
2925000,240,1,1396.365115
2925000,240,1,1387.168357
2925000,240,1,1487.499769
2925000,240,1,1454.622154
2925000,240,1,1429.324462
2925000,240,1,1459.576274
2950000,240,1,1357.313665
2950000,240,1,1446.724409
2950000,240,1,1582.788656
2950000,240,1,1501.104559
2950000,240,1,1450.786067
2950000,240,1,1454.310618
2950000,240,1,1350.704090
2950000,240,1,1480.111095
2950000,240,1,1261.275318
2950000,240,1,1359.801151
2975000,240,1,1587.548579
2975000,240,1,1426.228530
2975000,240,1,1660.077876
2975000,240,1,1287.368791
2975000,240,1,1370.738244
2975000,240,1,1341.397178
2975000,240,1,1471.214069
2975000,240,1,1593.991800
2975000,240,1,1585.565353
2975000,240,1,1416.112688
3000000,240,1,1544.527662
3000000,240,1,1603.705520
3000000,240,1,1480.884355
3000000,240,1,1385.989057
3000000,240,1,1304.497746
3000000,240,1,1334.176138
3000000,240,1,1425.045256
3000000,240,1,1398.436362
3000000,240,1,1599.879185
3000000,240,1,1471.837785
3025000,240,1,1498.467720
3025000,240,1,1329.628250
3025000,240,1,1402.679450
3025000,240,1,1411.769902
3025000,240,1,1562.829178
3025000,240,1,1420.299960
3025000,240,1,1395.643178
3025000,240,1,1459.303744
3025000,240,1,1568.911018
3025000,240,1,1556.772042
3050000,240,1,1305.532440
3050000,240,1,1252.728067
3050000,240,1,1454.936067
3050000,240,1,1585.241883
3050000,240,1,1343.706053
3050000,240,1,1530.058767
3050000,240,1,1434.869578
3050000,240,1,1514.815524
3050000,240,1,1331.394953
3050000,240,1,1310.122092
3075000,240,1,1466.488084
3075000,240,1,1444.094437
3075000,240,1,1468.467206
3075000,240,1,1526.022773
3075000,240,1,1372.750338
3075000,240,1,1297.011810
3075000,240,1,1405.354459
3075000,240,1,1470.569181
3075000,240,1,1335.097405
3075000,240,1,1219.834798
3100000,240,1,1553.724742
3100000,240,1,1477.904541
3100000,240,1,1646.440689
3100000,240,1,1641.184272
3100000,240,1,1376.655200
3100000,240,1,1571.608546
3100000,240,1,1372.895906
3100000,240,1,1570.994453
3100000,240,1,1360.723125
3100000,240,1,1332.153009
3125000,240,1,1367.957442
3125000,240,1,1439.254513
3125000,240,1,1379.797130
3125000,240,1,1403.762965
3125000,240,1,1528.299829
3125000,240,1,1461.190672
3125000,240,1,1504.273883
3125000,240,1,1497.615677
3125000,240,1,1383.329767
3125000,240,1,1470.663874
3150000,240,1,1423.619024
3150000,240,1,1386.202696
3150000,240,1,1312.835272
3150000,240,1,1405.297747
3150000,240,1,1371.272334
3150000,240,1,1403.208216
3150000,240,1,1345.343805
3150000,240,1,1432.698508
3150000,240,1,1361.764040
3150000,240,1,1500.337264
3175000,240,1,1531.576550
3175000,240,1,1360.004394
3175000,240,1,1292.228023
3175000,240,1,1200.463239
3175000,240,1,1394.003053
3175000,240,1,1333.773501
3175000,240,1,1403.690212
3175000,240,1,1437.378748
3175000,240,1,1294.929529
3175000,240,1,1522.139082
3200000,240,1,1366.725857
3200000,240,1,1436.254943
3200000,240,1,1472.403439
3200000,240,1,1468.017029
3200000,240,1,1491.883421
3200000,240,1,1577.311803
3200000,240,1,1562.025702
3200000,240,1,1372.976101
3200000,240,1,1532.975643
3200000,240,1,1538.533204
3225000,240,1,1376.960838
3225000,240,1,1507.007788
3225000,240,1,1506.683933
3225000,240,1,1631.566273
3225000,240,1,1450.513854
3225000,240,1,1586.556997
3225000,240,1,1467.385614
3225000,240,1,1437.691120
3225000,240,1,1412.269414
3225000,240,1,1290.881665
3250000,240,1,1560.467310
3250000,240,1,1546.834101
3250000,240,1,1565.755998
3250000,240,1,1580.773033
3250000,240,1,1523.113468
3250000,240,1,1394.804287
3250000,240,1,1357.388855
3250000,240,1,1643.812127
3250000,240,1,1533.096897
3250000,240,1,1399.320546
3275000,240,1,1610.180757
3275000,240,1,1494.179210
3275000,240,1,1679.659738
3275000,240,1,1727.448594
3275000,240,1,1430.144812
3275000,240,1,1510.710625
3275000,240,1,1374.349596
3275000,240,1,1458.323774
3275000,240,1,1489.435328
3275000,240,1,1346.625815
3300000,240,1,1608.237756
3300000,240,1,1503.866948
3300000,240,1,1627.383299
3300000,240,1,1437.618686
3300000,240,1,1522.327440
3300000,240,1,1433.066948
3300000,240,1,1666.036408
3300000,240,1,1592.815132
3300000,240,1,1639.401211
3300000,240,1,1547.634756
3325000,240,1,1493.166907
3325000,240,1,1658.387135
3325000,240,1,1546.969467
3325000,240,1,1333.866142
3325000,240,1,1376.036876
3325000,240,1,1405.043693
3325000,240,1,1658.261903
3325000,240,1,1715.516328
3325000,240,1,1343.083427
3325000,240,1,1619.321507
3350000,240,1,1446.728131
3350000,240,1,1615.631692
3350000,240,1,1490.200377
3350000,240,1,1418.745354
3350000,240,1,1564.001935
3350000,240,1,1500.477764
3350000,240,1,1700.526624
3350000,240,1,1598.621807
3350000,240,1,1523.833545
3350000,240,1,1249.731384
3375000,240,1,1621.655789
3375000,240,1,1445.389534
3375000,240,1,1615.093882
3375000,240,1,1430.097210
3375000,240,1,1229.026745
3375000,240,1,1475.113862
3375000,240,1,1536.260705
3375000,240,1,1383.837361
3375000,240,1,1288.738886
3375000,240,1,1495.203060
3400000,240,1,1450.028075
3400000,240,1,1516.960485
3400000,240,1,1499.344784
3400000,240,1,1612.580668
3400000,240,1,1698.737915
3400000,240,1,1623.670900
3400000,240,1,1602.945218
3400000,240,1,1651.564306
3400000,240,1,1542.080210
3400000,240,1,1407.670136
3425000,240,1,1415.566407
3425000,240,1,1572.565353
3425000,240,1,1826.723502
3425000,240,1,1602.328753
3425000,240,1,1488.299526
3425000,240,1,1404.791434
3425000,240,1,1579.712037
3425000,240,1,1659.411305
3425000,240,1,1440.308774
3425000,240,1,1599.270095
3450000,240,1,1482.125499
3450000,240,1,1551.102402
3450000,240,1,1491.802713
3450000,240,1,1576.291416
3450000,240,1,1641.904412
3450000,240,1,1687.134059
3450000,240,1,1579.360787
3450000,240,1,1419.387997
3450000,240,1,1641.635089
3450000,240,1,1544.044511
3475000,240,1,1548.712881
3475000,240,1,1431.809766
3475000,240,1,1699.622550
3475000,240,1,1594.268182
3475000,240,1,1597.691175
3475000,240,1,1820.291761
3475000,240,1,1463.216561
3475000,240,1,1426.111320
3475000,240,1,1398.995472
3475000,240,1,1523.564672
3500000,240,1,1585.315726
3500000,240,1,1485.348778
3500000,240,1,1618.074074
3500000,240,1,1485.118525
3500000,240,1,1499.710084
3500000,240,1,1725.521117
3500000,240,1,1542.653053
3500000,240,1,1653.427435
3500000,240,1,1593.112364
3500000,240,1,1606.932713
3525000,240,1,1474.016554
3525000,240,1,1544.043485
3525000,240,1,1495.352734
3525000,240,1,1473.022280
3525000,240,1,1528.597763
3525000,240,1,1652.356045
3525000,240,1,1600.358038
3525000,240,1,1617.041756
3525000,240,1,1806.642771
3525000,240,1,1488.322045
3550000,240,1,1630.440862
3550000,240,1,1567.458032
3550000,240,1,1639.416928
3550000,240,1,1752.253191
3550000,240,1,1500.360103
3550000,240,1,1562.676426
3550000,240,1,1543.837738
3550000,240,1,1401.114836
3550000,240,1,1508.405727
3550000,240,1,1533.839619
3575000,240,1,1509.843185
3575000,240,1,1418.515295
3575000,240,1,1737.937434
3575000,240,1,1619.730815
3575000,240,1,1584.567100
3575000,240,1,1588.765857
3575000,240,1,1667.807216
3575000,240,1,1520.705858
3575000,240,1,1634.819383
3575000,240,1,1438.697839
3600000,240,1,1715.849549
3600000,240,1,1662.775598
3600000,240,1,1684.396883
3600000,240,1,1339.350117
3600000,240,1,1549.140925
3600000,240,1,1561.382419
3600000,240,1,1391.049034
3600000,240,1,1517.844733
3600000,240,1,1501.540876
3600000,240,1,1600.017822
3625000,240,1,1854.220108
3625000,240,1,1431.554686
3625000,240,1,1688.583899
3625000,240,1,1513.815923
3625000,240,1,1622.915921
3625000,240,1,1480.322805
3625000,240,1,1539.267009
3625000,240,1,1700.174671
3625000,240,1,1641.533467
3625000,240,1,1558.542145
3650000,240,1,1656.244226
3650000,240,1,1605.922782
3650000,240,1,1453.308004
3650000,240,1,1675.391820
3650000,240,1,1604.613957
3650000,240,1,1601.556196
3650000,240,1,1623.296234
3650000,240,1,1562.553314
3650000,240,1,1642.470453
3650000,240,1,1519.556134
3675000,240,1,1822.845389
3675000,240,1,1707.632375
3675000,240,1,1686.432140
3675000,240,1,1678.048996
3675000,240,1,1434.519228
3675000,240,1,1680.047425
3675000,240,1,1401.895090
3675000,240,1,1444.785451
3675000,240,1,1453.032008
3675000,240,1,1463.255117
3700000,240,1,1706.142052
3700000,240,1,1674.541509
3700000,240,1,1753.523077
3700000,240,1,1733.233201
3700000,240,1,1451.888508
3700000,240,1,1704.074335
3700000,240,1,1419.144592
3700000,240,1,1531.699921
3700000,240,1,1552.865513
3700000,240,1,1558.022618
3725000,240,1,1626.746173
3725000,240,1,1405.296271
3725000,240,1,1753.352809
3725000,240,1,1555.582992
3725000,240,1,1715.576953
3725000,240,1,1595.261686
3725000,240,1,1679.094082
3725000,240,1,1556.479111
3725000,240,1,1711.544231
3725000,240,1,1559.854181
3750000,240,1,1571.873761
3750000,240,1,1584.577045
3750000,240,1,1577.730287
3750000,240,1,1528.232595
3750000,240,1,1457.732330
3750000,240,1,1583.872749
3750000,240,1,1566.657505
3750000,240,1,1669.556211
3750000,240,1,1715.639378
3750000,240,1,1565.628331
3775000,240,1,1541.173124
3775000,240,1,1536.923363
3775000,240,1,1523.496218
3775000,240,1,1786.311000
3775000,240,1,1933.591736
3775000,240,1,1299.063746
3775000,240,1,1483.130681
3775000,240,1,1587.527343
3775000,240,1,1746.451711
3775000,240,1,1908.023504
3800000,240,1,1626.708964
3800000,240,1,1681.492840
3800000,240,1,1596.466261
3800000,240,1,1519.985139
3800000,240,1,1629.860067
3800000,240,1,1593.252605
3800000,240,1,1542.955863
3800000,240,1,1539.377036
3800000,240,1,1609.058107
3800000,240,1,1624.185616
3825000,240,1,1421.416130
3825000,240,1,1585.826721
3825000,240,1,1590.835756
3825000,240,1,1673.819380
3825000,240,1,1675.810625
3825000,240,1,1579.477613
3825000,240,1,1748.479589
3825000,240,1,1607.891124
3825000,240,1,1491.527489
3825000,240,1,1639.275017
3850000,240,1,1581.215511
3850000,240,1,1585.599356
3850000,240,1,1666.596225
3850000,240,1,1681.686652
3850000,240,1,1797.564122
3850000,240,1,1479.001917
3850000,240,1,1529.637076
3850000,240,1,1731.509289
3850000,240,1,1579.099548
3850000,240,1,1507.698609
3875000,240,1,1797.944304
3875000,240,1,1591.519713
3875000,240,1,1501.945310
3875000,240,1,1473.751272
3875000,240,1,1704.539972
3875000,240,1,1531.408526
3875000,240,1,1441.348469
3875000,240,1,1480.704271
3875000,240,1,1770.006631
3875000,240,1,1775.408103
3900000,240,1,1732.530704
3900000,240,1,1655.354972
3900000,240,1,1696.957034
3900000,240,1,1443.640281
3900000,240,1,1595.743106
3900000,240,1,1505.140554
3900000,240,1,1449.177507
3900000,240,1,1669.423732
3900000,240,1,1781.762535
3900000,240,1,1712.717243
3925000,240,1,1525.640539
3925000,240,1,1602.643562
3925000,240,1,1594.038634
3925000,240,1,1464.789514
3925000,240,1,1562.730702
3925000,240,1,1742.400510
3925000,240,1,1787.034028
3925000,240,1,1534.328610
3925000,240,1,1563.798435
3925000,240,1,1635.605027
3950000,240,1,1530.610825
3950000,240,1,1509.680296
3950000,240,1,1621.102900
3950000,240,1,1644.772915
3950000,240,1,1609.659368
3950000,240,1,1604.245322
3950000,240,1,1493.420384
3950000,240,1,1618.261600
3950000,240,1,1597.183516
3950000,240,1,1675.577357
3975000,240,1,1550.181970
3975000,240,1,1882.500306
3975000,240,1,1564.694102
3975000,240,1,1458.862227
3975000,240,1,1914.513496
3975000,240,1,1748.361222
3975000,240,1,1537.766231
3975000,240,1,1496.568281
3975000,240,1,1629.223006
3975000,240,1,1322.702646
4000000,240,1,1517.094054
4000000,240,1,1389.640059
4000000,240,1,1516.338950
4000000,240,1,1807.022631
4000000,240,1,1751.555312
4000000,240,1,1501.871019
4000000,240,1,1345.271630
4000000,240,1,1643.864800
4000000,240,1,1764.534267
4000000,240,1,1630.224149
4025000,240,1,1545.687649
4025000,240,1,1394.693683
4025000,240,1,1606.481895
4025000,240,1,1515.457651
4025000,240,1,1802.085900
4025000,240,1,1488.102956
4025000,240,1,1558.686687
4025000,240,1,1487.105345
4025000,240,1,1615.369490
4025000,240,1,1544.682597
4050000,240,1,1592.271610
4050000,240,1,1305.678005
4050000,240,1,1462.079861
4050000,240,1,1432.278483
4050000,240,1,1325.705937
4050000,240,1,1658.274030
4050000,240,1,1747.820588
4050000,240,1,1645.208207
4050000,240,1,1795.998803
4050000,240,1,1374.528909
4075000,240,1,1658.127114
4075000,240,1,1645.757886
4075000,240,1,1537.336456
4075000,240,1,1670.582436
4075000,240,1,1456.640409
4075000,240,1,1704.821999
4075000,240,1,1413.644064
4075000,240,1,1739.836746
4075000,240,1,1746.162115
4075000,240,1,1518.128685
4100000,240,1,1651.607932
4100000,240,1,1644.913734
4100000,240,1,1689.015536
4100000,240,1,1669.421037
4100000,240,1,1587.298310
4100000,240,1,1471.840029
4100000,240,1,1523.054383
4100000,240,1,1640.818909
4100000,240,1,1541.318432
4100000,240,1,1793.191505
4125000,240,1,1837.914455
4125000,240,1,1663.564769
4125000,240,1,1961.584647
4125000,240,1,1738.655332
4125000,240,1,1561.080570
4125000,240,1,1586.445176
4125000,240,1,1441.335512
4125000,240,1,1581.506133
4125000,240,1,1559.914552
4125000,240,1,1476.651018
4150000,240,1,1686.862170
4150000,240,1,1631.576986
4150000,240,1,1784.255923
4150000,240,1,1565.149220
4150000,240,1,1629.097714
4150000,240,1,1704.900972
4150000,240,1,1460.829798
4150000,240,1,1619.957477
4150000,240,1,1413.220769
4150000,240,1,1754.149936
4175000,240,1,1509.761514
4175000,240,1,1664.148517
4175000,240,1,1529.510692
4175000,240,1,1724.406554
4175000,240,1,1497.708124
4175000,240,1,1585.711049
4175000,240,1,1670.430003
4175000,240,1,1441.483390
4175000,240,1,1468.334533
4175000,240,1,1528.436094
4200000,240,1,1654.109209
4200000,240,1,1778.667950
4200000,240,1,1656.764781
4200000,240,1,1714.178310
4200000,240,1,1533.585308
4200000,240,1,1759.252702
4200000,240,1,1774.814156
4200000,240,1,1834.167415
4200000,240,1,1931.001349
4200000,240,1,1475.532667
4225000,240,1,1411.810065
4225000,240,1,1512.439669
4225000,240,1,1596.070040
4225000,240,1,1551.502731
4225000,240,1,1716.036497
4225000,240,1,1943.039278
4225000,240,1,1484.753355
4225000,240,1,1747.903221
4225000,240,1,1639.497441
4225000,240,1,1537.827564
4250000,240,1,1722.565302
4250000,240,1,1431.087444
4250000,240,1,1743.674631
4250000,240,1,1682.852799
4250000,240,1,1875.413287
4250000,240,1,1638.178285
4250000,240,1,1859.892250
4250000,240,1,1756.345643
4250000,240,1,1647.454341
4250000,240,1,1905.850186
4275000,240,1,1779.465977
4275000,240,1,1908.307325
4275000,240,1,1609.204187
4275000,240,1,1773.376955
4275000,240,1,1763.984587
4275000,240,1,1720.436188
4275000,240,1,1567.688094
4275000,240,1,1783.375713
4275000,240,1,1689.834989
4275000,240,1,1773.646406
4300000,240,1,1601.144129
4300000,240,1,1751.385493
4300000,240,1,1679.223803
4300000,240,1,1727.461039
4300000,240,1,1440.624867
4300000,240,1,1516.902808
4300000,240,1,1725.087303
4300000,240,1,1730.702218
4300000,240,1,1841.372927
4300000,240,1,1896.478543
4325000,240,1,1660.764079
4325000,240,1,1611.261511
4325000,240,1,1940.992987
4325000,240,1,1711.307051
4325000,240,1,1925.995135
4325000,240,1,1853.904337
4325000,240,1,1859.913101
4325000,240,1,1785.744768
4325000,240,1,1531.577126
4325000,240,1,1791.726266
4350000,240,1,1732.783024
4350000,240,1,1635.245951
4350000,240,1,1784.156160
4350000,240,1,1798.041564
4350000,240,1,1723.838908
4350000,240,1,1715.419840
4350000,240,1,1751.361756
4350000,240,1,1703.340016
4350000,240,1,2041.989945
4350000,240,1,1965.305963
4375000,240,1,1852.481057
4375000,240,1,1645.327728
4375000,240,1,1899.572997
4375000,240,1,1512.663763
4375000,240,1,1813.877729
4375000,240,1,1681.630259
4375000,240,1,2215.311803
4375000,240,1,1831.814527
4375000,240,1,1547.092517
4375000,240,1,1766.980308
4400000,240,1,1831.001811
4400000,240,1,1922.216464
4400000,240,1,1658.798303
4400000,240,1,1831.936034
4400000,240,1,1572.290065
4400000,240,1,1738.877883
4400000,240,1,1851.565821
4400000,240,1,1461.493419
4400000,240,1,2019.347181
4400000,240,1,1897.555705
4425000,240,1,1735.386053
4425000,240,1,1700.397031
4425000,240,1,1597.381563
4425000,240,1,1709.571012
4425000,240,1,1777.706011
4425000,240,1,1879.508690
4425000,240,1,1464.117170
4425000,240,1,1472.023320
4425000,240,1,1919.415070
4425000,240,1,1665.491346
4450000,240,1,1787.689116
4450000,240,1,1750.241416
4450000,240,1,1855.797041
4450000,240,1,1542.718747
4450000,240,1,1706.812151
4450000,240,1,1874.042615
4450000,240,1,1932.757144
4450000,240,1,1670.986228
4450000,240,1,2002.087094
4450000,240,1,1841.761065
4475000,240,1,1651.098157
4475000,240,1,1932.072481
4475000,240,1,1615.586206
4475000,240,1,1745.593253
4475000,240,1,1724.262333
4475000,240,1,1705.457325
4475000,240,1,1757.448340
4475000,240,1,1908.828584
4475000,240,1,1995.843585
4475000,240,1,1869.797665
4500000,240,1,1912.372126
4500000,240,1,2011.234708
4500000,240,1,1765.838540
4500000,240,1,1759.656493
4500000,240,1,1928.613881
4500000,240,1,1843.878375
4500000,240,1,1578.111559
4500000,240,1,1557.682851
4500000,240,1,1715.915949
4500000,240,1,1781.984512
4525000,240,1,1628.727667
4525000,240,1,1879.627890
4525000,240,1,1568.170603
4525000,240,1,1825.245495
4525000,240,1,1753.998594
4525000,240,1,2045.257489
4525000,240,1,1916.135848
4525000,240,1,1899.371486
4525000,240,1,1965.103362
4525000,240,1,1998.667628
4550000,240,1,1853.916013
4550000,240,1,1824.420333
4550000,240,1,1666.138607
4550000,240,1,1797.496373
4550000,240,1,1565.425985
4550000,240,1,1832.542109
4550000,240,1,1757.831795
4550000,240,1,1765.722676
4550000,240,1,1909.026825
4550000,240,1,1867.749899
4575000,240,1,1999.314695
4575000,240,1,1712.680672
4575000,240,1,1992.609400
4575000,240,1,1714.291802
4575000,240,1,1831.738824
4575000,240,1,1923.220299
4575000,240,1,1831.828384
4575000,240,1,1883.877072
4575000,240,1,1743.891923
4575000,240,1,1873.267236
4600000,240,1,1731.718884
4600000,240,1,1592.139193
4600000,240,1,1762.823766
4600000,240,1,1778.536497
4600000,240,1,1900.346195
4600000,240,1,1536.956210
4600000,240,1,1752.379256
4600000,240,1,1497.743089
4600000,240,1,1880.403141
4600000,240,1,1759.303383
4625000,240,1,1806.974579
4625000,240,1,1798.557050
4625000,240,1,1971.364705
4625000,240,1,1969.866426
4625000,240,1,1746.175267
4625000,240,1,1926.798934
4625000,240,1,1444.670099
4625000,240,1,1733.833370
4625000,240,1,2008.143717
4625000,240,1,1865.131731
4650000,240,1,1827.310134
4650000,240,1,1728.580483
4650000,240,1,1629.553087
4650000,240,1,1730.200270
4650000,240,1,1673.503224
4650000,240,1,1947.506781
4650000,240,1,1695.482494
4650000,240,1,1850.217665
4650000,240,1,1895.501653
4650000,240,1,1912.462330
4675000,240,1,1945.260326
4675000,240,1,1599.943723
4675000,240,1,1925.822943
4675000,240,1,1772.274771
4675000,240,1,1790.711013
4675000,240,1,1619.135200
4675000,240,1,2045.863820
4675000,240,1,1785.415846
4675000,240,1,1953.859735
4675000,240,1,1866.009115
4700000,240,1,1849.966306
4700000,240,1,1827.410152
4700000,240,1,1849.556226
4700000,240,1,1578.936466
4700000,240,1,1774.401638
4700000,240,1,1793.300375
4700000,240,1,1864.786705
4700000,240,1,1775.487015
4700000,240,1,1984.211117
4700000,240,1,1881.212841
4725000,240,1,1501.166017
4725000,240,1,1580.380211
4725000,240,1,1851.582885
4725000,240,1,1907.702921
4725000,240,1,1936.481153
4725000,240,1,1873.001569
4725000,240,1,1772.058118
4725000,240,1,1606.911222
4725000,240,1,1647.061455
4725000,240,1,1657.340958
4750000,240,1,1819.283179
4750000,240,1,2052.395898
4750000,240,1,1762.718102
4750000,240,1,1733.815343
4750000,240,1,1694.541596
4750000,240,1,1758.843199
4750000,240,1,1903.144125
4750000,240,1,1540.760027
4750000,240,1,2022.290168
4750000,240,1,1887.064875
4775000,240,1,2042.115881
4775000,240,1,1538.925576
4775000,240,1,1727.321760
4775000,240,1,1528.348395
4775000,240,1,1977.235600
4775000,240,1,1936.317750
4775000,240,1,1706.492980
4775000,240,1,2027.771834
4775000,240,1,1839.247726
4775000,240,1,1659.460640
4800000,240,1,1725.386327
4800000,240,1,1770.530713
4800000,240,1,1905.221786
4800000,240,1,1620.727720
4800000,240,1,1715.948861
4800000,240,1,1457.082952
4800000,240,1,1753.389698
4800000,240,1,1559.101000
4800000,240,1,1831.981329
4800000,240,1,1639.602723
4825000,240,1,1585.981847
4825000,240,1,2067.295208
4825000,240,1,1871.980992
4825000,240,1,1764.050410
4825000,240,1,1868.586609
4825000,240,1,1970.798407
4825000,240,1,2024.551056
4825000,240,1,1947.749221
4825000,240,1,1768.367982
4825000,240,1,1689.714825
4850000,240,1,2077.218971
4850000,240,1,1982.654715
4850000,240,1,1639.563970
4850000,240,1,1792.396044
4850000,240,1,1861.568879
4850000,240,1,1940.864676
4850000,240,1,1720.191565
4850000,240,1,1759.567831
4850000,240,1,1651.189706
4850000,240,1,1834.790872
4875000,240,1,1835.692892
4875000,240,1,1796.879717
4875000,240,1,1833.486343
4875000,240,1,1724.096556
4875000,240,1,1788.660168
4875000,240,1,1816.317870
4875000,240,1,1909.695706
4875000,240,1,1859.850101
4875000,240,1,1745.706551
4875000,240,1,1939.046907
4900000,240,1,1666.121028
4900000,240,1,1996.387429
4900000,240,1,1813.413248
4900000,240,1,1827.393729
4900000,240,1,1960.497478
4900000,240,1,1785.698193
4900000,240,1,1801.578177
4900000,240,1,1864.845086
4900000,240,1,2140.397538
4900000,240,1,1959.222202
4925000,240,1,1564.023554
4925000,240,1,1837.777035
4925000,240,1,1822.662998
4925000,240,1,1896.064547
4925000,240,1,1724.687680
4925000,240,1,1730.852856
4925000,240,1,1825.116415
4925000,240,1,1879.108875
4925000,240,1,1781.690744
4925000,240,1,1870.898695
4950000,240,1,1863.577767
4950000,240,1,2007.664287
4950000,240,1,1931.594268
4950000,240,1,1944.348874
4950000,240,1,1612.374089
4950000,240,1,1731.306110
4950000,240,1,1673.913431
4950000,240,1,1779.476817
4950000,240,1,1732.436716
4950000,240,1,1870.894974
4975000,240,1,1669.003065
4975000,240,1,1875.136908
4975000,240,1,2132.409013
4975000,240,1,1931.198432
4975000,240,1,1686.381777
4975000,240,1,1893.977713
4975000,240,1,1828.071013
4975000,240,1,1731.829553
4975000,240,1,1984.874671
4975000,240,1,1849.006418
5000000,240,1,1762.943222
5000000,240,1,2112.239044
5000000,240,1,1969.349530
5000000,240,1,1824.326474
5000000,240,1,1917.980114
5000000,240,1,1928.410894
5000000,240,1,1854.769340
5000000,240,1,2013.956358
5000000,240,1,1989.427565
5000000,240,1,1706.054033
5025000,240,1,1885.808913
5025000,240,1,2168.630902
5025000,240,1,1878.897357
5025000,240,1,1800.733383
5025000,240,1,1926.166750
5025000,240,1,1940.862945
5025000,240,1,1671.330099
5025000,240,1,1938.877603
5025000,240,1,1794.876153
5025000,240,1,2008.037861
5050000,240,1,2091.511502
5050000,240,1,1557.999328
5050000,240,1,1963.053159
5050000,240,1,1923.416229
5050000,240,1,1937.476648
5050000,240,1,1844.802528
5050000,240,1,1947.499210
5050000,240,1,1771.564829
5050000,240,1,1937.891218
5050000,240,1,1792.008549
5075000,240,1,1747.628508
5075000,240,1,1947.270433
5075000,240,1,1921.754421
5075000,240,1,1956.087457
5075000,240,1,1478.356004
5075000,240,1,1971.665720
5075000,240,1,1981.772646
5075000,240,1,1755.435603
5075000,240,1,1759.133565
5075000,240,1,1750.897466
5100000,240,1,1855.078952
5100000,240,1,1697.883305
5100000,240,1,1705.913467
5100000,240,1,1826.821145
5100000,240,1,1963.103711
5100000,240,1,1842.773689
5100000,240,1,1891.776614
5100000,240,1,1950.903214
5100000,240,1,1938.683405
5100000,240,1,1884.073902
5125000,240,1,2069.004619
5125000,240,1,2023.617471
5125000,240,1,1612.372869
5125000,240,1,2166.079072
5125000,240,1,1906.107447
5125000,240,1,1852.768087
5125000,240,1,1786.866264
5125000,240,1,1577.981966
5125000,240,1,2046.732352
5125000,240,1,1806.394361
5150000,240,1,1723.602496
5150000,240,1,1742.437915
5150000,240,1,1792.828835
5150000,240,1,1895.976273
5150000,240,1,1791.642415
5150000,240,1,1767.284916
5150000,240,1,1888.015526
5150000,240,1,1766.882151
5150000,240,1,1819.565461
5150000,240,1,2183.325559
5175000,240,1,2131.097748
5175000,240,1,1926.958424
5175000,240,1,2079.742638
5175000,240,1,2009.745733
5175000,240,1,1874.571122
5175000,240,1,1687.629401
5175000,240,1,1844.782768
5175000,240,1,1962.641540
5175000,240,1,1997.388375
5175000,240,1,1813.139114
5200000,240,1,1784.954249
5200000,240,1,1947.696743
5200000,240,1,2043.545706
5200000,240,1,1775.475017
5200000,240,1,2184.304565
5200000,240,1,1650.440181
5200000,240,1,1630.502710
5200000,240,1,1858.289336
5200000,240,1,1799.173196
5200000,240,1,2031.160953
5225000,240,1,2045.948119
5225000,240,1,1869.677761
5225000,240,1,1633.664720
5225000,240,1,1707.928451
5225000,240,1,1798.243780
5225000,240,1,2223.821267
5225000,240,1,1803.836113
5225000,240,1,1953.371902
5225000,240,1,1798.532863
5225000,240,1,2060.428497
5250000,240,1,1871.286705
5250000,240,1,1979.056062
5250000,240,1,2162.723761
5250000,240,1,2133.667800
5250000,240,1,1695.286630
5250000,240,1,2041.075028
5250000,240,1,1810.752545
5250000,240,1,1667.606796
5250000,240,1,1928.548443
5250000,240,1,2015.864267
5275000,240,1,1816.255317
5275000,240,1,1815.859097
5275000,240,1,1990.777967
5275000,240,1,2017.314235
5275000,240,1,2026.445876
5275000,240,1,1748.573704
5275000,240,1,1736.894980
5275000,240,1,1750.509713
5275000,240,1,1659.989662
5275000,240,1,1971.855235
5300000,240,1,1878.456226
5300000,240,1,1971.943126
5300000,240,1,1915.751174
5300000,240,1,1963.919636
5300000,240,1,1836.338676
5300000,240,1,1836.407196
5300000,240,1,2032.830973
5300000,240,1,1875.813550
5300000,240,1,1891.342350
5300000,240,1,1780.123247
5325000,240,1,1874.782130
5325000,240,1,1801.081167
5325000,240,1,1840.801817
5325000,240,1,2096.366180
5325000,240,1,1725.219654
5325000,240,1,1880.663482
5325000,240,1,1858.581627
5325000,240,1,1872.098459
5325000,240,1,1880.501234
5325000,240,1,1730.084855
5350000,240,1,1898.835663
5350000,240,1,1707.437408
5350000,240,1,1980.489417
5350000,240,1,2151.518114
5350000,240,1,1518.366124
5350000,240,1,1840.919863
5350000,240,1,2024.856884
5350000,240,1,1908.016510
5350000,240,1,1929.272945
5350000,240,1,1934.842954
5375000,240,1,1890.297137
5375000,240,1,1931.887329
5375000,240,1,1713.777148
5375000,240,1,1971.024235
5375000,240,1,1787.701627
5375000,240,1,1918.223262
5375000,240,1,1840.808811
5375000,240,1,1986.041460
5375000,240,1,1810.116767
5375000,240,1,1824.310116
5400000,240,1,1919.557945
5400000,240,1,2213.322096
5400000,240,1,2157.356162
5400000,240,1,1930.151422
5400000,240,1,1915.193668
5400000,240,1,1783.875291
5400000,240,1,1977.423895
5400000,240,1,1604.109570
5400000,240,1,1910.400321
5400000,240,1,1781.648466
5425000,240,1,1584.246645
5425000,240,1,1859.530032
5425000,240,1,1961.760818
5425000,240,1,2102.407599
5425000,240,1,1989.174024
5425000,240,1,1662.713944
5425000,240,1,1720.237564
5425000,240,1,1988.226518
5425000,240,1,2018.381070
5425000,240,1,2018.695365
5450000,240,1,2144.823020
5450000,240,1,2030.045811
5450000,240,1,1763.082183
5450000,240,1,2071.743271
5450000,240,1,1889.296701
5450000,240,1,1626.061124
5450000,240,1,1786.587957
5450000,240,1,1784.224742
5450000,240,1,1837.950960
5450000,240,1,1927.391278
5475000,240,1,2115.346780
5475000,240,1,1829.511296
5475000,240,1,1893.828425
5475000,240,1,1844.627448
5475000,240,1,1798.649370
5475000,240,1,2058.792606
5475000,240,1,2047.101628
5475000,240,1,1830.764308
5475000,240,1,1841.351177
5475000,240,1,1816.656863
5500000,240,1,1821.634399
5500000,240,1,1854.835097
5500000,240,1,1878.767188
5500000,240,1,1888.790902
5500000,240,1,1878.013172
5500000,240,1,1985.577298
5500000,240,1,1812.368995
5500000,240,1,2199.043166
5500000,240,1,1534.532430
5500000,240,1,1872.206045
5525000,240,1,1687.386253
5525000,240,1,2026.165712
5525000,240,1,2307.180261
5525000,240,1,2036.378686
5525000,240,1,1749.659209
5525000,240,1,1733.987470
5525000,240,1,1844.469563
5525000,240,1,1842.568070
5525000,240,1,1895.162400
5525000,240,1,1685.229808
5550000,240,1,1834.723702
5550000,240,1,1873.803573
5550000,240,1,1841.619538
5550000,240,1,1750.348106
5550000,240,1,1779.608143
5550000,240,1,1832.965469
5550000,240,1,2187.858178
5550000,240,1,2013.233974
5550000,240,1,2049.841692
5550000,240,1,2160.425147
5575000,240,1,2091.632242
5575000,240,1,1944.324048
5575000,240,1,2019.184676
5575000,240,1,1879.120810
5575000,240,1,2091.479359
5575000,240,1,1939.102144
5575000,240,1,1859.904633
5575000,240,1,1966.663484
5575000,240,1,2300.398557
5575000,240,1,1760.694587
5600000,240,1,1899.964600
5600000,240,1,1584.880754
5600000,240,1,1687.675529
5600000,240,1,2152.952880
5600000,240,1,1967.998680
5600000,240,1,1873.035187
5600000,240,1,1987.001091
5600000,240,1,1788.917686
5600000,240,1,2052.804117
5600000,240,1,1786.087870
5625000,240,1,1646.969456
5625000,240,1,1832.565590
5625000,240,1,1985.831416
5625000,240,1,1856.671794
5625000,240,1,1549.287456
5625000,240,1,2210.622964
5625000,240,1,1937.561525
5625000,240,1,1828.807771
5625000,240,1,2193.354215
5625000,240,1,1963.672319
5650000,240,1,1777.284446
5650000,240,1,1919.976684
5650000,240,1,1839.087146
5650000,240,1,1757.533538
5650000,240,1,1780.863852
5650000,240,1,2135.951848
5650000,240,1,2106.270120
5650000,240,1,1958.853502
5650000,240,1,1888.400199
5650000,240,1,1891.596019
5675000,240,1,1797.270421
5675000,240,1,2020.316181
5675000,240,1,1929.314070
5675000,240,1,1648.140927
5675000,240,1,1700.409734
5675000,240,1,1778.125519
5675000,240,1,1931.712891
5675000,240,1,1825.003182
5675000,240,1,1765.191600
5675000,240,1,2172.996527
5700000,240,1,1806.521069
5700000,240,1,2300.792277
5700000,240,1,1925.057444
5700000,240,1,2039.546663
5700000,240,1,2194.473657
5700000,240,1,1869.604881
5700000,240,1,1861.555535
5700000,240,1,1872.645894
5700000,240,1,1790.018908
5700000,240,1,1832.646362
5725000,240,1,2167.597942
5725000,240,1,1841.760552
5725000,240,1,2017.060631
5725000,240,1,2010.208804
5725000,240,1,2314.125563
5725000,240,1,1879.193947
5725000,240,1,2286.832069
5725000,240,1,1985.966912
5725000,240,1,2071.921108
5725000,240,1,1801.288260
5750000,240,1,1671.596536
5750000,240,1,2081.565669
5750000,240,1,1970.130810
5750000,240,1,1693.185038
5750000,240,1,1963.344744
5750000,240,1,1691.768494
5750000,240,1,2015.103002
5750000,240,1,1762.990632
5750000,240,1,1764.529072
5750000,240,1,1664.685750
5775000,240,1,1945.288683
5775000,240,1,1774.323434
5775000,240,1,1721.795312
5775000,240,1,1739.266087
5775000,240,1,1870.498495
5775000,240,1,2006.439244
5775000,240,1,1997.363226
5775000,240,1,1812.726019
5775000,240,1,1749.112414
5775000,240,1,1846.095060
5800000,240,1,1998.869781
5800000,240,1,1695.724231
5800000,240,1,1646.641302
5800000,240,1,1839.777969
5800000,240,1,1705.593655
5800000,240,1,1978.708214
5800000,240,1,1964.360381
5800000,240,1,1873.190635
5800000,240,1,1945.863640
5800000,240,1,1792.369616
5825000,240,1,2014.100131
5825000,240,1,1725.898542
5825000,240,1,1745.376858
5825000,240,1,2011.739545
5825000,240,1,2086.310771
5825000,240,1,1761.675325
5825000,240,1,1912.263385
5825000,240,1,2030.128890
5825000,240,1,1952.792003
5825000,240,1,2005.713973
5850000,240,1,1822.956186
5850000,240,1,2050.499152
5850000,240,1,1667.869382
5850000,240,1,2082.400647
5850000,240,1,1937.465165
5850000,240,1,1792.048390
5850000,240,1,1717.105964
5850000,240,1,2089.264663
5850000,240,1,1999.077836
5850000,240,1,2014.376639
5875000,240,1,1838.570312
5875000,240,1,2105.425196
5875000,240,1,1924.100572
5875000,240,1,2040.643329
5875000,240,1,2001.470692
5875000,240,1,1748.540408
5875000,240,1,1946.399591
5875000,240,1,1952.227632
5875000,240,1,2031.387934
5875000,240,1,2008.289029
5900000,240,1,1961.405657
5900000,240,1,2076.148480
5900000,240,1,1584.174856
5900000,240,1,1954.536445
5900000,240,1,2046.293723
5900000,240,1,1639.195016
5900000,240,1,2046.049165
5900000,240,1,1796.267547
5900000,240,1,2037.134881
5900000,240,1,1960.744408
5925000,240,1,1726.185700
5925000,240,1,2009.938198
5925000,240,1,2100.221259
5925000,240,1,2118.679314
5925000,240,1,1787.843025
5925000,240,1,1893.694852
5925000,240,1,1887.792010
5925000,240,1,1861.216604
5925000,240,1,1873.717283
5925000,240,1,1896.380770
5950000,240,1,1622.140226
5950000,240,1,2255.494817
5950000,240,1,1881.910464
5950000,240,1,2233.812969
5950000,240,1,1882.902816
5950000,240,1,1820.221126
5950000,240,1,2127.536115
5950000,240,1,1945.961862
5950000,240,1,1836.333161
5950000,240,1,2058.587888
5975000,240,1,1925.821019
5975000,240,1,2053.435402
5975000,240,1,1876.269950
5975000,240,1,1817.566006
5975000,240,1,1555.516656
5975000,240,1,1864.375471
5975000,240,1,1838.166328
5975000,240,1,2021.264008
5975000,240,1,1858.403532
5975000,240,1,1856.873112
6000000,240,1,2122.220803
6000000,240,1,2129.679407
6000000,240,1,1787.611937
6000000,240,1,1918.484245
6000000,240,1,1843.930146
6000000,240,1,1976.372008
6000000,240,1,1899.350315
6000000,240,1,2029.995191
6000000,240,1,1803.812314
6000000,240,1,2002.222139
6025000,240,1,2118.841626
6025000,240,1,2131.902957
6025000,240,1,1749.597685
6025000,240,1,2097.330045
6025000,240,1,2022.645137
6025000,240,1,1892.403796
6025000,240,1,1878.872401
6025000,240,1,1911.308692
6025000,240,1,1802.546340
6025000,240,1,1722.913664
6050000,240,1,1946.433146
6050000,240,1,1969.948866
6050000,240,1,1815.566805
6050000,240,1,1791.146497
6050000,240,1,1878.593582
6050000,240,1,1986.118447
6050000,240,1,2062.165496
6050000,240,1,1685.777693
6050000,240,1,1909.257653
6050000,240,1,1814.050757
6075000,240,1,2083.412373
6075000,240,1,1708.134901
6075000,240,1,1807.097244
6075000,240,1,1952.050563
6075000,240,1,1960.934372
6075000,240,1,1892.808872
6075000,240,1,1670.513598
6075000,240,1,1985.031274
6075000,240,1,2074.974377
6075000,240,1,2026.905355
6100000,240,1,1936.088782
6100000,240,1,1715.277673
6100000,240,1,2105.310488
6100000,240,1,1881.619071
6100000,240,1,1918.885278
6100000,240,1,1916.239651
6100000,240,1,2057.451766
6100000,240,1,1861.664278
6100000,240,1,1773.553508
6100000,240,1,1899.578580
6125000,240,1,1975.408719
6125000,240,1,1927.093791
6125000,240,1,1736.325731
6125000,240,1,2029.347611
6125000,240,1,2151.925565
6125000,240,1,1988.987910
6125000,240,1,1730.371242
6125000,240,1,1855.088127
6125000,240,1,2012.555533
6125000,240,1,1804.275513
6150000,240,1,1992.999270
6150000,240,1,2005.675543
6150000,240,1,1723.786815
6150000,240,1,1994.726196
6150000,240,1,1862.493354
6150000,240,1,2002.396640
6150000,240,1,2004.538779
6150000,240,1,1952.718546
6150000,240,1,2062.878835
6150000,240,1,1938.685137
6175000,240,1,2296.201597
6175000,240,1,1939.532047
6175000,240,1,1842.374515
6175000,240,1,1795.518282
6175000,240,1,2035.474292
6175000,240,1,1776.644179
6175000,240,1,1923.590860
6175000,240,1,1784.399373
6175000,240,1,2076.982430
6175000,240,1,1744.556827
6200000,240,1,1870.977797
6200000,240,1,2048.762540
6200000,240,1,2158.336708
6200000,240,1,1907.670651
6200000,240,1,1841.614279
6200000,240,1,1920.350386
6200000,240,1,1952.685440
6200000,240,1,1758.668632
6200000,240,1,1970.263932
6200000,240,1,1792.281273
6225000,240,1,1809.499147
6225000,240,1,1981.146301
6225000,240,1,2171.812738
6225000,240,1,1919.174746
6225000,240,1,1966.538061
6225000,240,1,2157.581026
6225000,240,1,2001.483650
6225000,240,1,1763.874625
6225000,240,1,1806.005003
6225000,240,1,2127.539515
6250000,240,1,1764.985662
6250000,240,1,2046.743513
6250000,240,1,1759.337963
6250000,240,1,1853.556552
6250000,240,1,2234.647114
6250000,240,1,1868.135086
6250000,240,1,1732.604609
6250000,240,1,2089.468547
6250000,240,1,1802.048241
6250000,240,1,2047.217491
6275000,240,1,1888.007376
6275000,240,1,1985.934451
6275000,240,1,1996.717698
6275000,240,1,1916.546247
6275000,240,1,2099.315389
6275000,240,1,1642.585548
6275000,240,1,1894.948120
6275000,240,1,2166.073233
6275000,240,1,1920.880822
6275000,240,1,2293.390129
6300000,240,1,1661.804033
6300000,240,1,2182.521309
6300000,240,1,1992.078581
6300000,240,1,2013.547306
6300000,240,1,1951.701688
6300000,240,1,1650.117418
6300000,240,1,1812.307407
6300000,240,1,1812.660644
6300000,240,1,1999.757173
6300000,240,1,1752.057261
6325000,240,1,2020.427745
6325000,240,1,1657.483960
6325000,240,1,1927.186816
6325000,240,1,2325.588981
6325000,240,1,1880.034956
6325000,240,1,1707.184637
6325000,240,1,1996.714811
6325000,240,1,1878.116910
6325000,240,1,1797.269329
6325000,240,1,2017.470903
6350000,240,1,2136.642094
6350000,240,1,2157.306314
6350000,240,1,1669.470051
6350000,240,1,1983.668814
6350000,240,1,2026.106110
6350000,240,1,1932.577703
6350000,240,1,1933.018511
6350000,240,1,1895.772192
6350000,240,1,2014.308827
6350000,240,1,2038.767563
6375000,240,1,1750.653420
6375000,240,1,1753.462835
6375000,240,1,1864.612460
6375000,240,1,1838.813909
6375000,240,1,2020.225849
6375000,240,1,1670.763162
6375000,240,1,1867.449846
6375000,240,1,1990.327854
6375000,240,1,1963.741992
6375000,240,1,1896.950659
6400000,240,1,2211.101367
6400000,240,1,2248.272818
6400000,240,1,2044.025329
6400000,240,1,2114.731210
6400000,240,1,1796.516599
6400000,240,1,2153.997965
6400000,240,1,2081.324190
6400000,240,1,2146.617950
6400000,240,1,2061.324102
6400000,240,1,1899.831991
6425000,240,1,2195.345909
6425000,240,1,2027.559865
6425000,240,1,2155.833570
6425000,240,1,2153.515454
6425000,240,1,2237.850888
6425000,240,1,2060.419324
6425000,240,1,1825.556392
6425000,240,1,1910.740406
6425000,240,1,2036.223878
6425000,240,1,2029.817290
6450000,240,1,1754.789369
6450000,240,1,1828.464028
6450000,240,1,2016.782068
6450000,240,1,2073.027719
6450000,240,1,1799.244215
6450000,240,1,2082.710644
6450000,240,1,2009.662075
6450000,240,1,2069.175721
6450000,240,1,1720.299281
6450000,240,1,1834.050780
6475000,240,1,2092.787931
6475000,240,1,2035.397626
6475000,240,1,2020.144244
6475000,240,1,1887.226097
6475000,240,1,2213.846499
6475000,240,1,1993.171846
6475000,240,1,1992.391785
6475000,240,1,2077.537050
6475000,240,1,1977.250355
6475000,240,1,2233.327892
6500000,240,1,2195.576225
6500000,240,1,1800.678080
6500000,240,1,2018.120985
6500000,240,1,2311.288176
6500000,240,1,2304.337099
6500000,240,1,2052.251034
6500000,240,1,2252.755590
6500000,240,1,1954.219134
6500000,240,1,2320.458501
6500000,240,1,2314.902736
6525000,240,1,2252.995271
6525000,240,1,1967.354180
6525000,240,1,1921.262865
6525000,240,1,2023.726022
6525000,240,1,2329.944600
6525000,240,1,2053.269113
6525000,240,1,2068.844296
6525000,240,1,2001.523234
6525000,240,1,2240.230914
6525000,240,1,2008.726502
6550000,240,1,2169.289646
6550000,240,1,2038.570736
6550000,240,1,2065.691970
6550000,240,1,1959.933490
6550000,240,1,2130.331416
6550000,240,1,2462.109375
6550000,240,1,2259.973097
6550000,240,1,1963.529059
6550000,240,1,2237.456529
6550000,240,1,2187.932726
6575000,240,1,2155.513114
6575000,240,1,1986.744984
6575000,240,1,1758.174447
6575000,240,1,2067.489019
6575000,240,1,2440.800008
6575000,240,1,2058.064639
6575000,240,1,1923.920360
6575000,240,1,2181.614414
6575000,240,1,1874.307062
6575000,240,1,2267.098098
6600000,240,1,1807.486923
6600000,240,1,2424.079658
6600000,240,1,1993.878130
6600000,240,1,1822.076236
6600000,240,1,2358.889828
6600000,240,1,2230.386640
6600000,240,1,1968.817299
6600000,240,1,2232.691604
6600000,240,1,2087.832593
6600000,240,1,2120.102146
6625000,240,1,2184.057888
6625000,240,1,2116.322065
6625000,240,1,2198.771920
6625000,240,1,2306.390898
6625000,240,1,2302.322503
6625000,240,1,1928.364188
6625000,240,1,1697.920325
6625000,240,1,1946.174600
6625000,240,1,2192.325167
6625000,240,1,2205.968129
6650000,240,1,2155.017453
6650000,240,1,2072.338244
6650000,240,1,2421.031651
6650000,240,1,2151.624163
6650000,240,1,2103.560594
6650000,240,1,2141.512553
6650000,240,1,1863.878462
6650000,240,1,1917.386486
6650000,240,1,2144.619456
6650000,240,1,2080.343130
6675000,240,1,2205.996357
6675000,240,1,2010.663600
6675000,240,1,1992.914586
6675000,240,1,2283.876573
6675000,240,1,2037.345887
6675000,240,1,2066.532724
6675000,240,1,2045.427373
6675000,240,1,2157.518603
6675000,240,1,2241.374737
6675000,240,1,2122.005819
6700000,240,1,2306.361963
6700000,240,1,1664.212351
6700000,240,1,2236.519479
6700000,240,1,1814.754216
6700000,240,1,1870.822736
6700000,240,1,2126.365669
6700000,240,1,2309.657481
6700000,240,1,2259.256102
6700000,240,1,2037.649725
6700000,240,1,2010.636782
6725000,240,1,2100.774916
6725000,240,1,2142.744459
6725000,240,1,2129.083727
6725000,240,1,2096.385297
6725000,240,1,2484.553706
6725000,240,1,2030.215243
6725000,240,1,1981.309639
6725000,240,1,2393.277075
6725000,240,1,2056.162506
6725000,240,1,1936.315826
6750000,240,1,1951.745122
6750000,240,1,2190.112588
6750000,240,1,2281.328333
6750000,240,1,2197.518648
6750000,240,1,2266.712139
6750000,240,1,2451.321697
6750000,240,1,2178.372788
6750000,240,1,2023.441108
6750000,240,1,1995.555530
6750000,240,1,2092.833736
6775000,240,1,2328.203174
6775000,240,1,2082.097001
6775000,240,1,2279.953812
6775000,240,1,2099.419641
6775000,240,1,2107.206655
6775000,240,1,1920.350002
6775000,240,1,2085.191071
6775000,240,1,2359.118092
6775000,240,1,1855.481846
6775000,240,1,2079.088577
6800000,240,1,2071.083756
6800000,240,1,2073.187659
6800000,240,1,2014.890585
6800000,240,1,1923.247375
6800000,240,1,1970.272271
6800000,240,1,2049.948509
6800000,240,1,2162.630223
6800000,240,1,1921.591080
6800000,240,1,2267.927045
6800000,240,1,2136.570752
6825000,240,1,1788.884904
6825000,240,1,2012.064618
6825000,240,1,2201.958949
6825000,240,1,2108.205999
6825000,240,1,2480.651471
6825000,240,1,2321.985264
6825000,240,1,2377.931566
6825000,240,1,1834.007219
6825000,240,1,2175.942529
6825000,240,1,2087.709480
6850000,240,1,2292.280888
6850000,240,1,2113.051631
6850000,240,1,1941.548057
6850000,240,1,2553.416604
6850000,240,1,2256.334994
6850000,240,1,2037.871765
6850000,240,1,1915.522011
6850000,240,1,1926.436779
6850000,240,1,2524.710611
6850000,240,1,2051.764482
6875000,240,1,2034.515493
6875000,240,1,2237.615634
6875000,240,1,2558.552667
6875000,240,1,1892.426186
6875000,240,1,1834.352629
6875000,240,1,2168.953025
6875000,240,1,2240.928987
6875000,240,1,2151.316539
6875000,240,1,2309.738381
6875000,240,1,1839.550344
6900000,240,1,2105.987773
6900000,240,1,2195.879808
6900000,240,1,2110.749168
6900000,240,1,2399.850468
6900000,240,1,2166.040579
6900000,240,1,2081.570159
6900000,240,1,1797.977282
6900000,240,1,1990.538281
6900000,240,1,2094.433317
6900000,240,1,2243.380478
6925000,240,1,1877.074775
6925000,240,1,2218.484526
6925000,240,1,1720.818359
6925000,240,1,2291.922453
6925000,240,1,2131.387793
6925000,240,1,2077.902734
6925000,240,1,2317.258640
6925000,240,1,2209.190703
6925000,240,1,2100.306328
6925000,240,1,2207.297421
6950000,240,1,2205.086252
6950000,240,1,2223.671849
6950000,240,1,2123.543552
6950000,240,1,2202.320785
6950000,240,1,2222.118720
6950000,240,1,2239.400426
6950000,240,1,2165.137532
6950000,240,1,2389.851578
6950000,240,1,2151.103158
6950000,240,1,2180.300326
6975000,240,1,2298.248272
6975000,240,1,2305.641053
6975000,240,1,2367.098470
6975000,240,1,2167.019133
6975000,240,1,2219.799707
6975000,240,1,2251.070876
6975000,240,1,1889.384980
6975000,240,1,1947.757306
6975000,240,1,2007.429606
6975000,240,1,1873.769635
7000000,240,1,1995.762301
7000000,240,1,2221.806925
7000000,240,1,1911.846438
7000000,240,1,1933.768613
7000000,240,1,1984.683555
7000000,240,1,1945.272322
7000000,240,1,1935.514849
7000000,240,1,1882.645615
7000000,240,1,2060.043760
7000000,240,1,1986.282106
7025000,240,1,1954.665589
7025000,240,1,1942.471442
7025000,240,1,2165.823282
7025000,240,1,2288.863090
7025000,240,1,2480.968207
7025000,240,1,2167.423889
7025000,240,1,2299.065992
7025000,240,1,2052.422971
7025000,240,1,2041.801970
7025000,240,1,2074.283749
7050000,240,1,2115.458408
7050000,240,1,2048.157748
7050000,240,1,2235.062070
7050000,240,1,2045.159142
7050000,240,1,1977.873685
7050000,240,1,2397.621273
7050000,240,1,2066.149781
7050000,240,1,2258.457244
7050000,240,1,2136.873564
7050000,240,1,2141.619501
7075000,240,1,2062.006647
7075000,240,1,1749.522302
7075000,240,1,1852.749801
7075000,240,1,2578.977397
7075000,240,1,2284.865588
7075000,240,1,1954.457341
7075000,240,1,2127.484469
7075000,240,1,2215.519408
7075000,240,1,2013.992159
7075000,240,1,2242.103281
7100000,240,1,2282.141306
7100000,240,1,2416.843543
7100000,240,1,2013.726749
7100000,240,1,2342.989635
7100000,240,1,1974.332453
7100000,240,1,1974.846016
7100000,240,1,2346.709475
7100000,240,1,1879.003211
7100000,240,1,2026.007119
7100000,240,1,2110.351729
7125000,240,1,2158.482274
7125000,240,1,1866.940391
7125000,240,1,1941.568201
7125000,240,1,2295.919313
7125000,240,1,1985.190188
7125000,240,1,1934.928408
7125000,240,1,1926.047743
7125000,240,1,2085.657608
7125000,240,1,2287.292510
7125000,240,1,2285.244102
7150000,240,1,2031.713585
7150000,240,1,2133.873931
7150000,240,1,2201.506079
7150000,240,1,2277.309019
7150000,240,1,2459.993795
7150000,240,1,2019.725953
7150000,240,1,1964.745377
7150000,240,1,2483.631153
7150000,240,1,2153.367129
7150000,240,1,1846.783766
7175000,240,1,2199.161724
7175000,240,1,2076.304184
7175000,240,1,2238.231136
7175000,240,1,2349.736565
7175000,240,1,1970.519270
7175000,240,1,2268.561668
7175000,240,1,2335.887346
7175000,240,1,1820.982006
7175000,240,1,2051.792710
7175000,240,1,2238.218050
7200000,240,1,1866.979012
7200000,240,1,2093.322727
7200000,240,1,1958.708450
7200000,240,1,2224.352919
7200000,240,1,2300.819351
7200000,240,1,2166.400999
7200000,240,1,2011.725301
7200000,240,1,2139.956022
7200000,240,1,2024.079195
7200000,240,1,2108.914013
7225000,240,1,1815.735918
7225000,240,1,1920.235037
7225000,240,1,2075.639088
7225000,240,1,1970.170009
7225000,240,1,1896.924035
7225000,240,1,1819.828306
7225000,240,1,2126.772668
7225000,240,1,2229.603564
7225000,240,1,1901.287477
7225000,240,1,2232.836207
7250000,240,1,2361.492791
7250000,240,1,1858.716161
7250000,240,1,2415.381319
7250000,240,1,2282.249151
7250000,240,1,2506.473246
7250000,240,1,2076.977041
7250000,240,1,1869.874972
7250000,240,1,1775.116326
7250000,240,1,2387.163610
7250000,240,1,2351.591610
7275000,240,1,1936.140941
7275000,240,1,2264.664952
7275000,240,1,2181.008277
7275000,240,1,2393.495267
7275000,240,1,2205.514167
7275000,240,1,2044.450932
7275000,240,1,2346.647370
7275000,240,1,2040.500455
7275000,240,1,2080.595195
7275000,240,1,1899.647032
7300000,240,1,1692.199424
7300000,240,1,2135.964745
7300000,240,1,2205.197370
7300000,240,1,2078.163782
7300000,240,1,1971.606826
7300000,240,1,1896.756141
7300000,240,1,2364.263585
7300000,240,1,2212.811101
7300000,240,1,2111.717334
7300000,240,1,2315.512337
7325000,240,1,2157.136109
7325000,240,1,2216.695499
7325000,240,1,1989.745455
7325000,240,1,2207.298833
7325000,240,1,2018.817261
7325000,240,1,2179.129367
7325000,240,1,2060.942764
7325000,240,1,2175.457964
7325000,240,1,2491.153271
7325000,240,1,2382.465918
7350000,240,1,2364.445723
7350000,240,1,2306.741184
7350000,240,1,2335.816327
7350000,240,1,2220.454536
7350000,240,1,2296.909035
7350000,240,1,2082.611269
7350000,240,1,2179.036215
7350000,240,1,2283.080280
7350000,240,1,2062.761177
7350000,240,1,1901.969060
7375000,240,1,2044.591435
7375000,240,1,2034.596199
7375000,240,1,2222.696243
7375000,240,1,1931.143965
7375000,240,1,2441.139389
7375000,240,1,2045.121609
7375000,240,1,2052.411487
7375000,240,1,2187.883134
7375000,240,1,2114.205973
7375000,240,1,1967.488007
7400000,240,1,1951.720421
7400000,240,1,2095.956614
7400000,240,1,2027.294840
7400000,240,1,2206.956824
7400000,240,1,2303.949925
7400000,240,1,2369.139818
7400000,240,1,2364.186854
7400000,240,1,2163.613142
7400000,240,1,2358.014112
7400000,240,1,2082.707629
7425000,240,1,2280.419706
7425000,240,1,2494.424603
7425000,240,1,2005.574048
7425000,240,1,2030.022265
7425000,240,1,2095.366900
7425000,240,1,1805.926093
7425000,240,1,1921.204932
7425000,240,1,1993.309397
7425000,240,1,2190.054784
7425000,240,1,2122.456381
7450000,240,1,2119.154575
7450000,240,1,1933.980645
7450000,240,1,2712.880132
7450000,240,1,2362.733165
7450000,240,1,1838.322097
7450000,240,1,2138.006159
7450000,240,1,2157.355971
7450000,240,1,1969.523391
7450000,240,1,2401.578741
7450000,240,1,2028.452261
7475000,240,1,2061.745795
7475000,240,1,2117.630122
7475000,240,1,2113.918495
7475000,240,1,2428.185774
7475000,240,1,2301.410859
7475000,240,1,2066.695099
7475000,240,1,2242.597145
7475000,240,1,2493.218552
7475000,240,1,2155.511895
7475000,240,1,1968.702076
7500000,240,1,2241.402771
7500000,240,1,2372.305679
7500000,240,1,2572.493308
7500000,240,1,1812.365723
7500000,240,1,2024.993020
7500000,240,1,2342.025895
7500000,240,1,1824.608372
7500000,240,1,2231.963380
7500000,240,1,2115.970878
7500000,240,1,2113.662002
7525000,240,1,2468.512242
7525000,240,1,2123.383998
7525000,240,1,1934.847638
7525000,240,1,1882.184342
7525000,240,1,2121.948144
7525000,240,1,1966.873335
7525000,240,1,2534.871298
7525000,240,1,2479.265082
7525000,240,1,2252.801846
7525000,240,1,2235.414473
7550000,240,1,2017.718027
7550000,240,1,2641.394701
7550000,240,1,2187.079207
7550000,240,1,2198.504519
7550000,240,1,2323.264901
7550000,240,1,1954.517389
7550000,240,1,2055.068725
7550000,240,1,2380.086792
7550000,240,1,1886.792022
7550000,240,1,2246.838437
7575000,240,1,2248.416524
7575000,240,1,2069.380952
7575000,240,1,2064.599477
7575000,240,1,2000.322573
7575000,240,1,2499.729971
7575000,240,1,2034.698335
7575000,240,1,1933.290721
7575000,240,1,2092.584945
7575000,240,1,2339.786562
7575000,240,1,2114.320939
7600000,240,1,2120.001037
7600000,240,1,2089.096834
7600000,240,1,2164.142805
7600000,240,1,2197.073861
7600000,240,1,2003.647728
7600000,240,1,2196.460604
7600000,240,1,2010.175315
7600000,240,1,2398.626389
7600000,240,1,2085.689365
7600000,240,1,2206.073151
7625000,240,1,2512.101701
7625000,240,1,2102.796378
7625000,240,1,2058.168315
7625000,240,1,2151.966303
7625000,240,1,2351.712029
7625000,240,1,1936.218053
7625000,240,1,2418.409119
7625000,240,1,2297.522741
7625000,240,1,2353.479245
7625000,240,1,2031.887830
7650000,240,1,1935.313532
7650000,240,1,2137.135574
7650000,240,1,1928.305037
7650000,240,1,2424.442968
7650000,240,1,2084.653772
7650000,240,1,2138.373831
7650000,240,1,2056.840432
7650000,240,1,2039.572966
7650000,240,1,1915.724999
7650000,240,1,2519.842650
7675000,240,1,2345.517792
7675000,240,1,2068.506585
7675000,240,1,2117.610233
7675000,240,1,1987.016619
7675000,240,1,2326.795866
7675000,240,1,2090.603514
7675000,240,1,2392.409763
7675000,240,1,1961.118755
7675000,240,1,2203.769791
7675000,240,1,2226.247867
7700000,240,1,2208.507130
7700000,240,1,2052.504575
7700000,240,1,2197.307194
7700000,240,1,2190.328854
7700000,240,1,1820.963080
7700000,240,1,2109.413525
7700000,240,1,2177.117207
7700000,240,1,2111.726700
7700000,240,1,2203.067742
7700000,240,1,2175.797730
7725000,240,1,2072.127431
7725000,240,1,1948.954182
7725000,240,1,1980.351866
7725000,240,1,2482.538015
7725000,240,1,2614.254219
7725000,240,1,2063.946824
7725000,240,1,2211.724378
7725000,240,1,1962.193480
7725000,240,1,2364.853042
7725000,240,1,2103.133706
7750000,240,1,2014.493528
7750000,240,1,1940.749133
7750000,240,1,2019.607394
7750000,240,1,2079.912970
7750000,240,1,2026.238848
7750000,240,1,2061.884177
7750000,240,1,2163.951176
7750000,240,1,2126.498919
7750000,240,1,2239.909947
7750000,240,1,1900.486438
7775000,240,1,2038.173616
7775000,240,1,2131.710748
7775000,240,1,2020.267679
7775000,240,1,2112.718410
7775000,240,1,2207.934867
7775000,240,1,1939.908125
7775000,240,1,2010.721659
7775000,240,1,2079.814173
7775000,240,1,2061.969822
7775000,240,1,2218.703424
7800000,240,1,2225.472490
7800000,240,1,2320.066130
7800000,240,1,2193.545975
7800000,240,1,2526.034385
7800000,240,1,2138.672728
7800000,240,1,2361.045118
7800000,240,1,1989.602837
7800000,240,1,1953.622170
7800000,240,1,2576.158614
7800000,240,1,2252.318307
7825000,240,1,2323.064160
7825000,240,1,2109.969301
7825000,240,1,1932.034243
7825000,240,1,2055.800095
7825000,240,1,2035.067227
7825000,240,1,2344.601658
7825000,240,1,1776.946479
7825000,240,1,2447.475280
7825000,240,1,2270.090996
7825000,240,1,2160.577515
7850000,240,1,2140.751868
7850000,240,1,1989.028263
7850000,240,1,1988.611256
7850000,240,1,2243.788505
7850000,240,1,1977.075725
7850000,240,1,2251.813729
7850000,240,1,2075.161582
7850000,240,1,1948.518185
7850000,240,1,2148.995152
7850000,240,1,2199.798399
7875000,240,1,2477.175742
7875000,240,1,2138.907538
7875000,240,1,1945.794097
7875000,240,1,2081.954127
7875000,240,1,2276.270284
7875000,240,1,1904.413948
7875000,240,1,2026.735408
7875000,240,1,1894.747444
7875000,240,1,1958.933570
7875000,240,1,2303.849716
7900000,240,1,2099.134920
7900000,240,1,2048.979576
7900000,240,1,1957.525043
7900000,240,1,2106.891461
7900000,240,1,2350.946084
7900000,240,1,2446.047445
7900000,240,1,1971.133873
7900000,240,1,2153.089080
7900000,240,1,2247.811092
7900000,240,1,2068.905949
7925000,240,1,2081.339649
7925000,240,1,1954.669952
7925000,240,1,2361.971580
7925000,240,1,2070.765164
7925000,240,1,1984.528426
7925000,240,1,2140.416722
7925000,240,1,1984.769457
7925000,240,1,2380.157812
7925000,240,1,2278.079456
7925000,240,1,1837.245639
7950000,240,1,2371.233392
7950000,240,1,2204.929907
7950000,240,1,2157.387471
7950000,240,1,2106.541303
7950000,240,1,2366.843388
7950000,240,1,1994.133725
7950000,240,1,2360.345441
7950000,240,1,2124.819147
7950000,240,1,2113.069787
7950000,240,1,2012.962597
7975000,240,1,2268.488915
7975000,240,1,2059.601603
7975000,240,1,2440.134656
7975000,240,1,1885.367011
7975000,240,1,2279.842182
7975000,240,1,2136.677634
7975000,240,1,2182.468445
7975000,240,1,2083.223629
7975000,240,1,2212.606831
7975000,240,1,2020.308031
8000000,240,1,2160.345146
8000000,240,1,2044.016603
8000000,240,1,2111.039727
8000000,240,1,2238.415647
8000000,240,1,2358.739705
8000000,240,1,2242.503224
8000000,240,1,2331.833515
8000000,240,1,2186.171414
8000000,240,1,1954.172171
8000000,240,1,1914.053823
8025000,240,1,2150.415097
8025000,240,1,2431.812782
8025000,240,1,2190.682477
8025000,240,1,2166.066495
8025000,240,1,2316.013517
8025000,240,1,2132.114221
8025000,240,1,2081.532694
8025000,240,1,2252.283729
8025000,240,1,2024.725686
8025000,240,1,1909.015469
8050000,240,1,2294.181673
8050000,240,1,1969.984921
8050000,240,1,2266.993524
8050000,240,1,2157.796457
8050000,240,1,2369.648891
8050000,240,1,2235.523153
8050000,240,1,2164.919211
8050000,240,1,2311.539983
8050000,240,1,2247.263915
8050000,240,1,2245.480981
8075000,240,1,2297.347791
8075000,240,1,1963.621508
8075000,240,1,2125.783719
8075000,240,1,2295.957551
8075000,240,1,2193.962917
8075000,240,1,2282.033141
8075000,240,1,1891.533083
8075000,240,1,1863.747842
8075000,240,1,2124.987940
8075000,240,1,2483.608892
8100000,240,1,1953.353234
8100000,240,1,2065.746117
8100000,240,1,1946.864075
8100000,240,1,2264.177373
8100000,240,1,2036.864274
8100000,240,1,2037.437629
8100000,240,1,2179.573255
8100000,240,1,2419.646861
8100000,240,1,2240.586848
8100000,240,1,2039.882963
8125000,240,1,2285.495911
8125000,240,1,2307.883849
8125000,240,1,1997.494039
8125000,240,1,2024.557985
8125000,240,1,2378.695910
8125000,240,1,1989.922008
8125000,240,1,1931.419382
8125000,240,1,2421.659663
8125000,240,1,2379.905811
8125000,240,1,1964.027675
8150000,240,1,2149.713688
8150000,240,1,2115.527824
8150000,240,1,2303.060030
8150000,240,1,2024.382521
8150000,240,1,2208.421354
8150000,240,1,2231.916930
8150000,240,1,2112.970475
8150000,240,1,2274.667112
8150000,240,1,1925.425824
8150000,240,1,2123.943237
8175000,240,1,2503.508255
8175000,240,1,2139.247496
8175000,240,1,2510.943509
8175000,240,1,2246.374275
8175000,240,1,2313.044357
8175000,240,1,2027.448813
8175000,240,1,2251.152481
8175000,240,1,2057.330771
8175000,240,1,2525.594219
8175000,240,1,2035.266491
8200000,240,1,2405.821638
8200000,240,1,2111.649779
8200000,240,1,2478.601269
8200000,240,1,2037.624576
8200000,240,1,2278.828274
8200000,240,1,1871.963733
8200000,240,1,2235.558181
8200000,240,1,1998.659993
8200000,240,1,2142.886755
8200000,240,1,2218.383290
8225000,240,1,2253.485803
8225000,240,1,2219.566631
8225000,240,1,2306.896182
8225000,240,1,2179.780348
8225000,240,1,2037.554006
8225000,240,1,2039.076214
8225000,240,1,2105.660388
8225000,240,1,2073.311926
8225000,240,1,2374.506391
8225000,240,1,2521.377945
8250000,240,1,2259.925687
8250000,240,1,2189.669597
8250000,240,1,2084.315420
8250000,240,1,2117.784800
8250000,240,1,1882.522181
8250000,240,1,2111.045437
8250000,240,1,2248.979356
8250000,240,1,2092.218427
8250000,240,1,2149.323562
8250000,240,1,2381.660195
8275000,240,1,2282.368223
8275000,240,1,2477.351400
8275000,240,1,2290.524899
8275000,240,1,2041.401258
8275000,240,1,2050.047436
8275000,240,1,2247.306512
8275000,240,1,2129.431319
8275000,240,1,2033.314318
8275000,240,1,2149.211612
8275000,240,1,2199.856525
8300000,240,1,2113.331155
8300000,240,1,2256.518026
8300000,240,1,2237.904523
8300000,240,1,2024.544962
8300000,240,1,2319.330720
8300000,240,1,1948.561617
8300000,240,1,2478.742474
8300000,240,1,2212.288749
8300000,240,1,2264.018652
8300000,240,1,1948.955915
8325000,240,1,2276.934352
8325000,240,1,2305.992173
8325000,240,1,2198.253609
8325000,240,1,2349.628850
8325000,240,1,2348.959136
8325000,240,1,2227.373855
8325000,240,1,1994.689309
8325000,240,1,2516.987366
8325000,240,1,2060.143968
8325000,240,1,2253.734082
8350000,240,1,2194.505927
8350000,240,1,2085.381485
8350000,240,1,2560.225061
8350000,240,1,2148.264681
8350000,240,1,2012.043768
8350000,240,1,2208.999648
8350000,240,1,2046.841159
8350000,240,1,1947.911792
8350000,240,1,2273.703439
8350000,240,1,2102.265880
8375000,240,1,2439.971190
8375000,240,1,2017.502723
8375000,240,1,2419.651482
8375000,240,1,2108.518947
8375000,240,1,2301.281139
8375000,240,1,2116.365498
8375000,240,1,2014.112962
8375000,240,1,2279.802726
8375000,240,1,2111.371859
8375000,240,1,2318.454617
8400000,240,1,2166.165744
8400000,240,1,2289.342265
8400000,240,1,2252.856378
8400000,240,1,2269.927657
8400000,240,1,2342.796718
8400000,240,1,1939.237576
8400000,240,1,2034.949310
8400000,240,1,2093.294949
8400000,240,1,2079.663919
8400000,240,1,2074.317300
8425000,240,1,2080.612965
8425000,240,1,2082.232367
8425000,240,1,2382.726966
8425000,240,1,2032.725502
8425000,240,1,2422.355553
8425000,240,1,2209.955816
8425000,240,1,2177.211194
8425000,240,1,2141.869383
8425000,240,1,2381.142143
8425000,240,1,2227.365771
8450000,240,1,2175.052185
8450000,240,1,1962.900020
8450000,240,1,1987.921718
8450000,240,1,2201.695016
8450000,240,1,2060.321039
8450000,240,1,1970.245328
8450000,240,1,2247.141635
8450000,240,1,2069.987860
8450000,240,1,2014.888724
8450000,240,1,2442.104540
8475000,240,1,2038.109462
8475000,240,1,1967.709470
8475000,240,1,2407.154332
8475000,240,1,2239.635557
8475000,240,1,2186.634676
8475000,240,1,1969.196005
8475000,240,1,2421.211348
8475000,240,1,2193.563618
8475000,240,1,2009.973676
8475000,240,1,2028.193268
8500000,240,1,2232.596269
8500000,240,1,2393.632429
8500000,240,1,2292.529809
8500000,240,1,2176.368134
8500000,240,1,2432.217664
8500000,240,1,2251.467998
8500000,240,1,2263.821442
8500000,240,1,2298.301071
8500000,240,1,2113.679965
8500000,240,1,2099.821380
8525000,240,1,2409.366268
8525000,240,1,2117.986503
8525000,240,1,2203.461012
8525000,240,1,2350.035656
8525000,240,1,2235.807357
8525000,240,1,2455.375143
8525000,240,1,2890.966016
8525000,240,1,2098.864251
8525000,240,1,2384.577968
8525000,240,1,2402.276299
8550000,240,1,2139.759966
8550000,240,1,2263.372804
8550000,240,1,2110.885115
8550000,240,1,2161.440209
8550000,240,1,2714.498124
8550000,240,1,2241.589399
8550000,240,1,2707.631413
8550000,240,1,2299.822188
8550000,240,1,2063.187164
8550000,240,1,2172.101370
8575000,240,1,2541.463296
8575000,240,1,2205.006380
8575000,240,1,2702.999095
8575000,240,1,2323.837163
8575000,240,1,2017.967847
8575000,240,1,2260.484671
8575000,240,1,2738.016859
8575000,240,1,2355.237544
8575000,240,1,2342.504942
8575000,240,1,2360.852011
8600000,240,1,2300.743263
8600000,240,1,2288.976965
8600000,240,1,2195.977707
8600000,240,1,2372.545042
8600000,240,1,2553.839579
8600000,240,1,2493.200974
8600000,240,1,2402.177051
8600000,240,1,2592.982897
8600000,240,1,2212.675477
8600000,240,1,2084.976346
8625000,240,1,2882.933095
8625000,240,1,2495.330473
8625000,240,1,2270.520963
8625000,240,1,2378.935337
8625000,240,1,2448.996076
8625000,240,1,2621.157817
8625000,240,1,2457.041507
8625000,240,1,2484.822577
8625000,240,1,2381.870303
8625000,240,1,2634.828621
8650000,240,1,2840.391996
8650000,240,1,2127.972048
8650000,240,1,2116.631163
8650000,240,1,2314.429721
8650000,240,1,2124.190555
8650000,240,1,1998.502620
8650000,240,1,2705.429291
8650000,240,1,2209.696308
8650000,240,1,2137.112800
8650000,240,1,2344.989861
8675000,240,1,2646.458397
8675000,240,1,2290.127587
8675000,240,1,2159.935452
8675000,240,1,2183.118787
8675000,240,1,2271.707061
8675000,240,1,2307.748997
8675000,240,1,2101.447196
8675000,240,1,2284.624300
8675000,240,1,2414.434264
8675000,240,1,2079.987711
8700000,240,1,1929.305089
8700000,240,1,2213.385353
8700000,240,1,2232.415158
8700000,240,1,2330.720299
8700000,240,1,2292.352035
8700000,240,1,2403.244464
8700000,240,1,2586.721491
8700000,240,1,2188.532320
8700000,240,1,2375.253348
8700000,240,1,2213.636393
8725000,240,1,2284.190356
8725000,240,1,2680.205825
8725000,240,1,2163.352029
8725000,240,1,2328.760875
8725000,240,1,2442.365585
8725000,240,1,2166.781635
8725000,240,1,2548.217285
8725000,240,1,2140.168503
8725000,240,1,2114.997775
8725000,240,1,2104.238264
8750000,240,1,2369.665890
8750000,240,1,2398.821870
8750000,240,1,2371.185469
8750000,240,1,2664.239360
8750000,240,1,2620.287875
8750000,240,1,2615.979090
8750000,240,1,2369.394772
8750000,240,1,2499.556560
8750000,240,1,2099.651496
8750000,240,1,2665.117516
8775000,240,1,2703.219532
8775000,240,1,2236.435054
8775000,240,1,2565.597984
8775000,240,1,2068.586455
8775000,240,1,2534.784753
8775000,240,1,2739.724345
8775000,240,1,2103.795595
8775000,240,1,2515.789014
8775000,240,1,2587.962122
8775000,240,1,2289.018282
8800000,240,1,2336.418872
8800000,240,1,2721.920288
8800000,240,1,2422.031443
8800000,240,1,2418.598441
8800000,240,1,2303.660907
8800000,240,1,2091.864418
8800000,240,1,2386.996934
8800000,240,1,2604.177701
8800000,240,1,2529.398742
8800000,240,1,2839.850206
8825000,240,1,3034.498366
8825000,240,1,2348.413880
8825000,240,1,2706.184009
8825000,240,1,2229.124646
8825000,240,1,2463.604955
8825000,240,1,2542.037354
8825000,240,1,2580.246961
8825000,240,1,2337.736425
8825000,240,1,2222.450849
8825000,240,1,2010.950886
8850000,240,1,2138.519976
8850000,240,1,2314.382502
8850000,240,1,2430.490545
8850000,240,1,2267.431702
8850000,240,1,2367.855498
8850000,240,1,2466.964373
8850000,240,1,2236.628670
8850000,240,1,2286.502504
8850000,240,1,2139.092689
8850000,240,1,2579.137207
8875000,240,1,2569.485269
8875000,240,1,2387.242136
8875000,240,1,2595.506695
8875000,240,1,2348.692444
8875000,240,1,2071.808259
8875000,240,1,2507.373471
8875000,240,1,2466.923955
8875000,240,1,2281.838367
8875000,240,1,2482.082708
8875000,240,1,2151.023288
8900000,240,1,2623.296107
8900000,240,1,2345.262712
8900000,240,1,2340.294608
8900000,240,1,2495.458528
8900000,240,1,2488.959232
8900000,240,1,3017.438504
8900000,240,1,2183.760914
8900000,240,1,2274.869842
8900000,240,1,2156.338279
8900000,240,1,2468.255493
8925000,240,1,2586.227946
8925000,240,1,2260.023909
8925000,240,1,2191.168708
8925000,240,1,2639.276813
8925000,240,1,2143.598492
8925000,240,1,2480.646917
8925000,240,1,2319.446841
8925000,240,1,2297.228271
8925000,240,1,2327.676587
8925000,240,1,2369.962545
8950000,240,1,2326.439039
8950000,240,1,2205.193200
8950000,240,1,2476.734997
8950000,240,1,2539.185661
8950000,240,1,2647.806615
8950000,240,1,2305.823060
8950000,240,1,2585.110751
8950000,240,1,2167.519544
8950000,240,1,2140.641714
8950000,240,1,2388.747213
8975000,240,1,2330.011000
8975000,240,1,2111.226227
8975000,240,1,2225.989515
8975000,240,1,2497.680024
8975000,240,1,2609.588926
8975000,240,1,2251.298884
8975000,240,1,2066.913098
8975000,240,1,2311.481539
8975000,240,1,2367.435155
8975000,240,1,2405.767040
9000000,240,1,2032.998290
9000000,240,1,2154.488044
9000000,240,1,2423.862428
9000000,240,1,2512.734592
9000000,240,1,2381.256659
9000000,240,1,2528.781764
9000000,240,1,2316.299264
9000000,240,1,2484.623119
9000000,240,1,2258.452561
9000000,240,1,2416.486520
9025000,240,1,2361.390078
9025000,240,1,2173.851522
9025000,240,1,2630.404552
9025000,240,1,2482.949892
9025000,240,1,2241.441905
9025000,240,1,2386.793692
9025000,240,1,2478.838450
9025000,240,1,2182.386968
9025000,240,1,2676.978634
9025000,240,1,2620.358125
9050000,240,1,2233.225053
9050000,240,1,2343.010292
9050000,240,1,2067.628299
9050000,240,1,2102.194797
9050000,240,1,2143.539405
9050000,240,1,2183.318181
9050000,240,1,2178.564674
9050000,240,1,2524.347748
9050000,240,1,2306.433626
9050000,240,1,2626.864027
9075000,240,1,2195.195466
9075000,240,1,2641.472520
9075000,240,1,2407.924448
9075000,240,1,2212.126823
9075000,240,1,2304.015877
9075000,240,1,2890.731466
9075000,240,1,2544.772992
9075000,240,1,2493.906681
9075000,240,1,2547.486046
9075000,240,1,2244.694825
9100000,240,1,2106.143798
9100000,240,1,2624.968180
9100000,240,1,2485.185054
9100000,240,1,2572.932191
9100000,240,1,2541.930537
9100000,240,1,2534.949373
9100000,240,1,2492.457993
9100000,240,1,2098.000979
9100000,240,1,2190.676574
9100000,240,1,2331.935715
9125000,240,1,2312.069840
9125000,240,1,2045.278213
9125000,240,1,2202.809646
9125000,240,1,2188.256003
9125000,240,1,2239.498905
9125000,240,1,2473.771867
9125000,240,1,2605.491726
9125000,240,1,2307.333720
9125000,240,1,3046.820565
9125000,240,1,2362.596131
9150000,240,1,2452.432735
9150000,240,1,2845.437278
9150000,240,1,2453.884179
9150000,240,1,2469.268502
9150000,240,1,2465.668890
9150000,240,1,2154.728498
9150000,240,1,2547.611018
9150000,240,1,2535.592723
9150000,240,1,2293.002697
9150000,240,1,2462.945698
9175000,240,1,2293.156989
9175000,240,1,2442.735630
9175000,240,1,2664.953790
9175000,240,1,2221.358995
9175000,240,1,2217.408389
9175000,240,1,2352.153223
9175000,240,1,2382.414273
9175000,240,1,2157.968264
9175000,240,1,2454.388310
9175000,240,1,2152.732698
9200000,240,1,2287.559395
9200000,240,1,2288.260545
9200000,240,1,2235.904488
9200000,240,1,2238.634800
9200000,240,1,2262.376667
9200000,240,1,2486.634510
9200000,240,1,2634.523436
9200000,240,1,2194.457938
9200000,240,1,2573.638669
9200000,240,1,2502.976987
9225000,240,1,2318.555149
9225000,240,1,2169.228315
9225000,240,1,2313.890368
9225000,240,1,2561.722699
9225000,240,1,2475.755285
9225000,240,1,2101.313626
9225000,240,1,2361.384819
9225000,240,1,2920.507696
9225000,240,1,2415.394793
9225000,240,1,2491.670169
9250000,240,1,2116.412330
9250000,240,1,2410.458830
9250000,240,1,2129.631612
9250000,240,1,2629.716488
9250000,240,1,2764.620493
9250000,240,1,2872.111226
9250000,240,1,2437.368866
9250000,240,1,2124.921090
9250000,240,1,2516.841155
9250000,240,1,2412.926041
9275000,240,1,2629.206969
9275000,240,1,2186.869228
9275000,240,1,2693.245922
9275000,240,1,2403.634591
9275000,240,1,2179.054178
9275000,240,1,2503.079700
9275000,240,1,2406.184563
9275000,240,1,2122.776257
9275000,240,1,2575.542405
9275000,240,1,2789.887455
9300000,240,1,2524.780730
9300000,240,1,2168.567261
9300000,240,1,2229.278746
9300000,240,1,2246.801614
9300000,240,1,2163.418880
9300000,240,1,2319.267589
9300000,240,1,2322.770585
9300000,240,1,2457.422909
9300000,240,1,2304.012348
9300000,240,1,2823.877582
9325000,240,1,2299.577629
9325000,240,1,2306.800335
9325000,240,1,2589.716700
9325000,240,1,2505.215807
9325000,240,1,2392.583110
9325000,240,1,2143.816875
9325000,240,1,2638.632631
9325000,240,1,2834.875302
9325000,240,1,2684.934246
9325000,240,1,2714.461875
9350000,240,1,2573.763772
9350000,240,1,2572.137246
9350000,240,1,2414.440357
9350000,240,1,2313.871572
9350000,240,1,2164.442667
9350000,240,1,2400.686920
9350000,240,1,2466.132730
9350000,240,1,2272.391596
9350000,240,1,2137.941106
9350000,240,1,2283.579663
9375000,240,1,2330.000158
9375000,240,1,2699.369075
9375000,240,1,2159.382566
9375000,240,1,2671.990961
9375000,240,1,2153.065792
9375000,240,1,2580.268388
9375000,240,1,2574.580465
9375000,240,1,2412.099020
9375000,240,1,2275.936484
9375000,240,1,2460.959650
9400000,240,1,2615.413629
9400000,240,1,2292.393159
9400000,240,1,2276.930761
9400000,240,1,2516.136413
9400000,240,1,2273.710112
9400000,240,1,2328.615690
9400000,240,1,2356.385020
9400000,240,1,2476.812305
9400000,240,1,2406.808920
9400000,240,1,2614.392087
9425000,240,1,2472.649924
9425000,240,1,2439.362872
9425000,240,1,2444.651624
9425000,240,1,2567.547015
9425000,240,1,2354.703966
9425000,240,1,2185.226154
9425000,240,1,2594.562076
9425000,240,1,2432.287336
9425000,240,1,2441.167618
9425000,240,1,2348.894725
9450000,240,1,2231.397532
9450000,240,1,2376.907525
9450000,240,1,2308.692912
9450000,240,1,2309.953815
9450000,240,1,2314.750239
9450000,240,1,2211.276384
9450000,240,1,2452.511710
9450000,240,1,2630.780822
9450000,240,1,2484.790564
9450000,240,1,2103.233019
9475000,240,1,2230.372205
9475000,240,1,2427.446323
9475000,240,1,2317.403630
9475000,240,1,2341.722701
9475000,240,1,2305.163035
9475000,240,1,2198.561233
9475000,240,1,2244.032552
9475000,240,1,2543.827089
9475000,240,1,2323.137104
9475000,240,1,2264.346807
9500000,240,1,2270.269797
9500000,240,1,2310.570602
9500000,240,1,2389.881988
9500000,240,1,2545.512445
9500000,240,1,2174.958005
9500000,240,1,2558.532201
9500000,240,1,2180.243357
9500000,240,1,2262.272610
9500000,240,1,2502.850923
9500000,240,1,2224.271121
9525000,240,1,2746.497518
9525000,240,1,2680.369165
9525000,240,1,2237.897016
9525000,240,1,2282.322929
9525000,240,1,2212.076140
9525000,240,1,2306.610501
9525000,240,1,2193.094194
9525000,240,1,2134.867629
9525000,240,1,2090.441009
9525000,240,1,2567.590448
9550000,240,1,2223.331892
9550000,240,1,2271.055245
9550000,240,1,2361.085407
9550000,240,1,2307.885519
9550000,240,1,2448.440492
9550000,240,1,2517.937181
9550000,240,1,2447.797916
9550000,240,1,2212.853187
9550000,240,1,2275.775905
9550000,240,1,2455.717027
9575000,240,1,2236.301993
9575000,240,1,2280.773584
9575000,240,1,2758.994349
9575000,240,1,2350.629413
9575000,240,1,2335.553997
9575000,240,1,2281.320762
9575000,240,1,2469.757299
9575000,240,1,2692.405426
9575000,240,1,2584.390223
9575000,240,1,2343.187489
9600000,240,1,2524.032363
9600000,240,1,2262.280437
9600000,240,1,2434.802921
9600000,240,1,2259.845686
9600000,240,1,2472.977435
9600000,240,1,2172.541027
9600000,240,1,2855.674696
9600000,240,1,2461.156542
9600000,240,1,2547.213195
9600000,240,1,2466.091863
9625000,240,1,2475.955129
9625000,240,1,2419.649877
9625000,240,1,2445.528750
9625000,240,1,2513.808547
9625000,240,1,2414.447991
9625000,240,1,2371.223575
9625000,240,1,2285.392943
9625000,240,1,2264.382284
9625000,240,1,2213.904432
9625000,240,1,2373.372000
9650000,240,1,2282.320621
9650000,240,1,2429.003880
9650000,240,1,2322.300330
9650000,240,1,2558.514365
9650000,240,1,2377.546765
9650000,240,1,1995.703214
9650000,240,1,2124.885612
9650000,240,1,2318.299554
9650000,240,1,2717.828412
9650000,240,1,2339.969791
9675000,240,1,2402.584820
9675000,240,1,2186.515798
9675000,240,1,2191.301959
9675000,240,1,2512.521979
9675000,240,1,2451.506657
9675000,240,1,2384.123429
9675000,240,1,2442.421015
9675000,240,1,2439.985752
9675000,240,1,2306.040419
9675000,240,1,2824.473776
9700000,240,1,2101.419547
9700000,240,1,2449.506750
9700000,240,1,2304.881906
9700000,240,1,2610.653452
9700000,240,1,2398.932794
9700000,240,1,2718.485809
9700000,240,1,2467.261282
9700000,240,1,2725.033668
9700000,240,1,2672.343301
9700000,240,1,2298.322050
9725000,240,1,2413.760056
9725000,240,1,2759.658932
9725000,240,1,2299.950369
9725000,240,1,2435.781991
9725000,240,1,2298.155889
9725000,240,1,2213.736408
9725000,240,1,2398.238699
9725000,240,1,2640.282701
9725000,240,1,2623.269290
9725000,240,1,2760.070998
9750000,240,1,2855.722171
9750000,240,1,2644.571147
9750000,240,1,2419.748227
9750000,240,1,2211.736889
9750000,240,1,2485.441483
9750000,240,1,2593.286480
9750000,240,1,2288.578435
9750000,240,1,2300.318042
9750000,240,1,2301.572980
9750000,240,1,2145.058725
9775000,240,1,2308.671548
9775000,240,1,2352.692382
9775000,240,1,2306.795780
9775000,240,1,2183.229391
9775000,240,1,2259.196565
9775000,240,1,2425.004003
9775000,240,1,2225.633198
9775000,240,1,2451.461042
9775000,240,1,2356.518527
9775000,240,1,2923.907979
9800000,240,1,2214.784961
9800000,240,1,2084.152273
9800000,240,1,2436.420654
9800000,240,1,2295.049499
9800000,240,1,2242.103409
9800000,240,1,2282.776121
9800000,240,1,2138.227944
9800000,240,1,2089.798047
9800000,240,1,2300.174721
9800000,240,1,2235.211165
9825000,240,1,2363.188859
9825000,240,1,2547.093096
9825000,240,1,2443.494843
9825000,240,1,2457.499254
9825000,240,1,2405.592219
9825000,240,1,2354.899894
9825000,240,1,2614.744042
9825000,240,1,2663.453846
9825000,240,1,2444.154997
9825000,240,1,2275.572404
9850000,240,1,2229.878403
9850000,240,1,2172.197861
9850000,240,1,2681.158657
9850000,240,1,2260.510718
9850000,240,1,2658.966197
9850000,240,1,2472.468043
9850000,240,1,2257.964467
9850000,240,1,2283.945476
9850000,240,1,2443.189143
9850000,240,1,2736.171439
9875000,240,1,2524.588524
9875000,240,1,2245.691024
9875000,240,1,2462.587200
9875000,240,1,2490.606093
9875000,240,1,2409.871298
9875000,240,1,2320.069913
9875000,240,1,2427.750739
9875000,240,1,2405.939939
9875000,240,1,2317.962226
9875000,240,1,2588.689449
9900000,240,1,2207.147811
9900000,240,1,2572.382063
9900000,240,1,2206.783281
9900000,240,1,2171.142638
9900000,240,1,2310.105284
9900000,240,1,2579.107952
9900000,240,1,2245.009569
9900000,240,1,2870.089122
9900000,240,1,2382.581141
9900000,240,1,2233.407510
9925000,240,1,2596.044314
9925000,240,1,2521.484187
9925000,240,1,2575.371882
9925000,240,1,2364.790875
9925000,240,1,2431.589394
9925000,240,1,2513.679273
9925000,240,1,2264.816358
9925000,240,1,2257.400929
9925000,240,1,2573.424135
9925000,240,1,2614.188459
9950000,240,1,2287.142644
9950000,240,1,2392.534865
9950000,240,1,2587.267708
9950000,240,1,2422.488227
9950000,240,1,2381.083249
9950000,240,1,2495.346320
9950000,240,1,2365.666208
9950000,240,1,2561.254302
9950000,240,1,2534.627829
9950000,240,1,2418.890090
9975000,240,1,2331.481690
9975000,240,1,2458.938380
9975000,240,1,2155.109515
9975000,240,1,2272.135810
9975000,240,1,2359.820462
9975000,240,1,2556.044460
9975000,240,1,2399.402024
9975000,240,1,2429.896597
9975000,240,1,2458.101220
9975000,240,1,2141.550597
10000000,240,1,2479.240444
10000000,240,1,2420.481840
10000000,240,1,2306.640911
10000000,240,1,2257.011316
10000000,240,1,2490.850844
10000000,240,1,2806.996842
10000000,240,1,2347.854578
10000000,240,1,2477.840902
10000000,240,1,2179.760333
10000000,240,1,2433.851439
