1000000,1,1,1435.053574
1000000,2,1,763.482765
1000000,3,1,544.383762
1000000,4,1,448.971056
1000000,5,1,372.349497
1000000,6,1,326.715545
1000000,7,1,324.374460
1000000,8,1,297.131202
1000000,9,1,281.555826
1000000,10,1,262.552132
1000000,11,1,232.436202
1000000,12,1,308.355709
1000000,13,1,237.237246
1000000,14,1,233.780572
1000000,15,1,211.238725
1000000,16,1,242.856012
1000000,17,1,194.061909
1000000,18,1,236.802082
1000000,19,1,219.928464
1000000,20,1,201.002461
1000000,21,1,195.809749
1000000,22,1,260.410700
1000000,23,1,201.187612
1000000,24,1,235.051803
1000000,25,1,194.544356
1000000,26,1,239.744171
1000000,27,1,186.493664
1000000,28,1,207.437665
1000000,29,1,205.544576
1000000,30,1,215.273565
1000000,31,1,199.083967
1000000,32,1,221.672711
1000000,33,1,198.544616
1000000,34,1,223.997756
1000000,35,1,207.946030
1000000,36,1,235.655055
1000000,37,1,208.172240
1000000,38,1,225.099107
1000000,39,1,202.625200
1000000,40,1,282.383172
1000000,41,1,212.253915
1000000,42,1,218.032682
1000000,43,1,217.691057
1000000,44,1,242.763502
1000000,45,1,228.963102
1000000,46,1,255.107578
1000000,47,1,216.627814
1000000,48,1,223.115688
1000000,49,1,219.576126
1000000,50,1,228.902927
1000000,51,1,217.210408
1000000,52,1,266.261515
1000000,53,1,235.884794
1000000,54,1,222.695859
1000000,55,1,296.755063
1000000,56,1,216.264505
1000000,57,1,251.625175
1000000,58,1,240.931167
1000000,59,1,255.795834
1000000,60,1,238.713775
1000000,61,1,275.225645
1000000,62,1,237.632249
1000000,63,1,303.792490
1000000,64,1,224.976764
1000000,65,1,248.897238
1000000,66,1,227.707138
1000000,67,1,261.128018
1000000,68,1,247.139902
1000000,69,1,251.295612
1000000,70,1,255.050544
1000000,71,1,295.369186
1000000,72,1,275.574329
1000000,73,1,275.257018
1000000,74,1,269.774260
1000000,75,1,246.287088
1000000,76,1,259.961422
1000000,77,1,270.668199
1000000,78,1,263.035669
1000000,79,1,266.572154
1000000,80,1,262.069943
1000000,81,1,285.958919
1000000,82,1,263.716996
1000000,83,1,285.029439
1000000,84,1,261.679560
1000000,85,1,264.665336
1000000,86,1,287.686358
1000000,87,1,294.417316
1000000,88,1,262.134804
1000000,89,1,281.724106
1000000,90,1,272.528374
1000000,91,1,308.910651
1000000,92,1,282.210658
1000000,93,1,296.621363
1000000,94,1,314.234561
1000000,95,1,307.091022
1000000,96,1,288.500357
1000000,97,1,304.751285
1000000,98,1,290.960254
1000000,99,1,377.903209
1000000,100,1,292.279989
1000000,101,1,278.958188
1000000,102,1,297.834920
1000000,103,1,306.094501
1000000,104,1,359.268791
1000000,105,1,279.443650
1000000,106,1,309.360444
1000000,107,1,297.553216
1000000,108,1,273.302406
1000000,109,1,378.460588
1000000,110,1,313.362243
1000000,111,1,342.656735
1000000,112,1,289.567577
1000000,113,1,307.532151
1000000,114,1,313.181134
1000000,115,1,342.496923
1000000,116,1,320.375036
1000000,117,1,297.506190
1000000,118,1,377.201226
1000000,119,1,371.196438
1000000,120,1,320.867810
1000000,121,1,329.997526
1000000,122,1,351.217457
1000000,123,1,354.600740
1000000,124,1,397.282661
1000000,125,1,354.117909
1000000,126,1,378.930397
1000000,127,1,399.165935
1000000,128,1,341.216067
1000000,129,1,374.836086
1000000,130,1,506.086071
1000000,131,1,362.923513
1000000,132,1,341.980283
1000000,133,1,384.331547
1000000,134,1,355.382341
1000000,135,1,378.357875
1000000,136,1,347.346406
1000000,137,1,374.621356
1000000,138,1,369.205770
1000000,139,1,389.754448
1000000,140,1,409.325018
1000000,141,1,421.131859
1000000,142,1,385.736095
1000000,143,1,396.525758
1000000,144,1,380.534658
1000000,145,1,370.549242
1000000,146,1,365.394061
1000000,147,1,423.512398
1000000,148,1,490.384952
1000000,149,1,405.158722
1000000,150,1,431.818427
1000000,151,1,449.638331
1000000,152,1,442.964728
1000000,153,1,423.969824
1000000,154,1,477.968635
1000000,155,1,394.638508
1000000,156,1,442.323757
1000000,157,1,424.982833
1000000,158,1,487.855957
1000000,159,1,450.537530
1000000,160,1,451.705602
1000000,161,1,399.874268
1000000,162,1,512.151292
1000000,163,1,434.087593
1000000,164,1,468.667881
1000000,165,1,506.668792
1000000,166,1,570.143499
1000000,167,1,518.918433
1000000,168,1,548.658094
1000000,169,1,552.155829
1000000,170,1,483.265085
1000000,171,1,489.462657
1000000,172,1,502.380089
1000000,173,1,520.517242
1000000,174,1,537.537261
1000000,175,1,538.941551
1000000,176,1,544.529522
1000000,177,1,510.323385
1000000,178,1,623.332738
1000000,179,1,567.529694
1000000,180,1,529.974148
1000000,181,1,552.406097
1000000,182,1,601.319722
1000000,183,1,529.463345
1000000,184,1,593.417164
1000000,185,1,597.163049
1000000,186,1,560.028875
1000000,187,1,590.987419
1000000,188,1,585.729396
1000000,189,1,663.931929
1000000,190,1,652.848690
1000000,191,1,624.714832
1000000,192,1,497.838102
1000000,193,1,614.101337
1000000,194,1,627.337618
1000000,195,1,617.448115
1000000,196,1,601.477093
1000000,197,1,664.952380
1000000,198,1,577.106827
1000000,199,1,658.144307
1000000,200,1,697.278067
1000000,201,1,756.235297
1000000,202,1,765.927523
1000000,203,1,694.746316
1000000,204,1,582.333668
1000000,205,1,741.282224
1000000,206,1,716.364779
1000000,207,1,569.804631
1000000,208,1,646.238538
1000000,209,1,730.203348
1000000,210,1,781.309856
1000000,211,1,660.135938
1000000,212,1,726.089212
1000000,213,1,734.695038
1000000,214,1,679.926944
1000000,215,1,677.243786
1000000,216,1,789.306852
1000000,217,1,796.264596
1000000,218,1,739.124689
1000000,219,1,708.561662
1000000,220,1,689.492914
1000000,221,1,697.051729
1000000,222,1,821.305026
1000000,223,1,787.841613
1000000,224,1,730.935231
1000000,225,1,877.978784
1000000,226,1,775.760828
1000000,227,1,794.853185
1000000,228,1,718.339985
1000000,229,1,713.428401
1000000,230,1,830.743842
1000000,231,1,799.196420
1000000,232,1,779.552008
1000000,233,1,676.784628
1000000,234,1,826.608024
1000000,235,1,820.714350
1000000,236,1,686.686385
1000000,237,1,722.953954
1000000,238,1,802.949619
1000000,239,1,770.338827
1000000,240,1,956.845706
2000000,1,1,2919.411606
2000000,2,1,1549.781256
2000000,3,1,1108.649308
2000000,4,1,864.662822
2000000,5,1,734.174805
2000000,6,1,637.682110
2000000,7,1,570.240116
2000000,8,1,530.579772
2000000,9,1,494.250551
2000000,10,1,462.673233
2000000,11,1,451.496008
2000000,12,1,413.335094
2000000,13,1,411.464974
2000000,14,1,400.890228
2000000,15,1,382.924114
2000000,16,1,363.550051
2000000,17,1,360.080673
2000000,18,1,351.493325
2000000,19,1,354.333277
2000000,20,1,356.582939
2000000,21,1,334.705418
2000000,22,1,339.998276
2000000,23,1,335.399062
2000000,24,1,320.255578
2000000,25,1,316.150745
2000000,26,1,326.591919
2000000,27,1,346.403902
2000000,28,1,344.019901
2000000,29,1,317.798374
2000000,30,1,325.143296
2000000,31,1,332.284335
2000000,32,1,343.302197
2000000,33,1,339.775402
2000000,34,1,324.710891
2000000,35,1,320.648270
2000000,36,1,324.354832
2000000,37,1,325.685151
2000000,38,1,330.253824
2000000,39,1,332.615439
2000000,40,1,317.401448
2000000,41,1,318.332657
2000000,42,1,337.249617
2000000,43,1,315.207152
2000000,44,1,348.718169
2000000,45,1,333.400953
2000000,46,1,320.529199
2000000,47,1,335.755124
2000000,48,1,321.352758
2000000,49,1,334.885309
2000000,50,1,344.959066
2000000,51,1,331.932958
2000000,52,1,333.703059
2000000,53,1,342.350008
2000000,54,1,336.678379
2000000,55,1,346.212401
2000000,56,1,338.442900
2000000,57,1,347.953441
2000000,58,1,347.155031
2000000,59,1,345.323467
2000000,60,1,341.207535
2000000,61,1,343.291934
2000000,62,1,356.390025
2000000,63,1,379.293002
2000000,64,1,363.120149
2000000,65,1,356.554518
2000000,66,1,355.887755
2000000,67,1,366.503816
2000000,68,1,364.840018
2000000,69,1,362.318146
2000000,70,1,362.172771
2000000,71,1,352.775078
2000000,72,1,373.192366
2000000,73,1,389.563394
2000000,74,1,371.685429
2000000,75,1,393.806996
2000000,76,1,385.274691
2000000,77,1,402.259682
2000000,78,1,399.620343
2000000,79,1,377.510389
2000000,80,1,414.151658
2000000,81,1,447.062442
2000000,82,1,416.675136
2000000,83,1,390.536307
2000000,84,1,391.817545
2000000,85,1,384.639684
2000000,86,1,408.290004
2000000,87,1,404.014836
2000000,88,1,435.639376
2000000,89,1,402.566792
2000000,90,1,416.955686
2000000,91,1,426.241105
2000000,92,1,417.842372
2000000,93,1,424.111543
2000000,94,1,439.721241
2000000,95,1,422.408995
2000000,96,1,436.121500
2000000,97,1,439.690255
2000000,98,1,444.128630
2000000,99,1,460.359478
2000000,100,1,450.670972
2000000,101,1,445.653917
2000000,102,1,492.192392
2000000,103,1,439.975808
2000000,104,1,440.502971
2000000,105,1,448.113367
2000000,106,1,458.276940
2000000,107,1,461.158211
2000000,108,1,444.829012
2000000,109,1,435.224163
2000000,110,1,473.672941
2000000,111,1,444.720654
2000000,112,1,523.882496
2000000,113,1,465.792131
2000000,114,1,468.363594
2000000,115,1,465.704430
2000000,116,1,446.437892
2000000,117,1,492.716348
2000000,118,1,483.591827
2000000,119,1,461.567839
2000000,120,1,474.573357
2000000,121,1,458.907585
2000000,122,1,474.349069
2000000,123,1,457.783973
2000000,124,1,542.932639
2000000,125,1,464.898516
2000000,126,1,499.731895
2000000,127,1,478.806116
2000000,128,1,477.862393
2000000,129,1,487.929865
2000000,130,1,492.453951
2000000,131,1,630.198806
2000000,132,1,487.369150
2000000,133,1,517.549813
2000000,134,1,487.201961
2000000,135,1,498.750132
2000000,136,1,493.623370
2000000,137,1,501.110973
2000000,138,1,563.455205
2000000,139,1,526.417519
2000000,140,1,519.606880
2000000,141,1,485.474650
2000000,142,1,546.067320
2000000,143,1,552.551731
2000000,144,1,564.627703
2000000,145,1,497.526566
2000000,146,1,503.998207
2000000,147,1,521.029135
2000000,148,1,599.373963
2000000,149,1,694.918957
2000000,150,1,607.347155
2000000,151,1,565.178796
2000000,152,1,528.186082
2000000,153,1,564.981132
2000000,154,1,619.730045
2000000,155,1,547.779428
2000000,156,1,625.636868
2000000,157,1,525.663313
2000000,158,1,580.716255
2000000,159,1,656.139204
2000000,160,1,618.611309
2000000,161,1,581.592038
2000000,162,1,565.076082
2000000,163,1,595.816436
2000000,164,1,693.611669
2000000,165,1,554.591796
2000000,166,1,571.865167
2000000,167,1,558.723190
2000000,168,1,549.436167
2000000,169,1,583.589182
2000000,170,1,605.448421
2000000,171,1,582.206321
2000000,172,1,757.947403
2000000,173,1,679.923287
2000000,174,1,739.044688
2000000,175,1,602.010991
2000000,176,1,747.205020
2000000,177,1,603.876108
2000000,178,1,791.769250
2000000,179,1,569.650852
2000000,180,1,777.097884
2000000,181,1,692.735183
2000000,182,1,638.019438
2000000,183,1,803.876019
2000000,184,1,781.513549
2000000,185,1,745.329253
2000000,186,1,900.084121
2000000,187,1,671.995578
2000000,188,1,766.785790
2000000,189,1,781.278357
2000000,190,1,713.774583
2000000,191,1,660.372091
2000000,192,1,844.312385
2000000,193,1,776.597667
2000000,194,1,833.603234
2000000,195,1,849.216204
2000000,196,1,864.261788
2000000,197,1,805.278576
2000000,198,1,835.639003
2000000,199,1,1009.872630
2000000,200,1,1020.532189
2000000,201,1,782.215791
2000000,202,1,741.035611
2000000,203,1,842.694778
2000000,204,1,857.125500
2000000,205,1,768.119767
2000000,206,1,953.351051
2000000,207,1,997.600089
2000000,208,1,914.598114
2000000,209,1,932.888147
2000000,210,1,856.402599
2000000,211,1,1045.241130
2000000,212,1,896.748954
2000000,213,1,983.994017
2000000,214,1,909.200556
2000000,215,1,1042.563683
2000000,216,1,994.768796
2000000,217,1,922.802651
2000000,218,1,1027.117451
2000000,219,1,986.796372
2000000,220,1,953.137351
2000000,221,1,954.516812
2000000,222,1,1045.390226
2000000,223,1,1011.690271
2000000,224,1,1027.650002
2000000,225,1,984.571924
2000000,226,1,929.142970
2000000,227,1,1083.130090
2000000,228,1,1094.202742
2000000,229,1,1118.743083
2000000,230,1,1114.363730
2000000,231,1,1022.882253
2000000,232,1,1188.819349
2000000,233,1,1103.157443
2000000,234,1,1029.766414
2000000,235,1,1131.028203
2000000,236,1,1294.617670
2000000,237,1,1173.630186
2000000,238,1,1208.452148
2000000,239,1,1159.411562
2000000,240,1,1271.180542
3000000,1,1,4393.145172
3000000,2,1,2341.607669
3000000,3,1,1663.321878
3000000,4,1,1297.417720
3000000,5,1,1086.329118
3000000,6,1,946.361162
3000000,7,1,860.122248
3000000,8,1,771.127548
3000000,9,1,705.958954
3000000,10,1,657.572942
3000000,11,1,630.192455
3000000,12,1,601.012417
3000000,13,1,588.591740
3000000,14,1,588.063104
3000000,15,1,551.221026
3000000,16,1,530.669717
3000000,17,1,533.211477
3000000,18,1,494.107486
3000000,19,1,475.187706
3000000,20,1,469.705206
3000000,21,1,489.477672
3000000,22,1,509.086218
3000000,23,1,460.549955
3000000,24,1,488.944797
3000000,25,1,463.096527
3000000,26,1,456.730867
3000000,27,1,465.611534
3000000,28,1,460.449039
3000000,29,1,433.648514
3000000,30,1,448.269007
3000000,31,1,419.139204
3000000,32,1,427.831702
3000000,33,1,430.809332
3000000,34,1,434.009708
3000000,35,1,422.115356
3000000,36,1,421.054297
3000000,37,1,439.702188
3000000,38,1,432.283038
3000000,39,1,438.212186
3000000,40,1,442.556125
3000000,41,1,441.277323
3000000,42,1,451.735112
3000000,43,1,430.846735
3000000,44,1,439.404893
3000000,45,1,454.901615
3000000,46,1,431.020785
3000000,47,1,455.401832
3000000,48,1,441.174418
3000000,49,1,452.730992
3000000,50,1,468.957348
3000000,51,1,438.652418
3000000,52,1,448.026179
3000000,53,1,443.296604
3000000,54,1,457.353685
3000000,55,1,462.756825
3000000,56,1,473.527627
3000000,57,1,474.565338
3000000,58,1,473.915062
3000000,59,1,463.951072
3000000,60,1,455.281605
3000000,61,1,471.188149
3000000,62,1,480.110708
3000000,63,1,487.028166
3000000,64,1,465.207420
3000000,65,1,469.966380
3000000,66,1,477.343571
3000000,67,1,489.746930
3000000,68,1,495.910755
3000000,69,1,498.257870
3000000,70,1,479.443109
3000000,71,1,520.643563
3000000,72,1,486.051211
3000000,73,1,486.921413
3000000,74,1,524.120832
3000000,75,1,487.170781
3000000,76,1,512.866429
3000000,77,1,545.539964
3000000,78,1,526.937368
3000000,79,1,506.124436
3000000,80,1,490.339079
3000000,81,1,551.928398
3000000,82,1,513.931081
3000000,83,1,499.150394
3000000,84,1,569.411168
3000000,85,1,543.020659
3000000,86,1,556.632761
3000000,87,1,543.125040
3000000,88,1,528.443665
3000000,89,1,527.423920
3000000,90,1,548.299532
3000000,91,1,569.769923
3000000,92,1,556.902405
3000000,93,1,552.107393
3000000,94,1,532.737885
3000000,95,1,558.066693
3000000,96,1,552.091994
3000000,97,1,596.905339
3000000,98,1,558.441101
3000000,99,1,550.244841
3000000,100,1,559.448529
3000000,101,1,617.688888
3000000,102,1,552.569564
3000000,103,1,564.015536
3000000,104,1,593.438590
3000000,105,1,579.815390
3000000,106,1,580.890051
3000000,107,1,616.527360
3000000,108,1,611.910632
3000000,109,1,582.084234
3000000,110,1,574.118292
3000000,111,1,593.941437
3000000,112,1,612.940964
3000000,113,1,594.139101
3000000,114,1,605.679829
3000000,115,1,614.712093
3000000,116,1,615.693602
3000000,117,1,609.241654
3000000,118,1,625.016038
3000000,119,1,588.630169
3000000,120,1,614.210849
3000000,121,1,611.446792
3000000,122,1,634.495015
3000000,123,1,626.700239
3000000,124,1,597.940544
3000000,125,1,616.770893
3000000,126,1,652.795635
3000000,127,1,611.849493
3000000,128,1,708.774913
3000000,129,1,647.936015
3000000,130,1,635.663343
3000000,131,1,631.781319
3000000,132,1,632.645552
3000000,133,1,640.694577
3000000,134,1,653.704263
3000000,135,1,659.716939
3000000,136,1,661.072089
3000000,137,1,646.801240
3000000,138,1,659.197990
3000000,139,1,699.292344
3000000,140,1,644.305288
3000000,141,1,681.591125
3000000,142,1,648.816609
3000000,143,1,661.218682
3000000,144,1,675.106586
3000000,145,1,680.386100
3000000,146,1,701.840262
3000000,147,1,675.997123
3000000,148,1,756.248449
3000000,149,1,684.898257
3000000,150,1,703.965785
3000000,151,1,646.828058
3000000,152,1,663.456474
3000000,153,1,756.268336
3000000,154,1,667.395212
3000000,155,1,668.454155
3000000,156,1,657.778557
3000000,157,1,735.358274
3000000,158,1,682.887443
3000000,159,1,723.905181
3000000,160,1,694.797126
3000000,161,1,735.711896
3000000,162,1,707.166930
3000000,163,1,747.949412
3000000,164,1,766.596724
3000000,165,1,704.659301
3000000,166,1,753.267417
3000000,167,1,778.681552
3000000,168,1,708.677654
3000000,169,1,758.644767
3000000,170,1,763.066143
3000000,171,1,757.081950
3000000,172,1,767.894260
3000000,173,1,772.777809
3000000,174,1,709.904041
3000000,175,1,718.863297
3000000,176,1,781.613245
3000000,177,1,738.370802
3000000,178,1,845.310893
3000000,179,1,922.595109
3000000,180,1,737.689089
3000000,181,1,738.252885
3000000,182,1,868.485887
3000000,183,1,850.007942
3000000,184,1,843.579989
3000000,185,1,829.880251
3000000,186,1,708.305939
3000000,187,1,928.803973
3000000,188,1,970.923894
3000000,189,1,938.821465
3000000,190,1,780.502209
3000000,191,1,956.616608
3000000,192,1,769.554916
3000000,193,1,847.174150
3000000,194,1,751.330000
3000000,195,1,840.535831
3000000,196,1,916.199874
3000000,197,1,905.511575
3000000,198,1,829.953710
3000000,199,1,983.764211
3000000,200,1,942.245100
3000000,201,1,1166.887231
3000000,202,1,1128.391109
3000000,203,1,995.395783
3000000,204,1,938.673526
3000000,205,1,977.821784
3000000,206,1,947.701618
3000000,207,1,1145.837632
3000000,208,1,1014.783447
3000000,209,1,1048.983297
3000000,210,1,971.927986
3000000,211,1,1040.058427
3000000,212,1,1057.161657
3000000,213,1,1050.206476
3000000,214,1,1026.437984
3000000,215,1,1103.971379
3000000,216,1,1237.804377
3000000,217,1,1000.982344
3000000,218,1,1138.710645
3000000,219,1,927.010581
3000000,220,1,1301.499907
3000000,221,1,1144.074651
3000000,222,1,1303.443293
3000000,223,1,1128.331829
3000000,224,1,1475.197392
3000000,225,1,997.319408
3000000,226,1,1201.290260
3000000,227,1,1261.491008
3000000,228,1,1224.377042
3000000,229,1,1184.144946
3000000,230,1,1305.234438
3000000,231,1,1162.423642
3000000,232,1,1504.384935
3000000,233,1,1204.850933
3000000,234,1,1383.605568
3000000,235,1,1430.231486
3000000,236,1,1464.449813
3000000,237,1,1360.041987
3000000,238,1,1331.466165
3000000,239,1,1375.149673
3000000,240,1,1519.487167
4000000,1,1,5933.392666
4000000,2,1,3156.203103
4000000,3,1,2224.736053
4000000,4,1,1745.331885
4000000,5,1,1453.858516
4000000,6,1,1271.543657
4000000,7,1,1141.243359
4000000,8,1,1026.828559
4000000,9,1,958.910601
4000000,10,1,936.124578
4000000,11,1,839.671534
4000000,12,1,810.039140
4000000,13,1,755.585598
4000000,14,1,732.618916
4000000,15,1,696.724409
4000000,16,1,683.256142
4000000,17,1,655.762357
4000000,18,1,666.328121
4000000,19,1,650.500743
4000000,20,1,613.921638
4000000,21,1,594.192156
4000000,22,1,589.001883
4000000,23,1,633.933915
4000000,24,1,605.558576
4000000,25,1,594.534745
4000000,26,1,557.499946
4000000,27,1,603.235391
4000000,28,1,556.939809
4000000,29,1,565.591377
4000000,30,1,614.445208
4000000,31,1,561.908811
4000000,32,1,551.552836
4000000,33,1,552.271373
4000000,34,1,533.631887
4000000,35,1,545.062011
4000000,36,1,522.557757
4000000,37,1,532.825905
4000000,38,1,544.893474
4000000,39,1,538.984086
4000000,40,1,525.601146
4000000,41,1,532.304645
4000000,42,1,522.308515
4000000,43,1,561.692800
4000000,44,1,521.170854
4000000,45,1,529.966064
4000000,46,1,544.716663
4000000,47,1,540.349756
4000000,48,1,553.994127
4000000,49,1,555.526664
4000000,50,1,536.597968
4000000,51,1,557.331218
4000000,52,1,547.527233
4000000,53,1,541.485171
4000000,54,1,539.863846
4000000,55,1,548.885781
4000000,56,1,560.788216
4000000,57,1,550.681609
4000000,58,1,541.146497
4000000,59,1,554.141363
4000000,60,1,547.280107
4000000,61,1,558.239335
4000000,62,1,556.585672
4000000,63,1,561.644684
4000000,64,1,591.642315
4000000,65,1,579.100510
4000000,66,1,570.335838
4000000,67,1,590.020536
4000000,68,1,577.974269
4000000,69,1,606.468038
4000000,70,1,604.014043
4000000,71,1,599.011165
4000000,72,1,593.677120
4000000,73,1,598.086370
4000000,74,1,633.906200
4000000,75,1,602.910511
4000000,76,1,628.424020
4000000,77,1,613.131953
4000000,78,1,608.530495
4000000,79,1,616.229360
4000000,80,1,629.206904
4000000,81,1,636.080415
4000000,82,1,601.721974
4000000,83,1,622.710112
4000000,84,1,624.290701
4000000,85,1,640.503010
4000000,86,1,620.319567
4000000,87,1,634.994269
4000000,88,1,635.405824
4000000,89,1,648.440532
4000000,90,1,640.587629
4000000,91,1,622.927727
4000000,92,1,684.412088
4000000,93,1,648.348918
4000000,94,1,646.465324
4000000,95,1,658.462774
4000000,96,1,678.165308
4000000,97,1,681.562512
4000000,98,1,707.461081
4000000,99,1,642.257074
4000000,100,1,689.478864
4000000,101,1,693.167523
4000000,102,1,660.225496
4000000,103,1,677.604786
4000000,104,1,703.146652
4000000,105,1,693.057113
4000000,106,1,666.179603
4000000,107,1,674.920474
4000000,108,1,709.400553
4000000,109,1,732.290440
4000000,110,1,709.913923
4000000,111,1,728.195295
4000000,112,1,763.575471
4000000,113,1,773.953322
4000000,114,1,735.668590
4000000,115,1,717.015439
4000000,116,1,724.236157
4000000,117,1,730.031989
4000000,118,1,738.709991
4000000,119,1,700.255825
4000000,120,1,747.834444
4000000,121,1,732.715791
4000000,122,1,739.235291
4000000,123,1,730.613877
4000000,124,1,717.387281
4000000,125,1,762.549246
4000000,126,1,754.892915
4000000,127,1,765.082857
4000000,128,1,802.448632
4000000,129,1,741.663241
4000000,130,1,774.937140
4000000,131,1,788.566629
4000000,132,1,761.571906
4000000,133,1,751.851323
4000000,134,1,838.077666
4000000,135,1,751.677592
4000000,136,1,799.660517
4000000,137,1,754.547377
4000000,138,1,793.153012
4000000,139,1,785.737969
4000000,140,1,803.652823
4000000,141,1,826.666658
4000000,142,1,870.442937
4000000,143,1,806.563924
4000000,144,1,784.476551
4000000,145,1,803.112060
4000000,146,1,799.772148
4000000,147,1,835.583892
4000000,148,1,866.780708
4000000,149,1,832.588813
4000000,150,1,783.018114
4000000,151,1,797.484570
4000000,152,1,860.342619
4000000,153,1,864.664939
4000000,154,1,864.294444
4000000,155,1,838.672447
4000000,156,1,867.168784
4000000,157,1,841.772677
4000000,158,1,839.106198
4000000,159,1,812.490119
4000000,160,1,815.551730
4000000,161,1,855.593860
4000000,162,1,826.179721
4000000,163,1,885.446050
4000000,164,1,837.362978
4000000,165,1,851.183648
4000000,166,1,825.873830
4000000,167,1,825.066054
4000000,168,1,872.246400
4000000,169,1,827.347602
4000000,170,1,918.766015
4000000,171,1,909.816573
4000000,172,1,829.681176
4000000,173,1,1007.982238
4000000,174,1,849.893746
4000000,175,1,992.036366
4000000,176,1,926.027597
4000000,177,1,873.409147
4000000,178,1,878.296737
4000000,179,1,884.735404
4000000,180,1,883.119787
4000000,181,1,904.269276
4000000,182,1,927.684917
4000000,183,1,886.288855
4000000,184,1,923.184692
4000000,185,1,925.861050
4000000,186,1,945.055927
4000000,187,1,950.103263
4000000,188,1,893.931391
4000000,189,1,970.234997
4000000,190,1,942.478178
4000000,191,1,946.704200
4000000,192,1,908.478362
4000000,193,1,965.403736
4000000,194,1,954.862479
4000000,195,1,998.311951
4000000,196,1,1016.771097
4000000,197,1,1021.749467
4000000,198,1,976.446363
4000000,199,1,1009.610880
4000000,200,1,1117.257510
4000000,201,1,961.062040
4000000,202,1,1018.719423
4000000,203,1,1316.396843
4000000,204,1,1284.817214
4000000,205,1,1076.670957
4000000,206,1,991.204789
4000000,207,1,1079.907839
4000000,208,1,1050.421012
4000000,209,1,1265.187559
4000000,210,1,1102.256770
4000000,211,1,1012.753642
4000000,212,1,1192.784070
4000000,213,1,1050.730175
4000000,214,1,1140.941124
4000000,215,1,1121.994848
4000000,216,1,1100.126503
4000000,217,1,1017.459483
4000000,218,1,1049.031220
4000000,219,1,1239.675973
4000000,220,1,1261.908914
4000000,221,1,1392.714948
4000000,222,1,1098.743254
4000000,223,1,1322.687119
4000000,224,1,1244.398941
4000000,225,1,1428.642687
4000000,226,1,1252.918285
4000000,227,1,1553.071066
4000000,228,1,1503.356466
4000000,229,1,1550.316244
4000000,230,1,1473.917821
4000000,231,1,1393.402948
4000000,232,1,1341.182194
4000000,233,1,1303.708511
4000000,234,1,1572.733568
4000000,235,1,1441.028593
4000000,236,1,1655.443442
4000000,237,1,1481.710864
4000000,238,1,1688.794008
4000000,239,1,1568.494008
4000000,240,1,1505.729047
5000000,1,1,7387.061347
5000000,2,1,3965.085142
5000000,3,1,2763.450111
5000000,4,1,2191.191547
5000000,5,1,1816.563583
5000000,6,1,1578.207792
5000000,7,1,1411.927274
5000000,8,1,1281.366957
5000000,9,1,1178.333651
5000000,10,1,1144.824174
5000000,11,1,1035.098085
5000000,12,1,1037.652612
5000000,13,1,968.237915
5000000,14,1,916.371810
5000000,15,1,866.223907
5000000,16,1,846.912780
5000000,17,1,806.228457
5000000,18,1,800.945992
5000000,19,1,758.235330
5000000,20,1,753.669798
5000000,21,1,745.791364
5000000,22,1,728.459357
5000000,23,1,752.835527
5000000,24,1,719.383787
5000000,25,1,714.684749
5000000,26,1,726.047959
5000000,27,1,698.704684
5000000,28,1,676.227442
5000000,29,1,666.066881
5000000,30,1,667.240984
5000000,31,1,673.998180
5000000,32,1,666.942598
5000000,33,1,651.959758
5000000,34,1,677.974641
5000000,35,1,642.898495
5000000,36,1,631.341152
5000000,37,1,645.382197
5000000,38,1,635.498529
5000000,39,1,636.353588
5000000,40,1,654.930266
5000000,41,1,653.760270
5000000,42,1,649.742174
5000000,43,1,645.919686
5000000,44,1,648.152411
5000000,45,1,650.319569
5000000,46,1,664.136455
5000000,47,1,645.490808
5000000,48,1,625.066080
5000000,49,1,638.369533
5000000,50,1,652.699273
5000000,51,1,649.715869
5000000,52,1,654.577605
5000000,53,1,661.205017
5000000,54,1,658.084322
5000000,55,1,645.686482
5000000,56,1,656.415006
5000000,57,1,636.073486
5000000,58,1,660.041245
5000000,59,1,676.973757
5000000,60,1,672.383847
5000000,61,1,674.921755
5000000,62,1,670.986613
5000000,63,1,701.291288
5000000,64,1,692.995909
5000000,65,1,694.299988
5000000,66,1,692.390349
5000000,67,1,714.088686
5000000,68,1,745.177080
5000000,69,1,695.443810
5000000,70,1,718.451871
5000000,71,1,711.100214
5000000,72,1,747.435081
5000000,73,1,713.185127
5000000,74,1,714.576585
5000000,75,1,709.908276
5000000,76,1,703.525746
5000000,77,1,711.557641
5000000,78,1,708.412951
5000000,79,1,718.639590
5000000,80,1,715.290760
5000000,81,1,714.442117
5000000,82,1,760.512193
5000000,83,1,763.473977
5000000,84,1,761.886076
5000000,85,1,732.606663
5000000,86,1,779.493691
5000000,87,1,723.559193
5000000,88,1,832.732971
5000000,89,1,759.591889
5000000,90,1,757.688088
5000000,91,1,830.771814
5000000,92,1,765.200262
5000000,93,1,766.412151
5000000,94,1,825.980778
5000000,95,1,766.280504
5000000,96,1,792.166435
5000000,97,1,807.237360
5000000,98,1,805.600764
5000000,99,1,833.735587
5000000,100,1,816.798262
5000000,101,1,808.510197
5000000,102,1,809.380011
5000000,103,1,794.182123
5000000,104,1,764.619915
5000000,105,1,788.234242
5000000,106,1,858.924791
5000000,107,1,816.762207
5000000,108,1,786.198858
5000000,109,1,800.189989
5000000,110,1,802.277402
5000000,111,1,824.063951
5000000,112,1,804.268583
5000000,113,1,852.467263
5000000,114,1,829.249285
5000000,115,1,859.041746
5000000,116,1,846.165183
5000000,117,1,876.427001
5000000,118,1,850.696711
5000000,119,1,887.228022
5000000,120,1,891.060902
5000000,121,1,933.133412
5000000,122,1,850.265139
5000000,123,1,884.769342
5000000,124,1,906.484680
5000000,125,1,867.936655
5000000,126,1,884.835229
5000000,127,1,922.183041
5000000,128,1,919.901751
5000000,129,1,910.254496
5000000,130,1,971.394857
5000000,131,1,985.296619
5000000,132,1,904.529298
5000000,133,1,904.008615
5000000,134,1,967.259934
5000000,135,1,941.357323
5000000,136,1,864.519499
5000000,137,1,949.871856
5000000,138,1,992.029823
5000000,139,1,922.535317
5000000,140,1,1082.499062
5000000,141,1,1010.657120
5000000,142,1,966.293053
5000000,143,1,931.627759
5000000,144,1,915.106801
5000000,145,1,1030.955209
5000000,146,1,954.058489
5000000,147,1,941.652565
5000000,148,1,1016.216543
5000000,149,1,1095.868978
5000000,150,1,946.121993
5000000,151,1,940.149027
5000000,152,1,995.911718
5000000,153,1,954.349432
5000000,154,1,980.255057
5000000,155,1,1005.840164
5000000,156,1,975.085442
5000000,157,1,1004.345608
5000000,158,1,1023.935359
5000000,159,1,958.343085
5000000,160,1,943.595759
5000000,161,1,1008.960474
5000000,162,1,1023.098650
5000000,163,1,1033.435829
5000000,164,1,966.582393
5000000,165,1,985.277438
5000000,166,1,985.675199
5000000,167,1,1016.501326
5000000,168,1,1051.162066
5000000,169,1,1010.139005
5000000,170,1,1160.864867
5000000,171,1,1071.499033
5000000,172,1,1105.123732
5000000,173,1,1169.836569
5000000,174,1,1144.427182
5000000,175,1,1079.628378
5000000,176,1,1036.391452
5000000,177,1,1105.142851
5000000,178,1,1078.858452
5000000,179,1,1046.070785
5000000,180,1,1055.499334
5000000,181,1,1109.237997
5000000,182,1,1076.164837
5000000,183,1,1124.469245
5000000,184,1,1110.943625
5000000,185,1,1094.490671
5000000,186,1,1082.365746
5000000,187,1,1128.150655
5000000,188,1,1223.151422
5000000,189,1,1106.361155
5000000,190,1,1669.411669
5000000,191,1,1081.872459
5000000,192,1,1126.191808
5000000,193,1,1064.190423
5000000,194,1,1105.286943
5000000,195,1,1178.983287
5000000,196,1,1175.010355
5000000,197,1,1186.044449
5000000,198,1,1180.008421
5000000,199,1,1104.031492
5000000,200,1,1200.687075
5000000,201,1,1252.994566
5000000,202,1,1140.339991
5000000,203,1,1200.703563
5000000,204,1,1461.202797
5000000,205,1,1393.984706
5000000,206,1,1424.128031
5000000,207,1,1219.130952
5000000,208,1,1349.027973
5000000,209,1,1463.780163
5000000,210,1,1190.875264
5000000,211,1,1218.972361
5000000,212,1,1223.294680
5000000,213,1,1214.693669
5000000,214,1,1306.601711
5000000,215,1,1243.189939
5000000,216,1,1659.428114
5000000,217,1,1211.021751
5000000,218,1,1251.452919
5000000,219,1,1701.261584
5000000,220,1,1239.152021
5000000,221,1,1344.632388
5000000,222,1,1314.435365
5000000,223,1,1586.636871
5000000,224,1,1698.212165
5000000,225,1,1322.982619
5000000,226,1,1339.803949
5000000,227,1,1475.301003
5000000,228,1,1546.722151
5000000,229,1,1660.723789
5000000,230,1,1891.352808
5000000,231,1,1818.728238
5000000,232,1,1479.624863
5000000,233,1,1655.191698
5000000,234,1,1858.635066
5000000,235,1,1575.387280
5000000,236,1,1568.662737
5000000,237,1,1402.996503
5000000,238,1,1817.212127
5000000,239,1,1920.000935
5000000,240,1,1931.390833
6000000,1,1,8934.624184
6000000,2,1,4748.075797
6000000,3,1,3366.357799
6000000,4,1,2623.760076
6000000,5,1,2193.743187
6000000,6,1,1927.038040
6000000,7,1,1719.931095
6000000,8,1,1570.218241
6000000,9,1,1406.278484
6000000,10,1,1348.523330
6000000,11,1,1241.575477
6000000,12,1,1182.867939
6000000,13,1,1138.203756
6000000,14,1,1075.738143
6000000,15,1,1054.351857
6000000,16,1,1017.294218
6000000,17,1,970.655277
6000000,18,1,967.623629
6000000,19,1,929.406645
6000000,20,1,885.281491
6000000,21,1,919.448753
6000000,22,1,863.251539
6000000,23,1,849.361580
6000000,24,1,848.485606
6000000,25,1,819.201960
6000000,26,1,818.669666
6000000,27,1,817.682383
6000000,28,1,813.710028
6000000,29,1,827.300062
6000000,30,1,824.413019
6000000,31,1,771.824914
6000000,32,1,783.238039
6000000,33,1,772.912792
6000000,34,1,783.157972
6000000,35,1,739.080230
6000000,36,1,750.426246
6000000,37,1,764.353159
6000000,38,1,767.242190
6000000,39,1,748.618420
6000000,40,1,735.554332
6000000,41,1,746.582781
6000000,42,1,750.703782
6000000,43,1,727.389186
6000000,44,1,734.004664
6000000,45,1,753.027798
6000000,46,1,736.525319
6000000,47,1,745.225643
6000000,48,1,721.580844
6000000,49,1,744.514484
6000000,50,1,732.693848
6000000,51,1,720.494441
6000000,52,1,744.781371
6000000,53,1,739.489539
6000000,54,1,720.710771
6000000,55,1,757.990579
6000000,56,1,750.406551
6000000,57,1,743.931635
6000000,58,1,731.420819
6000000,59,1,745.626357
6000000,60,1,764.244736
6000000,61,1,782.120008
6000000,62,1,741.084754
6000000,63,1,768.984256
6000000,64,1,779.034790
6000000,65,1,780.718539
6000000,66,1,785.883666
6000000,67,1,792.527435
6000000,68,1,776.770886
6000000,69,1,780.648355
6000000,70,1,811.797695
6000000,71,1,803.806089
6000000,72,1,819.292034
6000000,73,1,849.518376
6000000,74,1,797.930897
6000000,75,1,801.127423
6000000,76,1,781.984383
6000000,77,1,805.771799
6000000,78,1,823.470902
6000000,79,1,782.078882
6000000,80,1,849.340601
6000000,81,1,812.453231
6000000,82,1,856.177543
6000000,83,1,863.221130
6000000,84,1,875.867955
6000000,85,1,825.363284
6000000,86,1,813.980826
6000000,87,1,853.502534
6000000,88,1,826.887673
6000000,89,1,833.087554
6000000,90,1,853.096494
6000000,91,1,838.230098
6000000,92,1,878.593390
6000000,93,1,852.290580
6000000,94,1,862.438051
6000000,95,1,878.768019
6000000,96,1,863.843560
6000000,97,1,918.211648
6000000,98,1,886.993855
6000000,99,1,883.096818
6000000,100,1,892.925954
6000000,101,1,894.376821
6000000,102,1,889.980980
6000000,103,1,909.870591
6000000,104,1,898.308565
6000000,105,1,866.942508
6000000,106,1,889.523360
6000000,107,1,854.463385
6000000,108,1,906.114377
6000000,109,1,946.481583
6000000,110,1,911.795949
6000000,111,1,889.082424
6000000,112,1,921.755384
6000000,113,1,938.447314
6000000,114,1,993.073433
6000000,115,1,913.600183
6000000,116,1,934.629251
6000000,117,1,993.269236
6000000,118,1,914.730981
6000000,119,1,1009.292927
6000000,120,1,956.000718
6000000,121,1,960.539947
6000000,122,1,944.038749
6000000,123,1,967.414740
6000000,124,1,932.861845
6000000,125,1,936.576488
6000000,126,1,943.210380
6000000,127,1,1009.695563
6000000,128,1,1039.040478
6000000,129,1,1024.383804
6000000,130,1,1076.790476
6000000,131,1,950.750653
6000000,132,1,1047.099768
6000000,133,1,1061.236787
6000000,134,1,998.491457
6000000,135,1,1091.613636
6000000,136,1,1045.438664
6000000,137,1,1003.987687
6000000,138,1,1030.214471
6000000,139,1,1015.691817
6000000,140,1,1064.643485
6000000,141,1,1034.669594
6000000,142,1,1034.501637
6000000,143,1,1093.614121
6000000,144,1,1090.081806
6000000,145,1,1041.142198
6000000,146,1,1099.302043
6000000,147,1,1044.614399
6000000,148,1,1060.187402
6000000,149,1,1111.297822
6000000,150,1,1069.558020
6000000,151,1,1132.879269
6000000,152,1,1075.475364
6000000,153,1,1097.254792
6000000,154,1,1099.549362
6000000,155,1,1095.662462
6000000,156,1,1068.566568
6000000,157,1,1110.065085
6000000,158,1,1151.870006
6000000,159,1,1057.331474
6000000,160,1,1113.554159
6000000,161,1,1111.445381
6000000,162,1,1125.932044
6000000,163,1,1141.988134
6000000,164,1,1190.205355
6000000,165,1,1157.844640
6000000,166,1,1149.138923
6000000,167,1,1084.472919
6000000,168,1,1145.762698
6000000,169,1,1081.514282
6000000,170,1,1177.953214
6000000,171,1,1119.757183
6000000,172,1,1179.508139
6000000,173,1,1268.507326
6000000,174,1,1191.415063
6000000,175,1,1217.999130
6000000,176,1,1159.473728
6000000,177,1,1106.818324
6000000,178,1,1146.901132
6000000,179,1,1237.794627
6000000,180,1,1167.317713
6000000,181,1,1225.584760
6000000,182,1,1307.939856
6000000,183,1,1253.598972
6000000,184,1,1220.490977
6000000,185,1,1157.805696
6000000,186,1,1312.208608
6000000,187,1,1208.111742
6000000,188,1,1236.424851
6000000,189,1,1225.855752
6000000,190,1,1245.316422
6000000,191,1,1334.627854
6000000,192,1,1201.647926
6000000,193,1,1292.822677
6000000,194,1,1201.933095
6000000,195,1,1253.261516
6000000,196,1,1292.571253
6000000,197,1,1548.265593
6000000,198,1,1302.613639
6000000,199,1,1242.300492
6000000,200,1,1321.391894
6000000,201,1,1411.043859
6000000,202,1,1288.389432
6000000,203,1,1340.577980
6000000,204,1,1383.270808
6000000,205,1,1409.575607
6000000,206,1,1443.774302
6000000,207,1,1247.664883
6000000,208,1,1292.523521
6000000,209,1,1351.668660
6000000,210,1,1367.602920
6000000,211,1,1369.378733
6000000,212,1,1402.101669
6000000,213,1,1217.191353
6000000,214,1,1359.573206
6000000,215,1,1289.127473
6000000,216,1,1354.657903
6000000,217,1,1613.615041
6000000,218,1,1413.944310
6000000,219,1,1381.822122
6000000,220,1,1743.257881
6000000,221,1,1417.751145
6000000,222,1,1471.066318
6000000,223,1,1470.976503
6000000,224,1,1556.539480
6000000,225,1,1499.315081
6000000,226,1,1448.575924
6000000,227,1,1489.990463
6000000,228,1,1524.705604
6000000,229,1,1757.882028
6000000,230,1,1391.308797
6000000,231,1,2016.157647
6000000,232,1,1987.438309
6000000,233,1,1482.907356
6000000,234,1,1553.491988
6000000,235,1,1771.994669
6000000,236,1,1556.951034
6000000,237,1,1634.658930
6000000,238,1,1926.376087
6000000,239,1,1867.727125
6000000,240,1,1649.320418
7000000,1,1,10472.444820
7000000,2,1,5572.974278
7000000,3,1,3905.775702
7000000,4,1,3047.644830
7000000,5,1,2619.996547
7000000,6,1,2207.083722
7000000,7,1,2007.745250
7000000,8,1,1773.203991
7000000,9,1,1634.254755
7000000,10,1,1585.294554
7000000,11,1,1449.793782
7000000,12,1,1403.094213
7000000,13,1,1290.205086
7000000,14,1,1242.785955
7000000,15,1,1195.559801
7000000,16,1,1180.931034
7000000,17,1,1157.551321
7000000,18,1,1099.404884
7000000,19,1,1049.598799
7000000,20,1,1034.344968
7000000,21,1,1013.039646
7000000,22,1,988.394670
7000000,23,1,1001.806864
7000000,24,1,1001.679066
7000000,25,1,985.828530
7000000,26,1,924.836047
7000000,27,1,913.773081
7000000,28,1,912.009394
7000000,29,1,968.998602
7000000,30,1,884.387169
7000000,31,1,894.963904
7000000,32,1,906.033285
7000000,33,1,891.783415
7000000,34,1,876.020259
7000000,35,1,892.866674
7000000,36,1,857.001808
7000000,37,1,854.911955
7000000,38,1,852.248880
7000000,39,1,854.534661
7000000,40,1,871.044326
7000000,41,1,867.575526
7000000,42,1,846.013905
7000000,43,1,811.615815
7000000,44,1,815.492321
7000000,45,1,818.254133
7000000,46,1,840.660740
7000000,47,1,819.276509
7000000,48,1,806.656243
7000000,49,1,808.024415
7000000,50,1,841.873337
7000000,51,1,858.626856
7000000,52,1,818.654010
7000000,53,1,803.739176
7000000,54,1,825.094346
7000000,55,1,831.722848
7000000,56,1,812.535094
7000000,57,1,815.142418
7000000,58,1,843.306561
7000000,59,1,810.683707
7000000,60,1,819.086929
7000000,61,1,824.087881
7000000,62,1,843.375205
7000000,63,1,860.622271
7000000,64,1,868.578526
7000000,65,1,844.505104
7000000,66,1,839.916285
7000000,67,1,861.603202
7000000,68,1,877.628112
7000000,69,1,848.665818
7000000,70,1,858.218315
7000000,71,1,878.644521
7000000,72,1,874.539496
7000000,73,1,862.452230
7000000,74,1,912.495047
7000000,75,1,891.638874
7000000,76,1,888.122024
7000000,77,1,896.501316
7000000,78,1,899.075602
7000000,79,1,876.981429
7000000,80,1,904.799071
7000000,81,1,866.813043
7000000,82,1,913.020606
7000000,83,1,901.700828
7000000,84,1,924.583339
7000000,85,1,936.098597
7000000,86,1,958.955446
7000000,87,1,942.148548
7000000,88,1,905.054406
7000000,89,1,917.351523
7000000,90,1,923.762987
7000000,91,1,939.843585
7000000,92,1,947.345558
7000000,93,1,954.870756
7000000,94,1,1023.936451
7000000,95,1,978.422212
7000000,96,1,1000.635071
7000000,97,1,965.637132
7000000,98,1,950.754181
7000000,99,1,974.320200
7000000,100,1,953.401926
7000000,101,1,1023.122579
7000000,102,1,959.218096
7000000,103,1,995.272412
7000000,104,1,979.392749
7000000,105,1,1036.017876
7000000,106,1,1004.553663
7000000,107,1,1058.937662
7000000,108,1,1113.799677
7000000,109,1,1022.261103
7000000,110,1,1074.605356
7000000,111,1,966.889117
7000000,112,1,1047.229169
7000000,113,1,1072.444486
7000000,114,1,1010.749310
7000000,115,1,1103.209601
7000000,116,1,1075.105766
7000000,117,1,1072.376674
7000000,118,1,1108.320003
7000000,119,1,1107.684098
7000000,120,1,1068.162840
7000000,121,1,1054.754558
7000000,122,1,1134.408276
7000000,123,1,1098.522174
7000000,124,1,1071.853424
7000000,125,1,1138.515036
7000000,126,1,1108.781020
7000000,127,1,1065.454213
7000000,128,1,1117.126761
7000000,129,1,1107.596268
7000000,130,1,1104.767671
7000000,131,1,1176.954445
7000000,132,1,1231.530460
7000000,133,1,1149.343579
7000000,134,1,1124.981843
7000000,135,1,1133.199147
7000000,136,1,1163.809649
7000000,137,1,1147.445230
7000000,138,1,1160.471595
7000000,139,1,1199.479227
7000000,140,1,1126.854210
7000000,141,1,1188.217191
7000000,142,1,1225.997085
7000000,143,1,1183.621314
7000000,144,1,1142.499772
7000000,145,1,1170.738653
7000000,146,1,1166.838859
7000000,147,1,1205.245679
7000000,148,1,1204.804034
7000000,149,1,1339.540337
7000000,150,1,1202.976641
7000000,151,1,1188.222257
7000000,152,1,1249.196266
7000000,153,1,1231.911220
7000000,154,1,1301.852825
7000000,155,1,1194.778458
7000000,156,1,1236.091886
7000000,157,1,1323.297426
7000000,158,1,1286.273150
7000000,159,1,1191.534327
7000000,160,1,1203.188290
7000000,161,1,1239.869657
7000000,162,1,1348.271330
7000000,163,1,1387.189785
7000000,164,1,1255.420269
7000000,165,1,1314.169828
7000000,166,1,1218.575306
7000000,167,1,1381.615351
7000000,168,1,1289.254115
7000000,169,1,1267.159879
7000000,170,1,1245.029970
7000000,171,1,1369.543932
7000000,172,1,1376.796792
7000000,173,1,1279.728241
7000000,174,1,1307.770553
7000000,175,1,1327.987742
7000000,176,1,1328.669323
7000000,177,1,1401.928129
7000000,178,1,1415.159217
7000000,179,1,1345.170714
7000000,180,1,1373.467720
7000000,181,1,1382.096642
7000000,182,1,1352.432299
7000000,183,1,1317.727036
7000000,184,1,1371.717699
7000000,185,1,1282.218551
7000000,186,1,1416.260694
7000000,187,1,1365.565097
7000000,188,1,1361.613851
7000000,189,1,1475.448752
7000000,190,1,1434.013621
7000000,191,1,1636.501336
7000000,192,1,1445.880770
7000000,193,1,1429.100754
7000000,194,1,1404.853281
7000000,195,1,1322.599611
7000000,196,1,1445.841763
7000000,197,1,1559.909739
7000000,198,1,1449.635254
7000000,199,1,1417.978959
7000000,200,1,1438.802797
7000000,201,1,1538.151225
7000000,202,1,1511.251582
7000000,203,1,1486.819340
7000000,204,1,1582.971819
7000000,205,1,1435.437543
7000000,206,1,1440.849537
7000000,207,1,1437.147725
7000000,208,1,1521.503498
7000000,209,1,1407.578011
7000000,210,1,1520.329589
7000000,211,1,1476.410437
7000000,212,1,1534.786870
7000000,213,1,1525.332978
7000000,214,1,1497.679319
7000000,215,1,1556.264961
7000000,216,1,1652.600860
7000000,217,1,1508.533844
7000000,218,1,1673.514772
7000000,219,1,1582.734511
7000000,220,1,1692.381945
7000000,221,1,1564.889328
7000000,222,1,1716.410652
7000000,223,1,1653.255241
7000000,224,1,1878.925329
7000000,225,1,1750.783269
7000000,226,1,1763.637316
7000000,227,1,1646.607622
7000000,228,1,1831.268310
7000000,229,1,1587.962250
7000000,230,1,2125.315965
7000000,231,1,1610.281736
7000000,232,1,1983.567384
7000000,233,1,2131.074589
7000000,234,1,1798.278039
7000000,235,1,2005.705632
7000000,236,1,2247.464207
7000000,237,1,1873.034224
7000000,238,1,2105.473057
7000000,239,1,2110.891722
7000000,240,1,2211.808100
8000000,1,1,12075.706258
8000000,2,1,6421.343188
8000000,3,1,4522.478334
8000000,4,1,3456.648236
8000000,5,1,2957.255657
8000000,6,1,2618.522135
8000000,7,1,2279.700784
8000000,8,1,2030.432920
8000000,9,1,1902.066834
8000000,10,1,1758.035103
8000000,11,1,1641.079571
8000000,12,1,1562.357512
8000000,13,1,1485.645623
8000000,14,1,1423.267389
8000000,15,1,1359.873518
8000000,16,1,1375.730792
8000000,17,1,1279.275050
8000000,18,1,1244.777906
8000000,19,1,1198.248861
8000000,20,1,1182.067541
8000000,21,1,1159.708793
8000000,22,1,1121.815598
8000000,23,1,1110.468875
8000000,24,1,1146.667414
8000000,25,1,1067.108516
8000000,26,1,1064.291082
8000000,27,1,1067.125901
8000000,28,1,1066.862032
8000000,29,1,1086.074807
8000000,30,1,1005.912082
8000000,31,1,1002.249276
8000000,32,1,974.984590
8000000,33,1,999.142824
8000000,34,1,998.129174
8000000,35,1,957.279009
8000000,36,1,956.415930
8000000,37,1,953.455879
8000000,38,1,966.504187
8000000,39,1,957.239232
8000000,40,1,935.387052
8000000,41,1,948.675170
8000000,42,1,918.527484
8000000,43,1,912.246191
8000000,44,1,912.622907
8000000,45,1,955.138475
8000000,46,1,933.239399
8000000,47,1,924.309268
8000000,48,1,931.558984
8000000,49,1,924.594117
8000000,50,1,936.453118
8000000,51,1,921.557079
8000000,52,1,920.400425
8000000,53,1,909.562390
8000000,54,1,936.726804
8000000,55,1,936.836379
8000000,56,1,927.649887
8000000,57,1,901.010198
8000000,58,1,913.781421
8000000,59,1,916.496913
8000000,60,1,917.586328
8000000,61,1,915.660714
8000000,62,1,929.992575
8000000,63,1,909.943665
8000000,64,1,981.011189
8000000,65,1,920.463556
8000000,66,1,954.265644
8000000,67,1,945.998173
8000000,68,1,924.777533
8000000,69,1,941.252815
8000000,70,1,956.918715
8000000,71,1,937.857536
8000000,72,1,1045.273208
8000000,73,1,987.632507
8000000,74,1,960.086115
8000000,75,1,949.778319
8000000,76,1,981.020364
8000000,77,1,1006.498074
8000000,78,1,990.103632
8000000,79,1,1001.098144
8000000,80,1,1027.558259
8000000,81,1,1011.928801
8000000,82,1,1069.671639
8000000,83,1,974.955464
8000000,84,1,966.452031
8000000,85,1,1029.480473
8000000,86,1,1025.346324
8000000,87,1,1021.770384
8000000,88,1,1042.299236
8000000,89,1,1039.631990
8000000,90,1,1046.569332
8000000,91,1,1018.775112
8000000,92,1,1050.400802
8000000,93,1,1026.689535
8000000,94,1,1046.976461
8000000,95,1,1068.591396
8000000,96,1,1125.616532
8000000,97,1,1031.411028
8000000,98,1,1031.825405
8000000,99,1,1076.022606
8000000,100,1,1093.290970
8000000,101,1,1074.554096
8000000,102,1,1062.326204
8000000,103,1,1096.033343
8000000,104,1,1054.102229
8000000,105,1,1076.338251
8000000,106,1,1048.839012
8000000,107,1,1128.350306
8000000,108,1,1126.404612
8000000,109,1,1068.064747
8000000,110,1,1075.005812
8000000,111,1,1122.591104
8000000,112,1,1092.370794
8000000,113,1,1211.205683
8000000,114,1,1079.050148
8000000,115,1,1173.644173
8000000,116,1,1189.697760
8000000,117,1,1190.518882
8000000,118,1,1180.247590
8000000,119,1,1146.283637
8000000,120,1,1196.487932
8000000,121,1,1207.953536
8000000,122,1,1134.271821
8000000,123,1,1209.123404
8000000,124,1,1331.839610
8000000,125,1,1195.849012
8000000,126,1,1168.648609
8000000,127,1,1188.725361
8000000,128,1,1236.789059
8000000,129,1,1214.063599
8000000,130,1,1239.057518
8000000,131,1,1257.471947
8000000,132,1,1215.473792
8000000,133,1,1243.391256
8000000,134,1,1305.073216
8000000,135,1,1181.794175
8000000,136,1,1259.963476
8000000,137,1,1313.974028
8000000,138,1,1285.159033
8000000,139,1,1325.803516
8000000,140,1,1234.877750
8000000,141,1,1414.041890
8000000,142,1,1221.136698
8000000,143,1,1250.504773
8000000,144,1,1246.338606
8000000,145,1,1258.494837
8000000,146,1,1296.112421
8000000,147,1,1263.915491
8000000,148,1,1226.440332
8000000,149,1,1304.602255
8000000,150,1,1289.860445
8000000,151,1,1316.661034
8000000,152,1,1443.903574
8000000,153,1,1363.569363
8000000,154,1,1469.569133
8000000,155,1,1378.536483
8000000,156,1,1390.787344
8000000,157,1,1368.644030
8000000,158,1,1323.030413
8000000,159,1,1420.566462
8000000,160,1,1470.618389
8000000,161,1,1262.869379
8000000,162,1,1461.225186
8000000,163,1,1356.056931
8000000,164,1,1342.772789
8000000,165,1,1343.830128
8000000,166,1,1464.980762
8000000,167,1,1457.107845
8000000,168,1,1496.097255
8000000,169,1,1438.454179
8000000,170,1,1436.854536
8000000,171,1,1428.353926
8000000,172,1,1446.613549
8000000,173,1,1403.119104
8000000,174,1,1357.495866
8000000,175,1,1516.074951
8000000,176,1,1451.056800
8000000,177,1,1501.130734
8000000,178,1,1528.040451
8000000,179,1,1397.905735
8000000,180,1,1447.117231
8000000,181,1,1339.808313
8000000,182,1,1524.218091
8000000,183,1,1525.336121
8000000,184,1,1500.078590
8000000,185,1,1372.064134
8000000,186,1,1381.512253
8000000,187,1,1423.477177
8000000,188,1,1566.216762
8000000,189,1,1426.840764
8000000,190,1,1406.798204
8000000,191,1,1591.813287
8000000,192,1,1482.011687
8000000,193,1,1606.981088
8000000,194,1,1706.783090
8000000,195,1,1630.585853
8000000,196,1,1555.609748
8000000,197,1,1742.177637
8000000,198,1,1719.541867
8000000,199,1,1490.049035
8000000,200,1,1524.024213
8000000,201,1,1567.661853
8000000,202,1,1687.986039
8000000,203,1,1640.773871
8000000,204,1,1681.644375
8000000,205,1,1641.857065
8000000,206,1,1662.345245
8000000,207,1,1601.409218
8000000,208,1,1614.162862
8000000,209,1,1633.673188
8000000,210,1,1580.188002
8000000,211,1,1518.057470
8000000,212,1,1528.690341
8000000,213,1,1659.514403
8000000,214,1,1627.659486
8000000,215,1,1587.074345
8000000,216,1,1594.237579
8000000,217,1,1729.402565
8000000,218,1,1795.800241
8000000,219,1,1692.436156
8000000,220,1,1669.035657
8000000,221,1,1920.678988
8000000,222,1,1653.336077
8000000,223,1,1686.344696
8000000,224,1,1895.809084
8000000,225,1,2023.572112
8000000,226,1,1751.761633
8000000,227,1,1948.866099
8000000,228,1,1784.840952
8000000,229,1,1682.115016
8000000,230,1,1869.679043
8000000,231,1,1921.435312
8000000,232,1,1892.526973
8000000,233,1,1890.234712
8000000,234,1,1923.279899
8000000,235,1,1975.032323
8000000,236,1,1949.508355
8000000,237,1,1865.878881
8000000,238,1,2170.252550
8000000,239,1,2024.899161
8000000,240,1,1975.621779
9000000,1,1,13584.955495
9000000,2,1,7256.432446
9000000,3,1,5092.912265
9000000,4,1,3870.041775
9000000,5,1,3402.174615
9000000,6,1,2919.582130
9000000,7,1,2562.421218
9000000,8,1,2250.907985
9000000,9,1,2105.178779
9000000,10,1,1998.279939
9000000,11,1,1838.129696
9000000,12,1,1737.034195
9000000,13,1,1632.581333
9000000,14,1,1591.328788
9000000,15,1,1541.763412
9000000,16,1,1496.201250
9000000,17,1,1454.749889
9000000,18,1,1390.092930
9000000,19,1,1351.457140
9000000,20,1,1328.134207
9000000,21,1,1283.095228
9000000,22,1,1279.231103
9000000,23,1,1241.766339
9000000,24,1,1237.782051
9000000,25,1,1211.186630
9000000,26,1,1199.214781
9000000,27,1,1228.850511
9000000,28,1,1178.131884
9000000,29,1,1175.015487
9000000,30,1,1095.225697
9000000,31,1,1164.890854
9000000,32,1,1105.963972
9000000,33,1,1110.319844
9000000,34,1,1100.878914
9000000,35,1,1066.967887
9000000,36,1,1067.105756
9000000,37,1,1059.469315
9000000,38,1,1050.200190
9000000,39,1,1065.153839
9000000,40,1,1050.068479
9000000,41,1,1071.606171
9000000,42,1,1034.756844
9000000,43,1,1052.953083
9000000,44,1,1028.183003
9000000,45,1,1072.978064
9000000,46,1,1028.588397
9000000,47,1,1053.368872
9000000,48,1,994.622395
9000000,49,1,1020.526672
9000000,50,1,995.473089
9000000,51,1,1048.118036
9000000,52,1,1014.091788
9000000,53,1,1025.960670
9000000,54,1,1019.331785
9000000,55,1,1009.451004
9000000,56,1,1044.288811
9000000,57,1,1025.580168
9000000,58,1,1026.031307
9000000,59,1,1023.613622
9000000,60,1,1036.334868
9000000,61,1,1056.367736
9000000,62,1,1057.946337
9000000,63,1,1052.036628
9000000,64,1,1058.115322
9000000,65,1,1055.804135
9000000,66,1,1090.260797
9000000,67,1,1077.315330
9000000,68,1,1120.837298
9000000,69,1,1062.548052
9000000,70,1,1093.508007
9000000,71,1,1058.160102
9000000,72,1,1072.071744
9000000,73,1,1077.672932
9000000,74,1,1064.581832
9000000,75,1,1152.139969
9000000,76,1,1116.173161
9000000,77,1,1129.977215
9000000,78,1,1128.784122
9000000,79,1,1106.449562
9000000,80,1,1121.760554
9000000,81,1,1129.079556
9000000,82,1,1144.727622
9000000,83,1,1158.942782
9000000,84,1,1199.557819
9000000,85,1,1132.239130
9000000,86,1,1220.833309
9000000,87,1,1153.691304
9000000,88,1,1194.069863
9000000,89,1,1220.527995
9000000,90,1,1183.831487
9000000,91,1,1191.295608
9000000,92,1,1251.637174
9000000,93,1,1180.021956
9000000,94,1,1175.364043
9000000,95,1,1178.938184
9000000,96,1,1316.033918
9000000,97,1,1230.449384
9000000,98,1,1233.100656
9000000,99,1,1213.000228
9000000,100,1,1247.600729
9000000,101,1,1208.662192
9000000,102,1,1218.545474
9000000,103,1,1274.481639
9000000,104,1,1372.910468
9000000,105,1,1259.080958
9000000,106,1,1224.730344
9000000,107,1,1256.672641
9000000,108,1,1241.787125
9000000,109,1,1290.289131
9000000,110,1,1206.820685
9000000,111,1,1302.062033
9000000,112,1,1296.066550
9000000,113,1,1282.232151
9000000,114,1,1346.655261
9000000,115,1,1353.223972
9000000,116,1,1326.077908
9000000,117,1,1281.320634
9000000,118,1,1305.999101
9000000,119,1,1328.169812
9000000,120,1,1401.317181
9000000,121,1,1321.407035
9000000,122,1,1329.701259
9000000,123,1,1479.240831
9000000,124,1,1440.338540
9000000,125,1,1408.897616
9000000,126,1,1333.056056
9000000,127,1,1431.528060
9000000,128,1,1419.711980
9000000,129,1,1268.212086
9000000,130,1,1587.445674
9000000,131,1,1371.720714
9000000,132,1,1387.651316
9000000,133,1,1394.113400
9000000,134,1,1439.779173
9000000,135,1,1367.532415
9000000,136,1,1568.201717
9000000,137,1,1494.873432
9000000,138,1,1333.858379
9000000,139,1,1391.948294
9000000,140,1,1456.023816
9000000,141,1,1488.243006
9000000,142,1,1537.032876
9000000,143,1,1551.432030
9000000,144,1,1606.068287
9000000,145,1,1481.136549
9000000,146,1,1480.605471
9000000,147,1,1455.509100
9000000,148,1,1470.230121
9000000,149,1,1491.388786
9000000,150,1,1494.319709
9000000,151,1,1468.204232
9000000,152,1,1484.003639
9000000,153,1,1570.066130
9000000,154,1,1499.065710
9000000,155,1,1522.356245
9000000,156,1,1592.352959
9000000,157,1,1531.421422
9000000,158,1,1526.538129
9000000,159,1,1629.544939
9000000,160,1,1544.573597
9000000,161,1,1608.033292
9000000,162,1,1455.027808
9000000,163,1,1509.082498
9000000,164,1,1488.517205
9000000,165,1,1430.056407
9000000,166,1,1574.539917
9000000,167,1,1546.573438
9000000,168,1,1661.078440
9000000,169,1,1600.115082
9000000,170,1,1578.532354
9000000,171,1,1597.453352
9000000,172,1,1534.875339
9000000,173,1,1577.214224
9000000,174,1,1550.094333
9000000,175,1,1582.344703
9000000,176,1,1816.229399
9000000,177,1,1565.709678
9000000,178,1,1748.910004
9000000,179,1,1620.000397
9000000,180,1,1682.195851
9000000,181,1,1597.917320
9000000,182,1,1802.123685
9000000,183,1,1735.818073
9000000,184,1,1658.932260
9000000,185,1,1616.067688
9000000,186,1,1747.572052
9000000,187,1,1641.665244
9000000,188,1,1635.561271
9000000,189,1,1672.586512
9000000,190,1,1667.394314
9000000,191,1,1785.019752
9000000,192,1,1704.196295
9000000,193,1,1726.255373
9000000,194,1,1859.034884
9000000,195,1,1697.126213
9000000,196,1,1795.542788
9000000,197,1,1896.224360
9000000,198,1,1656.344757
9000000,199,1,1813.318619
9000000,200,1,1822.386362
9000000,201,1,1839.116145
9000000,202,1,1757.279419
9000000,203,1,1726.774197
9000000,204,1,1671.418697
9000000,205,1,1693.485796
9000000,206,1,1679.679432
9000000,207,1,1811.618125
9000000,208,1,1754.814454
9000000,209,1,1815.534407
9000000,210,1,2003.490806
9000000,211,1,1899.147777
9000000,212,1,1702.539296
9000000,213,1,2046.688533
9000000,214,1,1716.813670
9000000,215,1,1904.935463
9000000,216,1,2040.806025
9000000,217,1,1778.629523
9000000,218,1,1827.938981
9000000,219,1,1927.292222
9000000,220,1,1905.569250
9000000,221,1,2043.235514
9000000,222,1,1941.869667
9000000,223,1,2253.013172
9000000,224,1,2152.337953
9000000,225,1,2086.581954
9000000,226,1,2102.037681
9000000,227,1,2137.872072
9000000,228,1,2165.265265
9000000,229,1,2217.688619
9000000,230,1,2245.590686
9000000,231,1,2174.865942
9000000,232,1,2106.748652
9000000,233,1,2110.565108
9000000,234,1,2209.813135
9000000,235,1,2156.593165
9000000,236,1,2253.433258
9000000,237,1,2067.202247
9000000,238,1,2212.733280
9000000,239,1,2457.367478
9000000,240,1,2523.337882
10000000,1,1,15041.869077
10000000,2,1,8083.651479
10000000,3,1,5619.924243
10000000,4,1,4437.163892
10000000,5,1,3668.217744
10000000,6,1,3180.274792
10000000,7,1,2849.181177
10000000,8,1,2574.396916
10000000,9,1,2322.338758
10000000,10,1,2182.126180
10000000,11,1,2042.590308
10000000,12,1,1916.752058
10000000,13,1,1844.136021
10000000,14,1,1777.730774
10000000,15,1,1697.518970
10000000,16,1,1647.986057
10000000,17,1,1573.685051
10000000,18,1,1551.303530
10000000,19,1,1494.736782
10000000,20,1,1487.618071
10000000,21,1,1427.769151
10000000,22,1,1371.734893
10000000,23,1,1366.194525
10000000,24,1,1325.980007
10000000,25,1,1334.553434
10000000,26,1,1320.000242
10000000,27,1,1308.486780
10000000,28,1,1295.459515
10000000,29,1,1248.188452
10000000,30,1,1278.694381
10000000,31,1,1213.452907
10000000,32,1,1264.759579
10000000,33,1,1214.475283
10000000,34,1,1213.042380
10000000,35,1,1184.296161
10000000,36,1,1175.855147
10000000,37,1,1172.812721
10000000,38,1,1159.315009
10000000,39,1,1178.138300
10000000,40,1,1165.602847
10000000,41,1,1186.081531
10000000,42,1,1146.286910
10000000,43,1,1132.869647
10000000,44,1,1173.357079
10000000,45,1,1125.484757
10000000,46,1,1126.369582
10000000,47,1,1168.650212
10000000,48,1,1144.302658
10000000,49,1,1119.324008
10000000,50,1,1129.175790
10000000,51,1,1105.211560
10000000,52,1,1158.342483
10000000,53,1,1094.770773
10000000,54,1,1098.018944
10000000,55,1,1129.342658
10000000,56,1,1132.289041
10000000,57,1,1119.872663
10000000,58,1,1108.316282
10000000,59,1,1108.773964
10000000,60,1,1095.782559
10000000,61,1,1134.572321
10000000,62,1,1117.568406
10000000,63,1,1143.163520
10000000,64,1,1175.206348
10000000,65,1,1146.312637
10000000,66,1,1204.984694
10000000,67,1,1120.026635
10000000,68,1,1161.079208
10000000,69,1,1168.050747
10000000,70,1,1207.930312
10000000,71,1,1155.855896
10000000,72,1,1181.323343
10000000,73,1,1131.648325
10000000,74,1,1156.261419
10000000,75,1,1188.996674
10000000,76,1,1152.470240
10000000,77,1,1156.744763
10000000,78,1,1195.552297
10000000,79,1,1169.292663
10000000,80,1,1183.986548
10000000,81,1,1212.410068
10000000,82,1,1248.839307
10000000,83,1,1210.549056
10000000,84,1,1229.224470
10000000,85,1,1239.939523
10000000,86,1,1202.067501
10000000,87,1,1251.197199
10000000,88,1,1316.284316
10000000,89,1,1281.863771
10000000,90,1,1273.578400
10000000,91,1,1216.524653
10000000,92,1,1241.439725
10000000,93,1,1291.270638
10000000,94,1,1334.055142
10000000,95,1,1264.254872
10000000,96,1,1229.860055
10000000,97,1,1237.084237
10000000,98,1,1276.783012
10000000,99,1,1317.293410
10000000,100,1,1323.603447
10000000,101,1,1286.561334
10000000,102,1,1308.459963
10000000,103,1,1332.782562
10000000,104,1,1277.091726
10000000,105,1,1300.011509
10000000,106,1,1289.640201
10000000,107,1,1283.469058
10000000,108,1,1339.404328
10000000,109,1,1382.094267
10000000,110,1,1363.492762
10000000,111,1,1325.176978
10000000,112,1,1386.342746
10000000,113,1,1327.215057
10000000,114,1,1407.103454
10000000,115,1,1351.058290
10000000,116,1,1382.261263
10000000,117,1,1359.762337
10000000,118,1,1414.256489
10000000,119,1,1345.498162
10000000,120,1,1512.813565
10000000,121,1,1406.929081
10000000,122,1,1425.461044
10000000,123,1,1481.711957
10000000,124,1,1478.843452
10000000,125,1,1389.402109
10000000,126,1,1403.454572
10000000,127,1,1527.421162
10000000,128,1,1438.261392
10000000,129,1,1383.182274
10000000,130,1,1617.446704
10000000,131,1,1446.432567
10000000,132,1,1482.025288
10000000,133,1,1461.617046
10000000,134,1,1467.944340
10000000,135,1,1482.432994
10000000,136,1,1487.140052
10000000,137,1,1516.620077
10000000,138,1,1473.432551
10000000,139,1,1525.459620
10000000,140,1,1608.029892
10000000,141,1,1588.436870
10000000,142,1,1555.129160
10000000,143,1,1623.515325
10000000,144,1,1564.349911
10000000,145,1,1684.971392
10000000,146,1,1503.800291
10000000,147,1,1606.432176
10000000,148,1,1654.972288
10000000,149,1,1605.302212
10000000,150,1,1489.700353
10000000,151,1,1497.150167
10000000,152,1,1545.744556
10000000,153,1,1656.055352
10000000,154,1,1632.940539
10000000,155,1,1701.676731
10000000,156,1,1775.183882
10000000,157,1,1677.132156
10000000,158,1,1594.288132
10000000,159,1,1704.360466
10000000,160,1,1542.831403
10000000,161,1,1653.223291
10000000,162,1,1655.989980
10000000,163,1,1668.772556
10000000,164,1,1602.636247
10000000,165,1,1611.647020
10000000,166,1,1647.337898
10000000,167,1,1795.665388
10000000,168,1,1820.059199
10000000,169,1,1666.790743
10000000,170,1,1629.345416
10000000,171,1,1620.484317
10000000,172,1,1682.217663
10000000,173,1,1697.120181
10000000,174,1,1661.488775
10000000,175,1,1609.154275
10000000,176,1,1684.194796
10000000,177,1,1712.794227
10000000,178,1,1734.644035
10000000,179,1,1731.964214
10000000,180,1,1688.170420
10000000,181,1,1742.394224
10000000,182,1,1723.546296
10000000,183,1,1709.164336
10000000,184,1,1813.013946
10000000,185,1,1722.789010
10000000,186,1,1750.017964
10000000,187,1,1750.252323
10000000,188,1,1802.534857
10000000,189,1,1839.028763
10000000,190,1,1793.793920
10000000,191,1,1947.112675
10000000,192,1,1829.156005
10000000,193,1,1824.688759
10000000,194,1,1797.319049
10000000,195,1,1674.474211
10000000,196,1,1956.387894
10000000,197,1,1860.162086
10000000,198,1,1777.301064
10000000,199,1,1854.367922
10000000,200,1,1886.238171
10000000,201,1,1897.664191
10000000,202,1,1815.061841
10000000,203,1,1738.673166
10000000,204,1,1980.570378
10000000,205,1,1878.983903
10000000,206,1,1925.137190
10000000,207,1,1847.645239
10000000,208,1,1866.594338
10000000,209,1,1872.836242
10000000,210,1,1812.061372
10000000,211,1,1899.300401
10000000,212,1,2052.939548
10000000,213,1,1953.950451
10000000,214,1,2029.439352
10000000,215,1,1917.257855
10000000,216,1,2219.849810
10000000,217,1,1936.027450
10000000,218,1,1968.128210
10000000,219,1,1986.357617
10000000,220,1,1902.225295
10000000,221,1,1860.035830
10000000,222,1,1945.846254
10000000,223,1,2127.450530
10000000,224,1,1997.213104
10000000,225,1,2009.174881
10000000,226,1,2004.944752
10000000,227,1,2113.355278
10000000,228,1,2111.145520
10000000,229,1,2221.493528
10000000,230,1,2111.349725
10000000,231,1,2162.055969
10000000,232,1,2023.662509
10000000,233,1,2247.766056
10000000,234,1,2147.020716
10000000,235,1,2109.909316
10000000,236,1,2148.045978
10000000,237,1,2248.564981
10000000,238,1,2408.112679
10000000,239,1,2272.154030
10000000,240,1,2458.439382
