1024,1,1,19.904367
1024,2,1,22.017250
1024,3,1,23.156774
1024,4,1,24.562731
1024,5,1,25.235335
1024,6,1,26.199777
1024,7,1,28.810053
1024,8,1,31.976748
1024,9,1,38.555657
1024,10,1,73.445561
1024,11,1,61.476727
1024,12,1,85.778219
1024,13,1,57.036041
1024,14,1,94.038827
1024,15,1,89.682825
1024,16,1,56.024572
1024,17,1,70.856070
1024,18,1,65.369784
1024,19,1,75.561590
1024,20,1,69.511380
1024,21,1,81.262665
1024,22,1,106.750448
1024,23,1,76.445644
1024,24,1,106.422872
1024,25,1,83.404417
1024,26,1,130.696135
1024,27,1,134.396794
1024,28,1,90.296533
1024,29,1,109.405186
1024,30,1,140.931436
1024,31,1,103.318024
1024,32,1,122.991305
1024,33,1,115.893060
1024,34,1,115.066229
1024,35,1,127.424163
1024,36,1,169.652252
1024,37,1,98.945278
1024,38,1,147.909713
1024,39,1,111.182345
1024,40,1,103.428371
1024,41,1,134.239421
1024,42,1,126.634993
1024,43,1,150.706168
1024,44,1,167.556562
1024,45,1,162.958503
1024,46,1,186.496615
1024,47,1,193.306420
1024,48,1,132.818578
1024,49,1,162.058600
1024,50,1,132.438909
1024,51,1,143.949228
1024,52,1,135.561079
1024,53,1,109.980014
1024,54,1,145.712657
1024,55,1,141.502866
1024,56,1,119.731584
1024,57,1,166.502879
1024,58,1,155.099058
1024,59,1,137.955477
1024,60,1,175.527893
1024,61,1,131.010882
1024,62,1,166.707854
1024,63,1,167.716565
1024,64,1,175.855918
1024,65,1,178.797878
1024,66,1,204.660391
1024,67,1,207.231279
1024,68,1,147.239613
1024,69,1,163.218524
1024,70,1,161.273984
1024,71,1,181.583812
1024,72,1,171.422483
1024,73,1,200.326075
1024,74,1,195.059200
1024,75,1,169.417766
1024,76,1,167.964460
1024,77,1,146.211529
1024,78,1,194.849283
1024,79,1,190.598048
1024,80,1,200.195967
1024,81,1,202.666196
1024,82,1,238.322686
1024,83,1,175.406064
1024,84,1,181.432342
1024,85,1,186.857230
1024,86,1,160.086602
1024,87,1,200.595142
1024,88,1,183.794852
1024,89,1,195.190525
1024,90,1,164.217867
1024,91,1,181.350865
1024,92,1,178.588412
1024,93,1,223.007136
1024,94,1,184.327724
1024,95,1,191.751492
1024,96,1,208.451506
1024,97,1,178.950502
1024,98,1,202.670430
1024,99,1,203.786407
1024,100,1,186.694533
1024,101,1,203.011093
1024,102,1,228.915693
1024,103,1,176.210824
1024,104,1,251.751177
1024,105,1,179.283724
1024,106,1,209.523925
1024,107,1,208.141318
1024,108,1,241.987417
1024,109,1,199.838239
1024,110,1,204.197062
1024,111,1,203.046763
1024,112,1,191.548057
1024,113,1,209.075157
1024,114,1,229.131512
1024,115,1,217.500259
1024,116,1,306.140820
1024,117,1,278.173701
1024,118,1,309.523526
1024,119,1,253.647217
1024,120,1,201.053530
1024,121,1,227.396051
1024,122,1,215.009761
1024,123,1,267.574897
1024,124,1,254.839795
1024,125,1,209.272307
1024,126,1,242.340911
1024,127,1,236.423056
1024,128,1,270.267614
1024,129,1,235.684695
1024,130,1,286.948702
1024,131,1,335.728948
1024,132,1,239.804027
1024,133,1,234.414425
1024,134,1,271.379935
1024,135,1,243.080940
1024,136,1,296.450005
1024,137,1,399.632919
1024,138,1,259.172507
1024,139,1,276.067812
1024,140,1,252.159651
1024,141,1,251.463249
1024,142,1,366.016367
1024,143,1,322.306039
1024,144,1,276.393333
1024,145,1,294.406026
1024,146,1,339.038451
1024,147,1,277.795891
1024,148,1,280.453835
1024,149,1,281.781910
1024,150,1,272.585921
1024,151,1,317.100303
1024,152,1,249.291152
1024,153,1,297.680626
1024,154,1,318.630721
1024,155,1,285.756252
1024,156,1,305.257277
1024,157,1,258.871620
1024,158,1,343.042177
1024,159,1,313.605135
1024,160,1,433.060468
1024,161,1,298.882895
1024,162,1,359.880061
1024,163,1,367.028349
1024,164,1,376.976105
1024,165,1,310.854103
1024,166,1,294.021158
1024,167,1,291.268007
1024,168,1,374.805866
1024,169,1,350.591305
1024,170,1,318.013231
1024,171,1,380.385049
1024,172,1,351.584682
1024,173,1,369.271914
1024,174,1,383.618144
1024,175,1,252.685981
1024,176,1,357.575226
1024,177,1,372.987326
1024,178,1,309.875223
1024,179,1,320.874417
1024,180,1,308.649349
1024,181,1,339.314383
1024,182,1,330.841550
1024,183,1,403.350062
1024,184,1,324.408723
1024,185,1,256.045331
1024,186,1,386.213665
1024,187,1,364.484856
1024,188,1,368.895003
1024,189,1,421.913141
1024,190,1,376.545430
1024,191,1,324.619855
1024,192,1,384.016417
1024,193,1,381.217206
1024,194,1,357.758132
1024,195,1,448.525948
1024,196,1,413.184137
1024,197,1,384.588552
1024,198,1,358.699030
1024,199,1,491.192148
1024,200,1,407.470613
1024,201,1,353.118758
1024,202,1,413.757619
1024,203,1,383.798417
1024,204,1,408.012405
1024,205,1,393.637498
1024,206,1,479.617292
1024,207,1,392.676646
1024,208,1,401.119262
1024,209,1,389.064718
1024,210,1,453.310697
1024,211,1,429.022742
1024,212,1,486.243419
1024,213,1,403.492809
1024,214,1,416.645688
1024,215,1,408.701364
1024,216,1,388.939102
1024,217,1,527.587579
1024,218,1,442.738325
1024,219,1,463.581540
1024,220,1,485.913665
1024,221,1,438.756476
1024,222,1,419.154472
1024,223,1,458.320632
1024,224,1,527.895781
1024,225,1,386.845848
1024,226,1,390.989819
1024,227,1,495.210119
1024,228,1,540.298623
1024,229,1,447.494719
1024,230,1,452.008029
1024,231,1,441.623375
1024,232,1,443.954385
1024,233,1,492.822651
1024,234,1,441.699656
1024,235,1,414.994849
1024,236,1,567.141748
1024,237,1,408.771485
1024,238,1,534.483095
1024,239,1,450.426220
1024,240,1,522.269125
2048,1,1,22.710510
2048,2,1,22.842734
2048,3,1,23.254932
2048,4,1,27.310814
2048,5,1,25.887535
2048,6,1,27.085760
2048,7,1,29.554830
2048,8,1,29.268762
2048,9,1,34.848521
2048,10,1,48.295040
2048,11,1,57.799100
2048,12,1,83.237357
2048,13,1,57.558200
2048,14,1,71.518022
2048,15,1,47.242255
2048,16,1,81.088741
2048,17,1,83.815844
2048,18,1,109.592453
2048,19,1,65.488022
2048,20,1,89.631821
2048,21,1,102.116847
2048,22,1,76.871507
2048,23,1,118.779782
2048,24,1,78.762028
2048,25,1,128.630087
2048,26,1,59.500173
2048,27,1,91.482824
2048,28,1,90.525181
2048,29,1,142.606526
2048,30,1,92.249157
2048,31,1,106.490556
2048,32,1,122.420968
2048,33,1,95.633593
2048,34,1,145.067386
2048,35,1,95.969701
2048,36,1,117.934023
2048,37,1,131.342882
2048,38,1,140.009398
2048,39,1,92.601432
2048,40,1,106.364618
2048,41,1,136.462522
2048,42,1,170.812945
2048,43,1,136.272881
2048,44,1,153.923289
2048,45,1,138.530626
2048,46,1,154.877339
2048,47,1,160.091799
2048,48,1,137.291472
2048,49,1,137.444674
2048,50,1,173.158069
2048,51,1,168.177903
2048,52,1,166.069447
2048,53,1,168.630325
2048,54,1,144.613619
2048,55,1,121.360932
2048,56,1,164.090392
2048,57,1,144.156511
2048,58,1,144.815001
2048,59,1,174.176210
2048,60,1,145.492411
2048,61,1,133.011494
2048,62,1,152.271166
2048,63,1,165.019677
2048,64,1,156.688691
2048,65,1,207.753371
2048,66,1,173.657773
2048,67,1,196.408830
2048,68,1,171.628997
2048,69,1,188.525263
2048,70,1,193.201782
2048,71,1,187.380351
2048,72,1,162.531039
2048,73,1,199.675864
2048,74,1,147.178022
2048,75,1,164.128306
2048,76,1,180.833711
2048,77,1,184.334589
2048,78,1,168.848580
2048,79,1,191.187761
2048,80,1,179.324912
2048,81,1,178.909636
2048,82,1,183.831227
2048,83,1,241.627315
2048,84,1,191.193921
2048,85,1,202.719186
2048,86,1,182.869222
2048,87,1,194.249049
2048,88,1,177.695180
2048,89,1,188.721897
2048,90,1,202.733044
2048,91,1,209.888519
2048,92,1,167.666395
2048,93,1,203.837538
2048,94,1,177.447093
2048,95,1,186.606897
2048,96,1,206.458208
2048,97,1,231.363014
2048,98,1,237.204976
2048,99,1,251.136314
2048,100,1,214.654213
2048,101,1,186.209135
2048,102,1,189.305581
2048,103,1,237.618070
2048,104,1,265.703238
2048,105,1,181.361130
2048,106,1,244.761353
2048,107,1,197.951248
2048,108,1,233.665350
2048,109,1,214.653315
2048,110,1,204.566275
2048,111,1,218.349031
2048,112,1,228.459230
2048,113,1,211.676581
2048,114,1,193.018233
2048,115,1,210.932257
2048,116,1,190.818422
2048,117,1,235.744037
2048,118,1,192.627978
2048,119,1,204.119820
2048,120,1,273.800826
2048,121,1,227.132118
2048,122,1,264.409421
2048,123,1,243.913672
2048,124,1,234.002483
2048,125,1,212.105395
2048,126,1,263.149866
2048,127,1,228.898370
2048,128,1,274.337227
2048,129,1,216.537868
2048,130,1,277.443616
2048,131,1,245.206524
2048,132,1,304.008241
2048,133,1,255.457416
2048,134,1,276.183033
2048,135,1,268.747138
2048,136,1,322.684106
2048,137,1,253.412150
2048,138,1,257.715545
2048,139,1,285.148705
2048,140,1,266.049354
2048,141,1,287.587109
2048,142,1,254.578171
2048,143,1,277.529070
2048,144,1,247.921632
2048,145,1,301.525954
2048,146,1,279.507613
2048,147,1,292.556049
2048,148,1,303.859019
2048,149,1,309.690008
2048,150,1,396.442743
2048,151,1,307.376063
2048,152,1,332.244236
2048,153,1,244.354674
2048,154,1,300.228226
2048,155,1,277.098461
2048,156,1,342.731474
2048,157,1,310.045939
2048,158,1,375.559496
2048,159,1,269.799090
2048,160,1,328.055874
2048,161,1,355.788891
2048,162,1,330.517376
2048,163,1,332.618260
2048,164,1,296.410871
2048,165,1,292.860399
2048,166,1,348.149371
2048,167,1,339.024402
2048,168,1,295.564088
2048,169,1,280.450628
2048,170,1,334.846623
2048,171,1,319.818042
2048,172,1,267.864558
2048,173,1,321.066948
2048,174,1,402.281111
2048,175,1,364.304066
2048,176,1,401.229929
2048,177,1,337.433292
2048,178,1,363.704217
2048,179,1,395.436790
2048,180,1,335.510629
2048,181,1,326.374691
2048,182,1,391.908518
2048,183,1,348.509986
2048,184,1,343.064631
2048,185,1,357.463596
2048,186,1,422.674084
2048,187,1,355.922463
2048,188,1,415.921379
2048,189,1,342.637614
2048,190,1,338.756618
2048,191,1,390.849319
2048,192,1,364.262365
2048,193,1,347.165679
2048,194,1,349.393209
2048,195,1,348.350176
2048,196,1,396.683387
2048,197,1,313.973963
2048,198,1,422.665358
2048,199,1,393.025010
2048,200,1,361.251698
2048,201,1,357.058970
2048,202,1,468.012345
2048,203,1,396.502343
2048,204,1,389.282651
2048,205,1,337.135805
2048,206,1,366.651887
2048,207,1,378.032290
2048,208,1,392.494767
2048,209,1,418.250655
2048,210,1,369.656460
2048,211,1,422.594660
2048,212,1,380.927160
2048,213,1,357.526468
2048,214,1,444.871995
2048,215,1,419.858895
2048,216,1,447.941559
2048,217,1,411.275972
2048,218,1,447.459049
2048,219,1,495.631937
2048,220,1,430.388732
2048,221,1,545.791453
2048,222,1,448.884125
2048,223,1,469.068658
2048,224,1,421.069309
2048,225,1,537.308612
2048,226,1,447.280250
2048,227,1,413.820169
2048,228,1,412.661915
2048,229,1,456.458722
2048,230,1,376.903161
2048,231,1,440.249557
2048,232,1,448.915625
2048,233,1,391.859441
2048,234,1,445.542031
2048,235,1,485.754237
2048,236,1,446.884732
2048,237,1,425.320801
2048,238,1,460.029786
2048,239,1,460.048198
2048,240,1,530.037020
4096,1,1,25.498691
4096,2,1,27.039694
4096,3,1,26.485140
4096,4,1,29.580493
4096,5,1,30.815348
4096,6,1,33.178244
4096,7,1,29.539625
4096,8,1,34.690764
4096,9,1,63.579345
4096,10,1,69.366709
4096,11,1,66.056565
4096,12,1,64.008543
4096,13,1,76.814986
4096,14,1,133.718804
4096,15,1,71.634335
4096,16,1,84.284818
4096,17,1,83.183082
4096,18,1,82.327639
4096,19,1,67.004519
4096,20,1,82.853261
4096,21,1,116.155007
4096,22,1,78.872183
4096,23,1,95.467687
4096,24,1,108.663616
4096,25,1,82.209850
4096,26,1,113.717690
4096,27,1,95.766586
4096,28,1,101.146117
4096,29,1,121.067743
4096,30,1,126.780624
4096,31,1,121.955779
4096,32,1,130.584186
4096,33,1,121.376392
4096,34,1,71.144063
4096,35,1,107.265357
4096,36,1,146.223139
4096,37,1,131.674757
4096,38,1,176.769230
4096,39,1,158.914167
4096,40,1,130.463896
4096,41,1,103.840696
4096,42,1,107.296728
4096,43,1,136.296748
4096,44,1,128.454173
4096,45,1,139.606505
4096,46,1,196.677512
4096,47,1,139.477106
4096,48,1,143.618700
4096,49,1,140.992705
4096,50,1,139.566089
4096,51,1,122.053486
4096,52,1,140.866127
4096,53,1,178.789922
4096,54,1,152.744247
4096,55,1,180.399252
4096,56,1,146.566689
4096,57,1,141.327146
4096,58,1,129.135434
4096,59,1,188.332927
4096,60,1,141.379046
4096,61,1,163.979531
4096,62,1,137.150199
4096,63,1,140.329725
4096,64,1,149.792149
4096,65,1,158.915322
4096,66,1,167.621615
4096,67,1,158.843533
4096,68,1,140.138544
4096,69,1,176.322646
4096,70,1,183.352117
4096,71,1,153.032881
4096,72,1,187.566400
4096,73,1,242.667268
4096,74,1,168.877708
4096,75,1,185.731438
4096,76,1,171.776683
4096,77,1,181.383713
4096,78,1,165.877112
4096,79,1,168.601263
4096,80,1,198.847686
4096,81,1,175.866568
4096,82,1,196.822052
4096,83,1,153.171390
4096,84,1,172.864687
4096,85,1,209.165617
4096,86,1,166.997836
4096,87,1,183.853618
4096,88,1,184.738252
4096,89,1,204.279374
4096,90,1,180.910698
4096,91,1,194.460118
4096,92,1,220.095013
4096,93,1,188.910835
4096,94,1,203.599266
4096,95,1,185.975675
4096,96,1,235.543746
4096,97,1,191.722687
4096,98,1,208.148822
4096,99,1,214.742297
4096,100,1,154.340810
4096,101,1,195.942167
4096,102,1,219.233985
4096,103,1,213.829626
4096,104,1,210.530387
4096,105,1,195.000755
4096,106,1,182.328332
4096,107,1,197.179655
4096,108,1,286.879029
4096,109,1,203.258861
4096,110,1,210.600959
4096,111,1,244.055070
4096,112,1,229.833303
4096,113,1,210.620589
4096,114,1,239.333128
4096,115,1,236.578823
4096,116,1,203.904966
4096,117,1,273.202003
4096,118,1,207.132992
4096,119,1,283.450585
4096,120,1,269.569992
4096,121,1,291.399589
4096,122,1,240.851165
4096,123,1,235.940930
4096,124,1,206.520374
4096,125,1,218.858616
4096,126,1,232.226863
4096,127,1,236.355626
4096,128,1,238.307352
4096,129,1,268.770235
4096,130,1,266.627903
4096,131,1,263.245714
4096,132,1,298.395187
4096,133,1,236.020739
4096,134,1,247.600664
4096,135,1,235.097932
4096,136,1,257.099465
4096,137,1,267.015850
4096,138,1,258.291338
4096,139,1,272.758948
4096,140,1,253.889017
4096,141,1,277.387544
4096,142,1,290.103785
4096,143,1,306.329372
4096,144,1,286.828091
4096,145,1,295.296048
4096,146,1,257.973769
4096,147,1,297.455313
4096,148,1,298.994010
4096,149,1,307.218948
4096,150,1,306.015335
4096,151,1,323.678956
4096,152,1,332.993118
4096,153,1,308.609892
4096,154,1,328.781595
4096,155,1,298.746758
4096,156,1,385.873449
4096,157,1,345.814575
4096,158,1,310.688646
4096,159,1,290.086014
4096,160,1,308.457524
4096,161,1,337.732574
4096,162,1,309.703545
4096,163,1,325.254733
4096,164,1,296.020999
4096,165,1,313.511920
4096,166,1,328.535561
4096,167,1,268.370677
4096,168,1,373.745318
4096,169,1,317.503389
4096,170,1,400.002322
4096,171,1,346.916823
4096,172,1,341.126507
4096,173,1,321.951069
4096,174,1,346.475628
4096,175,1,324.787427
4096,176,1,321.697400
4096,177,1,329.651857
4096,178,1,320.404547
4096,179,1,394.350388
4096,180,1,429.094081
4096,181,1,351.636134
4096,182,1,365.711050
4096,183,1,342.710110
4096,184,1,307.240118
4096,185,1,340.849613
4096,186,1,378.434541
4096,187,1,383.925445
4096,188,1,376.153186
4096,189,1,392.801238
4096,190,1,385.780617
4096,191,1,365.891840
4096,192,1,463.374961
4096,193,1,366.211973
4096,194,1,392.819262
4096,195,1,364.577752
4096,196,1,405.881492
4096,197,1,351.069453
4096,198,1,400.337083
4096,199,1,309.492794
4096,200,1,328.665345
4096,201,1,410.977394
4096,202,1,452.993644
4096,203,1,395.380205
4096,204,1,414.523696
4096,205,1,361.422669
4096,206,1,403.944909
4096,207,1,355.794537
4096,208,1,388.382877
4096,209,1,435.231028
4096,210,1,420.240938
4096,211,1,399.597697
4096,212,1,417.486439
4096,213,1,366.795977
4096,214,1,426.081616
4096,215,1,461.991199
4096,216,1,405.696920
4096,217,1,423.978548
4096,218,1,479.821946
4096,219,1,481.257158
4096,220,1,405.103868
4096,221,1,568.656900
4096,222,1,477.161756
4096,223,1,425.254786
4096,224,1,453.936464
4096,225,1,449.253016
4096,226,1,461.142555
4096,227,1,463.609895
4096,228,1,453.373761
4096,229,1,427.369721
4096,230,1,434.720289
4096,231,1,518.160696
4096,232,1,500.177132
4096,233,1,442.964281
4096,234,1,443.726185
4096,235,1,470.359008
4096,236,1,509.390379
4096,237,1,360.150282
4096,238,1,421.246699
4096,239,1,469.487848
4096,240,1,541.725627
8192,1,1,33.116334
8192,2,1,33.708937
8192,3,1,31.503606
8192,4,1,35.667847
8192,5,1,30.953731
8192,6,1,33.784895
8192,7,1,39.022065
8192,8,1,36.656283
8192,9,1,73.671387
8192,10,1,42.392326
8192,11,1,62.012485
8192,12,1,103.811698
8192,13,1,74.113800
8192,14,1,65.648858
8192,15,1,70.344304
8192,16,1,86.002185
8192,17,1,90.034523
8192,18,1,83.906495
8192,19,1,77.074685
8192,20,1,85.020034
8192,21,1,66.699078
8192,22,1,86.057550
8192,23,1,116.576438
8192,24,1,95.483598
8192,25,1,117.634933
8192,26,1,104.669965
8192,27,1,107.917687
8192,28,1,134.151720
8192,29,1,98.516722
8192,30,1,120.535063
8192,31,1,97.664998
8192,32,1,99.325846
8192,33,1,107.228788
8192,34,1,116.182783
8192,35,1,79.349624
8192,36,1,99.469874
8192,37,1,117.067353
8192,38,1,159.216659
8192,39,1,128.759360
8192,40,1,138.746700
8192,41,1,130.825922
8192,42,1,118.306896
8192,43,1,169.610037
8192,44,1,120.424460
8192,45,1,115.702838
8192,46,1,128.227064
8192,47,1,140.699966
8192,48,1,152.648592
8192,49,1,146.314432
8192,50,1,175.804402
8192,51,1,134.603182
8192,52,1,145.978194
8192,53,1,136.856884
8192,54,1,138.624614
8192,55,1,162.349993
8192,56,1,189.727271
8192,57,1,160.103024
8192,58,1,189.394243
8192,59,1,131.995725
8192,60,1,139.898733
8192,61,1,145.969342
8192,62,1,180.272931
8192,63,1,133.842557
8192,64,1,145.643370
8192,65,1,143.497575
8192,66,1,162.331644
8192,67,1,149.273840
8192,68,1,174.605600
8192,69,1,185.477703
8192,70,1,174.852405
8192,71,1,196.543106
8192,72,1,150.607690
8192,73,1,169.205026
8192,74,1,148.010822
8192,75,1,171.082910
8192,76,1,196.254409
8192,77,1,156.129196
8192,78,1,170.086772
8192,79,1,183.715685
8192,80,1,170.881720
8192,81,1,189.624110
8192,82,1,212.604521
8192,83,1,210.146742
8192,84,1,171.668131
8192,85,1,199.744123
8192,86,1,209.131745
8192,87,1,165.895716
8192,88,1,176.638098
8192,89,1,241.182078
8192,90,1,199.187899
8192,91,1,174.178905
8192,92,1,183.981159
8192,93,1,193.835443
8192,94,1,189.441398
8192,95,1,192.232206
8192,96,1,194.083658
8192,97,1,226.854710
8192,98,1,200.158821
8192,99,1,200.754823
8192,100,1,214.016383
8192,101,1,208.778634
8192,102,1,283.208141
8192,103,1,200.914634
8192,104,1,191.831624
8192,105,1,195.815716
8192,106,1,198.482386
8192,107,1,202.806950
8192,108,1,187.544716
8192,109,1,211.871102
8192,110,1,185.348689
8192,111,1,200.014153
8192,112,1,226.515072
8192,113,1,199.081788
8192,114,1,272.922928
8192,115,1,216.250582
8192,116,1,207.000578
8192,117,1,214.075662
8192,118,1,286.907515
8192,119,1,242.329235
8192,120,1,230.726404
8192,121,1,258.555720
8192,122,1,206.206788
8192,123,1,200.379451
8192,124,1,198.904077
8192,125,1,263.437537
8192,126,1,324.875449
8192,127,1,229.972071
8192,128,1,235.218287
8192,129,1,270.438588
8192,130,1,255.771582
8192,131,1,237.972014
8192,132,1,277.829766
8192,133,1,217.693495
8192,134,1,295.679630
8192,135,1,307.682339
8192,136,1,276.432275
8192,137,1,272.092442
8192,138,1,321.545544
8192,139,1,273.183847
8192,140,1,227.297251
8192,141,1,274.807612
8192,142,1,288.592611
8192,143,1,279.050571
8192,144,1,285.998053
8192,145,1,265.497556
8192,146,1,263.025149
8192,147,1,299.734553
8192,148,1,262.738951
8192,149,1,288.425488
8192,150,1,280.328862
8192,151,1,292.103626
8192,152,1,302.912667
8192,153,1,266.974598
8192,154,1,288.395206
8192,155,1,308.923291
8192,156,1,311.701399
8192,157,1,328.372030
8192,158,1,366.283315
8192,159,1,364.427757
8192,160,1,315.692356
8192,161,1,337.776394
8192,162,1,307.260518
8192,163,1,349.943915
8192,164,1,310.848007
8192,165,1,337.165894
8192,166,1,286.998743
8192,167,1,314.329639
8192,168,1,350.403459
8192,169,1,377.679951
8192,170,1,340.417145
8192,171,1,442.864776
8192,172,1,321.607453
8192,173,1,337.770555
8192,174,1,338.875818
8192,175,1,376.081078
8192,176,1,307.849464
8192,177,1,345.735151
8192,178,1,370.550717
8192,179,1,392.660290
8192,180,1,381.549399
8192,181,1,410.133371
8192,182,1,278.766428
8192,183,1,427.293442
8192,184,1,328.688763
8192,185,1,325.993993
8192,186,1,335.162330
8192,187,1,380.849981
8192,188,1,429.681294
8192,189,1,354.504122
8192,190,1,403.376558
8192,191,1,375.480328
8192,192,1,368.518094
8192,193,1,411.795242
8192,194,1,392.159174
8192,195,1,399.094081
8192,196,1,406.891294
8192,197,1,433.240874
8192,198,1,406.119767
8192,199,1,416.648832
8192,200,1,422.416629
8192,201,1,379.352344
8192,202,1,417.334522
8192,203,1,418.861541
8192,204,1,381.983536
8192,205,1,461.911390
8192,206,1,344.495546
8192,207,1,286.892824
8192,208,1,360.636385
8192,209,1,486.080658
8192,210,1,395.608278
8192,211,1,409.255024
8192,212,1,411.609129
8192,213,1,525.538081
8192,214,1,399.279295
8192,215,1,382.654341
8192,216,1,475.150238
8192,217,1,408.208846
8192,218,1,399.119034
8192,219,1,398.639346
8192,220,1,393.271044
8192,221,1,406.575843
8192,222,1,387.150458
8192,223,1,438.348643
8192,224,1,422.435427
8192,225,1,455.208662
8192,226,1,400.391422
8192,227,1,425.616044
8192,228,1,448.254058
8192,229,1,472.990588
8192,230,1,477.285255
8192,231,1,475.449202
8192,232,1,453.594840
8192,233,1,445.723719
8192,234,1,418.560781
8192,235,1,415.441819
8192,236,1,452.089697
8192,237,1,520.989615
8192,238,1,481.147584
8192,239,1,491.694998
8192,240,1,509.104504
16384,1,1,47.688969
16384,2,1,47.248991
16384,3,1,41.379765
16384,4,1,46.103120
16384,5,1,42.224880
16384,6,1,46.370387
16384,7,1,43.988632
16384,8,1,44.745019
16384,9,1,61.075692
16384,10,1,51.125689
16384,11,1,68.407784
16384,12,1,99.635843
16384,13,1,127.631770
16384,14,1,97.897625
16384,15,1,86.089949
16384,16,1,91.546401
16384,17,1,81.663120
16384,18,1,85.198257
16384,19,1,85.059875
16384,20,1,85.027477
16384,21,1,92.754250
16384,22,1,135.851960
16384,23,1,71.308106
16384,24,1,76.006568
16384,25,1,88.485885
16384,26,1,124.038829
16384,27,1,95.401801
16384,28,1,123.809410
16384,29,1,111.036778
16384,30,1,133.128770
16384,31,1,133.053128
16384,32,1,91.592978
16384,33,1,139.721345
16384,34,1,108.087633
16384,35,1,184.231365
16384,36,1,119.011574
16384,37,1,98.692956
16384,38,1,103.740035
16384,39,1,139.876470
16384,40,1,110.188006
16384,41,1,133.866488
16384,42,1,157.028136
16384,43,1,123.475034
16384,44,1,146.888171
16384,45,1,175.319326
16384,46,1,133.719828
16384,47,1,120.051076
16384,48,1,140.063291
16384,49,1,132.583773
16384,50,1,136.292320
16384,51,1,153.968197
16384,52,1,120.468791
16384,53,1,128.995642
16384,54,1,141.221224
16384,55,1,125.876229
16384,56,1,140.874981
16384,57,1,169.278099
16384,58,1,117.898805
16384,59,1,132.458669
16384,60,1,164.523952
16384,61,1,155.716744
16384,62,1,137.878682
16384,63,1,185.441840
16384,64,1,169.437075
16384,65,1,150.360757
16384,66,1,149.747883
16384,67,1,152.468315
16384,68,1,148.858823
16384,69,1,169.803978
16384,70,1,157.659681
16384,71,1,148.559924
16384,72,1,164.749457
16384,73,1,194.771593
16384,74,1,183.583591
16384,75,1,186.200345
16384,76,1,179.102229
16384,77,1,188.132506
16384,78,1,200.790364
16384,79,1,173.287919
16384,80,1,177.587335
16384,81,1,164.555130
16384,82,1,163.091561
16384,83,1,184.889017
16384,84,1,231.974478
16384,85,1,186.661686
16384,86,1,171.878304
16384,87,1,173.889694
16384,88,1,183.375984
16384,89,1,211.552377
16384,90,1,198.823690
16384,91,1,239.185186
16384,92,1,218.828013
16384,93,1,207.066400
16384,94,1,231.490491
16384,95,1,243.063746
16384,96,1,259.146204
16384,97,1,178.981425
16384,98,1,226.864848
16384,99,1,223.801634
16384,100,1,196.040386
16384,101,1,200.552992
16384,102,1,184.014712
16384,103,1,210.149435
16384,104,1,199.545948
16384,105,1,222.500505
16384,106,1,201.833012
16384,107,1,217.297464
16384,108,1,211.945201
16384,109,1,257.903199
16384,110,1,274.979932
16384,111,1,222.747309
16384,112,1,228.894393
16384,113,1,197.746079
16384,114,1,235.540794
16384,115,1,213.517704
16384,116,1,231.218089
16384,117,1,260.442329
16384,118,1,198.829466
16384,119,1,210.404133
16384,120,1,271.142176
16384,121,1,276.722576
16384,122,1,233.317049
16384,123,1,224.745422
16384,124,1,263.535886
16384,125,1,203.086924
16384,126,1,265.859328
16384,127,1,233.178284
16384,128,1,226.729671
16384,129,1,256.539198
16384,130,1,230.079528
16384,131,1,263.498933
16384,132,1,266.549250
16384,133,1,253.645740
16384,134,1,280.970604
16384,135,1,291.510511
16384,136,1,296.684491
16384,137,1,262.881120
16384,138,1,333.108342
16384,139,1,351.297652
16384,140,1,260.558963
16384,141,1,271.189651
16384,142,1,265.803191
16384,143,1,263.200741
16384,144,1,315.003267
16384,145,1,275.015475
16384,146,1,284.946359
16384,147,1,301.411372
16384,148,1,298.612480
16384,149,1,302.390956
16384,150,1,260.963459
16384,151,1,303.610800
16384,152,1,265.075864
16384,153,1,336.916587
16384,154,1,295.577881
16384,155,1,285.773254
16384,156,1,312.114812
16384,157,1,315.017444
16384,158,1,287.693863
16384,159,1,336.944237
16384,160,1,347.883768
16384,161,1,272.355863
16384,162,1,304.456687
16384,163,1,329.368099
16384,164,1,309.051663
16384,165,1,288.354276
16384,166,1,335.318741
16384,167,1,299.708379
16384,168,1,328.142611
16384,169,1,395.550027
16384,170,1,337.749447
16384,171,1,291.659290
16384,172,1,347.391762
16384,173,1,354.761320
16384,174,1,374.130187
16384,175,1,383.836913
16384,176,1,322.189535
16384,177,1,325.165047
16384,178,1,306.008726
16384,179,1,350.520478
16384,180,1,319.085327
16384,181,1,358.546533
16384,182,1,378.953621
16384,183,1,381.662568
16384,184,1,346.944281
16384,185,1,400.944055
16384,186,1,378.542899
16384,187,1,363.251025
16384,188,1,337.860950
16384,189,1,388.213250
16384,190,1,393.244226
16384,191,1,371.761709
16384,192,1,327.475014
16384,193,1,463.985138
16384,194,1,399.029346
16384,195,1,335.965999
16384,196,1,374.972541
16384,197,1,420.757066
16384,198,1,380.889306
16384,199,1,386.756995
16384,200,1,365.241243
16384,201,1,417.724583
16384,202,1,372.072412
16384,203,1,438.978518
16384,204,1,364.441165
16384,205,1,419.603879
16384,206,1,440.952120
16384,207,1,439.879320
16384,208,1,491.977409
16384,209,1,403.650755
16384,210,1,401.432340
16384,211,1,396.754602
16384,212,1,381.931635
16384,213,1,530.954823
16384,214,1,459.942086
16384,215,1,486.674926
16384,216,1,456.076935
16384,217,1,329.976035
16384,218,1,419.650070
16384,219,1,378.473034
16384,220,1,420.677449
16384,221,1,422.099575
16384,222,1,372.625171
16384,223,1,382.720036
16384,224,1,438.426592
16384,225,1,406.930237
16384,226,1,399.563375
16384,227,1,466.499569
16384,228,1,497.196936
16384,229,1,543.292484
16384,230,1,487.936986
16384,231,1,485.564789
16384,232,1,458.714607
16384,233,1,482.858408
16384,234,1,382.907947
16384,235,1,477.987242
16384,236,1,496.962256
16384,237,1,498.440776
16384,238,1,517.518762
16384,239,1,468.333699
16384,240,1,464.948940
32768,1,1,78.409302
32768,2,1,72.667937
32768,3,1,64.988575
32768,4,1,67.419861
32768,5,1,53.976293
32768,6,1,59.770906
32768,7,1,66.263465
32768,8,1,62.489093
32768,9,1,61.505018
32768,10,1,72.972738
32768,11,1,84.715747
32768,12,1,83.595021
32768,13,1,134.108865
32768,14,1,82.368570
32768,15,1,62.522647
32768,16,1,78.677023
32768,17,1,87.575909
32768,18,1,123.752889
32768,19,1,138.704552
32768,20,1,115.330484
32768,21,1,70.664760
32768,22,1,76.234767
32768,23,1,79.545938
32768,24,1,93.251258
32768,25,1,100.233448
32768,26,1,114.786896
32768,27,1,130.420590
32768,28,1,103.390390
32768,29,1,100.488784
32768,30,1,85.627262
32768,31,1,109.914898
32768,32,1,251.906945
32768,33,1,119.821724
32768,34,1,111.163548
32768,35,1,132.392460
32768,36,1,119.409333
32768,37,1,119.193838
32768,38,1,138.871289
32768,39,1,115.768854
32768,40,1,147.259629
32768,41,1,123.219762
32768,42,1,148.944535
32768,43,1,170.859136
32768,44,1,162.675580
32768,45,1,121.760426
32768,46,1,140.540412
32768,47,1,118.112503
32768,48,1,127.690344
32768,49,1,173.835290
32768,50,1,135.392544
32768,51,1,146.547637
32768,52,1,161.859527
32768,53,1,115.096190
32768,54,1,138.259379
32768,55,1,146.855003
32768,56,1,143.889756
32768,57,1,161.010306
32768,58,1,142.126259
32768,59,1,137.636690
32768,60,1,163.361205
32768,61,1,183.255436
32768,62,1,129.240456
32768,63,1,139.063433
32768,64,1,141.957085
32768,65,1,152.258465
32768,66,1,152.580459
32768,67,1,162.967357
32768,68,1,169.592074
32768,69,1,142.581058
32768,70,1,175.547975
32768,71,1,145.836094
32768,72,1,155.761780
32768,73,1,200.078179
32768,74,1,214.150467
32768,75,1,234.088835
32768,76,1,194.016039
32768,77,1,163.915183
32768,78,1,178.777477
32768,79,1,171.565741
32768,80,1,188.849695
32768,81,1,223.336062
32768,82,1,173.990225
32768,83,1,151.617683
32768,84,1,184.108826
32768,85,1,161.859206
32768,86,1,190.827980
32768,87,1,181.354264
32768,88,1,189.825685
32768,89,1,194.877001
32768,90,1,198.642901
32768,91,1,191.739559
32768,92,1,211.581890
32768,93,1,177.896948
32768,94,1,206.197869
32768,95,1,211.517992
32768,96,1,243.920025
32768,97,1,199.111234
32768,98,1,187.442325
32768,99,1,183.138417
32768,100,1,290.800317
32768,101,1,218.164265
32768,102,1,210.207432
32768,103,1,201.738448
32768,104,1,216.600292
32768,105,1,211.429264
32768,106,1,248.588203
32768,107,1,205.828013
32768,108,1,196.148041
32768,109,1,226.616886
32768,110,1,243.201166
32768,111,1,190.400837
32768,112,1,213.972821
32768,113,1,207.921138
32768,114,1,266.613469
32768,115,1,290.664245
32768,116,1,269.397736
32768,117,1,235.341592
32768,118,1,259.380113
32768,119,1,313.034924
32768,120,1,252.537205
32768,121,1,283.833780
32768,122,1,249.476174
32768,123,1,237.529344
32768,124,1,273.381958
32768,125,1,242.095647
32768,126,1,255.890848
32768,127,1,270.879974
32768,128,1,307.461134
32768,129,1,235.583458
32768,130,1,217.975455
32768,131,1,304.285713
32768,132,1,260.849970
32768,133,1,237.687423
32768,134,1,253.232839
32768,135,1,280.999668
32768,136,1,343.369753
32768,137,1,273.160751
32768,138,1,278.653772
32768,139,1,277.134260
32768,140,1,290.044570
32768,141,1,262.059679
32768,142,1,285.271816
32768,143,1,265.662883
32768,144,1,265.951004
32768,145,1,308.182557
32768,146,1,326.381106
32768,147,1,271.266123
32768,148,1,271.260542
32768,149,1,297.023231
32768,150,1,278.061237
32768,151,1,308.364309
32768,152,1,261.707274
32768,153,1,261.056612
32768,154,1,272.674263
32768,155,1,296.536935
32768,156,1,273.649870
32768,157,1,307.740206
32768,158,1,338.451305
32768,159,1,314.817344
32768,160,1,317.683859
32768,161,1,333.814495
32768,162,1,331.815423
32768,163,1,267.390195
32768,164,1,306.589456
32768,165,1,313.903519
32768,166,1,350.275340
32768,167,1,382.089457
32768,168,1,322.126277
32768,169,1,301.004821
32768,170,1,331.236680
32768,171,1,371.640711
32768,172,1,320.248264
32768,173,1,384.685297
32768,174,1,366.592284
32768,175,1,340.435685
32768,176,1,347.091903
32768,177,1,352.094395
32768,178,1,409.967401
32768,179,1,355.426929
32768,180,1,341.404234
32768,181,1,322.733374
32768,182,1,357.778469
32768,183,1,383.946681
32768,184,1,370.508503
32768,185,1,363.287400
32768,186,1,350.293496
32768,187,1,393.961289
32768,188,1,340.651502
32768,189,1,343.655371
32768,190,1,394.498074
32768,191,1,398.648200
32768,192,1,387.420228
32768,193,1,454.451309
32768,194,1,418.723221
32768,195,1,348.871114
32768,196,1,399.693865
32768,197,1,415.515918
32768,198,1,432.228441
32768,199,1,418.059281
32768,200,1,381.204372
32768,201,1,316.588667
32768,202,1,453.832728
32768,203,1,386.734092
32768,204,1,383.554501
32768,205,1,410.249300
32768,206,1,347.816598
32768,207,1,398.808459
32768,208,1,369.150790
32768,209,1,445.359831
32768,210,1,415.462732
32768,211,1,371.901887
32768,212,1,536.818533
32768,213,1,373.112236
32768,214,1,387.693273
32768,215,1,421.824607
32768,216,1,446.166772
32768,217,1,442.920718
32768,218,1,398.648394
32768,219,1,436.243844
32768,220,1,458.139009
32768,221,1,418.323472
32768,222,1,419.354444
32768,223,1,388.243212
32768,224,1,437.396454
32768,225,1,419.955255
32768,226,1,466.020780
32768,227,1,506.912708
32768,228,1,456.537312
32768,229,1,478.598125
32768,230,1,437.930994
32768,231,1,498.011963
32768,232,1,513.234743
32768,233,1,430.484322
32768,234,1,436.525485
32768,235,1,477.285706
32768,236,1,514.131245
32768,237,1,516.206086
32768,238,1,515.413064
32768,239,1,450.683675
32768,240,1,517.579130
65536,1,1,141.873812
65536,2,1,127.839310
65536,3,1,111.791625
65536,4,1,107.759800
65536,5,1,99.655795
65536,6,1,101.921752
65536,7,1,99.847170
65536,8,1,88.031601
65536,9,1,96.307991
65536,10,1,94.166366
65536,11,1,104.581685
65536,12,1,108.662589
65536,13,1,95.009236
65536,14,1,104.257832
65536,15,1,97.782338
65536,16,1,100.997919
65536,17,1,107.035360
65536,18,1,105.033788
65536,19,1,97.182681
65536,20,1,106.594744
65536,21,1,119.243366
65536,22,1,107.071095
65536,23,1,96.896358
65536,24,1,100.994198
65536,25,1,119.891651
65536,26,1,147.053883
65536,27,1,122.553384
65536,28,1,152.661231
65536,29,1,140.875687
65536,30,1,147.549159
65536,31,1,135.579364
65536,32,1,107.238796
65536,33,1,121.726808
65536,34,1,108.674458
65536,35,1,201.777069
65536,36,1,137.971900
65536,37,1,116.316548
65536,38,1,164.046702
65536,39,1,148.087422
65536,40,1,137.799898
65536,41,1,112.027588
65536,42,1,210.837691
65536,43,1,243.494098
65536,44,1,122.917012
65536,45,1,141.427867
65536,46,1,171.761862
65536,47,1,116.549685
65536,48,1,134.665091
65536,49,1,134.099884
65536,50,1,149.425248
65536,51,1,171.182606
65536,52,1,140.316445
65536,53,1,145.592752
65536,54,1,143.432588
65536,55,1,149.074063
65536,56,1,134.692419
65536,57,1,179.029605
65536,58,1,129.206648
65536,59,1,137.814399
65536,60,1,142.158019
65536,61,1,160.657198
65536,62,1,141.468734
65536,63,1,178.474215
65536,64,1,149.951448
65536,65,1,152.854209
65536,66,1,173.788907
65536,67,1,173.250196
65536,68,1,160.044709
65536,69,1,176.165082
65536,70,1,170.334669
65536,71,1,178.146447
65536,72,1,175.334081
65536,73,1,186.156849
65536,74,1,161.202579
65536,75,1,173.071780
65536,76,1,178.924841
65536,77,1,199.750795
65536,78,1,180.953425
65536,79,1,177.008978
65536,80,1,208.891290
65536,81,1,201.442950
65536,82,1,202.240077
65536,83,1,193.175159
65536,84,1,186.749451
65536,85,1,190.797507
65536,86,1,206.826458
65536,87,1,183.293031
65536,88,1,243.195136
65536,89,1,225.721476
65536,90,1,193.387447
65536,91,1,194.439911
65536,92,1,216.499376
65536,93,1,199.592973
65536,94,1,194.841135
65536,95,1,237.879889
65536,96,1,211.090845
65536,97,1,216.885462
65536,98,1,203.175586
65536,99,1,200.601427
65536,100,1,228.384872
65536,101,1,223.940273
65536,102,1,260.482170
65536,103,1,195.796341
65536,104,1,206.663890
65536,105,1,273.230103
65536,106,1,275.493686
65536,107,1,207.733356
65536,108,1,242.718527
65536,109,1,228.288126
65536,110,1,224.189709
65536,111,1,248.381561
65536,112,1,242.777679
65536,113,1,212.206952
65536,114,1,260.816033
65536,115,1,219.199536
65536,116,1,272.675226
65536,117,1,229.629354
65536,118,1,322.039925
65536,119,1,219.690963
65536,120,1,233.317180
65536,121,1,263.493094
65536,122,1,288.111833
65536,123,1,246.486418
65536,124,1,272.586755
65536,125,1,243.734873
65536,126,1,271.690316
65536,127,1,264.597781
65536,128,1,266.865535
65536,129,1,238.599644
65536,130,1,244.914941
65536,131,1,280.514334
65536,132,1,249.844167
65536,133,1,237.048308
65536,134,1,256.986168
65536,135,1,280.735732
65536,136,1,262.136023
65536,137,1,307.405831
65536,138,1,244.010675
65536,139,1,261.584481
65536,140,1,304.468427
65536,141,1,302.415656
65536,142,1,286.788187
65536,143,1,269.205013
65536,144,1,297.628727
65536,145,1,319.729827
65536,146,1,290.096728
65536,147,1,278.265056
65536,148,1,278.955173
65536,149,1,270.468740
65536,150,1,341.428229
65536,151,1,273.685218
65536,152,1,358.061650
65536,153,1,323.597738
65536,154,1,328.007564
65536,155,1,319.982086
65536,156,1,343.346850
65536,157,1,324.074023
65536,158,1,334.077726
65536,159,1,302.626855
65536,160,1,372.147217
65536,161,1,330.671988
65536,162,1,343.318044
65536,163,1,330.077912
65536,164,1,302.080511
65536,165,1,384.841836
65536,166,1,352.426973
65536,167,1,351.774068
65536,168,1,390.199877
65536,169,1,297.401169
65536,170,1,297.301022
65536,171,1,365.978257
65536,172,1,352.866051
65536,173,1,312.437257
65536,174,1,337.618442
65536,175,1,325.506670
65536,176,1,378.965362
65536,177,1,305.900046
65536,178,1,324.665857
65536,179,1,372.144394
65536,180,1,314.490091
65536,181,1,450.529703
65536,182,1,395.092727
65536,183,1,351.038914
65536,184,1,370.866682
65536,185,1,338.583464
65536,186,1,433.426538
65536,187,1,346.546070
65536,188,1,340.806180
65536,189,1,370.667094
65536,190,1,337.687667
65536,191,1,402.539142
65536,192,1,339.559262
65536,193,1,410.074027
65536,194,1,459.751931
65536,195,1,415.564610
65536,196,1,333.702033
65536,197,1,402.936006
65536,198,1,469.556492
65536,199,1,381.993673
65536,200,1,438.849822
65536,201,1,403.041414
65536,202,1,409.638801
65536,203,1,451.980955
65536,204,1,439.795597
65536,205,1,375.237566
65536,206,1,463.337685
65536,207,1,414.096230
65536,208,1,393.558204
65536,209,1,482.049154
65536,210,1,487.561680
65536,211,1,398.139066
65536,212,1,493.934331
65536,213,1,438.136932
65536,214,1,451.234510
65536,215,1,427.484815
65536,216,1,487.629361
65536,217,1,485.923286
65536,218,1,503.309825
65536,219,1,541.805307
65536,220,1,461.485081
65536,221,1,527.795250
65536,222,1,458.316718
65536,223,1,426.406305
65536,224,1,477.515186
65536,225,1,434.166823
65536,226,1,498.838408
65536,227,1,449.263281
65536,228,1,509.284458
65536,229,1,503.809015
65536,230,1,487.561038
65536,231,1,489.751355
65536,232,1,463.936573
65536,233,1,508.965157
65536,234,1,475.912464
65536,235,1,461.669205
65536,236,1,536.137590
65536,237,1,500.905613
65536,238,1,525.424527
65536,239,1,558.654739
65536,240,1,560.099958
131072,1,1,266.480220
131072,2,1,255.289265
131072,3,1,200.412491
131072,4,1,194.874433
131072,5,1,176.247457
131072,6,1,157.033526
131072,7,1,158.576136
131072,8,1,150.833837
131072,9,1,148.701192
131072,10,1,154.601919
131072,11,1,140.400039
131072,12,1,143.179046
131072,13,1,143.187450
131072,14,1,137.156745
131072,15,1,134.924022
131072,16,1,132.416583
131072,17,1,133.793287
131072,18,1,172.293708
131072,19,1,152.771128
131072,20,1,150.181124
131072,21,1,135.431421
131072,22,1,133.641430
131072,23,1,129.401807
131072,24,1,128.319577
131072,25,1,121.862367
131072,26,1,128.109531
131072,27,1,149.516862
131072,28,1,142.715204
131072,29,1,166.508331
131072,30,1,144.932852
131072,31,1,170.105187
131072,32,1,142.063325
131072,33,1,172.312186
131072,34,1,173.196561
131072,35,1,152.348539
131072,36,1,157.855161
131072,37,1,164.305952
131072,38,1,154.531479
131072,39,1,171.128524
131072,40,1,137.712971
131072,41,1,143.497703
131072,42,1,186.282273
131072,43,1,169.215741
131072,44,1,176.618915
131072,45,1,154.787712
131072,46,1,183.391188
131072,47,1,147.671185
131072,48,1,160.306910
131072,49,1,207.397054
131072,50,1,165.210604
131072,51,1,157.401712
131072,52,1,135.322359
131072,53,1,154.001813
131072,54,1,180.621550
131072,55,1,163.477902
131072,56,1,158.126600
131072,57,1,139.163514
131072,58,1,147.294656
131072,59,1,185.131909
131072,60,1,169.940628
131072,61,1,165.165117
131072,62,1,178.265968
131072,63,1,197.283905
131072,64,1,177.626919
131072,65,1,163.407524
131072,66,1,179.231117
131072,67,1,157.871969
131072,68,1,186.856268
131072,69,1,169.537349
131072,70,1,184.231876
131072,71,1,194.224222
131072,72,1,192.683344
131072,73,1,190.320384
131072,74,1,196.507820
131072,75,1,186.950769
131072,76,1,168.759855
131072,77,1,176.884773
131072,78,1,210.427100
131072,79,1,213.433019
131072,80,1,199.023661
131072,81,1,174.732243
131072,82,1,205.899032
131072,83,1,186.429893
131072,84,1,221.629409
131072,85,1,240.901978
131072,86,1,198.770122
131072,87,1,186.101869
131072,88,1,250.199908
131072,89,1,207.130105
131072,90,1,181.882839
131072,91,1,212.198101
131072,92,1,247.601498
131072,93,1,221.074275
131072,94,1,220.367798
131072,95,1,213.853429
131072,96,1,209.895317
131072,97,1,222.378161
131072,98,1,212.814180
131072,99,1,202.005205
131072,100,1,271.083282
131072,101,1,244.194608
131072,102,1,252.519754
131072,103,1,288.523197
131072,104,1,243.065092
131072,105,1,321.441356
131072,106,1,260.935682
131072,107,1,263.251488
131072,108,1,212.547422
131072,109,1,269.945299
131072,110,1,314.802526
131072,111,1,255.844399
131072,112,1,226.523220
131072,113,1,247.252623
131072,114,1,340.562456
131072,115,1,229.149088
131072,116,1,264.952623
131072,117,1,293.464227
131072,118,1,274.860732
131072,119,1,265.191023
131072,120,1,294.719488
131072,121,1,290.196553
131072,122,1,345.015780
131072,123,1,278.500442
131072,124,1,266.909032
131072,125,1,347.904875
131072,126,1,248.918217
131072,127,1,314.518320
131072,128,1,251.292277
131072,129,1,319.212096
131072,130,1,264.233316
131072,131,1,358.458513
131072,132,1,353.487330
131072,133,1,303.802754
131072,134,1,270.080859
131072,135,1,264.787488
131072,136,1,271.756910
131072,137,1,332.091932
131072,138,1,293.004749
131072,139,1,314.492719
131072,140,1,286.327168
131072,141,1,285.113227
131072,142,1,323.425032
131072,143,1,279.611672
131072,144,1,292.635281
131072,145,1,260.721916
131072,146,1,286.911814
131072,147,1,322.972738
131072,148,1,257.284680
131072,149,1,302.999145
131072,150,1,250.139025
131072,151,1,346.043160
131072,152,1,348.973827
131072,153,1,319.404947
131072,154,1,390.427819
131072,155,1,329.476650
131072,156,1,289.541466
131072,157,1,380.584250
131072,158,1,351.183714
131072,159,1,406.647186
131072,160,1,367.709224
131072,161,1,284.590875
131072,162,1,322.784250
131072,163,1,332.568413
131072,164,1,327.161423
131072,165,1,456.169383
131072,166,1,331.610256
131072,167,1,362.848707
131072,168,1,370.374290
131072,169,1,362.735347
131072,170,1,419.042971
131072,171,1,406.520800
131072,172,1,387.691990
131072,173,1,359.165759
131072,174,1,332.092189
131072,175,1,364.826865
131072,176,1,428.737573
131072,177,1,334.585319
131072,178,1,400.856420
131072,179,1,341.687928
131072,180,1,460.017018
131072,181,1,355.316710
131072,182,1,400.484770
131072,183,1,439.257079
131072,184,1,342.512321
131072,185,1,390.443153
131072,186,1,395.560932
131072,187,1,373.784582
131072,188,1,402.145359
131072,189,1,428.422635
131072,190,1,479.752017
131072,191,1,387.355561
131072,192,1,361.990634
131072,193,1,378.165795
131072,194,1,424.689130
131072,195,1,347.102936
131072,196,1,402.765160
131072,197,1,418.868213
131072,198,1,428.887951
131072,199,1,422.948860
131072,200,1,452.868090
131072,201,1,420.174152
131072,202,1,380.865889
131072,203,1,404.453978
131072,204,1,426.421767
131072,205,1,446.639340
131072,206,1,409.095790
131072,207,1,443.760572
131072,208,1,429.145150
131072,209,1,530.708531
131072,210,1,486.280566
131072,211,1,444.590160
131072,212,1,479.580081
131072,213,1,449.698957
131072,214,1,564.405022
131072,215,1,432.741234
131072,216,1,360.775537
131072,217,1,412.118458
131072,218,1,449.431239
131072,219,1,463.182494
131072,220,1,418.140437
131072,221,1,463.326203
131072,222,1,564.164502
131072,223,1,471.004987
131072,224,1,464.791440
131072,225,1,493.551389
131072,226,1,464.364681
131072,227,1,514.081012
131072,228,1,503.949451
131072,229,1,427.201891
131072,230,1,493.667316
131072,231,1,581.922629
131072,232,1,500.721168
131072,233,1,462.143312
131072,234,1,507.364554
131072,235,1,474.742917
131072,236,1,517.578747
131072,237,1,517.121769
131072,238,1,610.950617
131072,239,1,494.722284
131072,240,1,612.550836
262144,1,1,523.469465
262144,2,1,696.172226
262144,3,1,458.946721
262144,4,1,457.724950
262144,5,1,398.626839
262144,6,1,317.461498
262144,7,1,302.467428
262144,8,1,295.577752
262144,9,1,269.781511
262144,10,1,242.481283
262144,11,1,247.579237
262144,12,1,244.982817
262144,13,1,223.529487
262144,14,1,232.616798
262144,15,1,252.693871
262144,16,1,244.845396
262144,17,1,182.243710
262144,18,1,223.712845
262144,19,1,221.698377
262144,20,1,191.608427
262144,21,1,175.097734
262144,22,1,184.276785
262144,23,1,198.901253
262144,24,1,171.530647
262144,25,1,169.982137
262144,26,1,162.018248
262144,27,1,203.058953
262144,28,1,194.824391
262144,29,1,258.669273
262144,30,1,182.409358
262144,31,1,204.266993
262144,32,1,198.221019
262144,33,1,211.435680
262144,34,1,158.978900
262144,35,1,179.379379
262144,36,1,190.383449
262144,37,1,188.623356
262144,38,1,176.736703
262144,39,1,196.548303
262144,40,1,219.498624
262144,41,1,222.811721
262144,42,1,236.091310
262144,43,1,173.377929
262144,44,1,195.927348
262144,45,1,193.113119
262144,46,1,233.948015
262144,47,1,179.301366
262144,48,1,176.382695
262144,49,1,156.215998
262144,50,1,276.695695
262144,51,1,183.214825
262144,52,1,193.788609
262144,53,1,247.892184
262144,54,1,187.796781
262144,55,1,202.819654
262144,56,1,239.413965
262144,57,1,205.476892
262144,58,1,181.574638
262144,59,1,281.352711
262144,60,1,194.490913
262144,61,1,230.826998
262144,62,1,204.837972
262144,63,1,218.385214
262144,64,1,248.616752
262144,65,1,197.884267
262144,66,1,216.928445
262144,67,1,203.119581
262144,68,1,236.173878
262144,69,1,221.648399
262144,70,1,217.246334
262144,71,1,236.996858
262144,72,1,213.430454
262144,73,1,215.364858
262144,74,1,223.321754
262144,75,1,284.001226
262144,76,1,220.879436
262144,77,1,241.458842
262144,78,1,221.399476
262144,79,1,323.834147
262144,80,1,234.605220
262144,81,1,222.094918
262144,82,1,287.927067
262144,83,1,224.455888
262144,84,1,221.710758
262144,85,1,223.306551
262144,86,1,352.859570
262144,87,1,222.753595
262144,88,1,246.181940
262144,89,1,226.671292
262144,90,1,220.488411
262144,91,1,213.222913
262144,92,1,242.037715
262144,93,1,283.272232
262144,94,1,237.383200
262144,95,1,239.960823
262144,96,1,251.675153
262144,97,1,248.172286
262144,98,1,290.409484
262144,99,1,250.913824
262144,100,1,242.439325
262144,101,1,237.652587
262144,102,1,276.640073
262144,103,1,248.595710
262144,104,1,331.231165
262144,105,1,307.713969
262144,106,1,238.170896
262144,107,1,255.028026
262144,108,1,287.838020
262144,109,1,274.066556
262144,110,1,325.442710
262144,111,1,247.024103
262144,112,1,259.461334
262144,113,1,397.565968
262144,114,1,327.546097
262144,115,1,259.113357
262144,116,1,342.787225
262144,117,1,269.815898
262144,118,1,298.750477
262144,119,1,302.411937
262144,120,1,316.055538
262144,121,1,320.490258
262144,122,1,252.504870
262144,123,1,278.637413
262144,124,1,359.643906
262144,125,1,260.444766
262144,126,1,265.862919
262144,127,1,296.941112
262144,128,1,281.985602
262144,129,1,341.932230
262144,130,1,293.484757
262144,131,1,262.481434
262144,132,1,296.614499
262144,133,1,298.775754
262144,134,1,316.220160
262144,135,1,319.852365
262144,136,1,340.010017
262144,137,1,334.099858
262144,138,1,316.753416
262144,139,1,313.541750
262144,140,1,329.639478
262144,141,1,329.085368
262144,142,1,433.483701
262144,143,1,307.911308
262144,144,1,310.903567
262144,145,1,334.243886
262144,146,1,351.412618
262144,147,1,331.242777
262144,148,1,338.078627
262144,149,1,386.813064
262144,150,1,325.206232
262144,151,1,396.099320
262144,152,1,350.375936
262144,153,1,343.798501
262144,154,1,364.558889
262144,155,1,339.266779
262144,156,1,381.665262
262144,157,1,336.044976
262144,158,1,392.560591
262144,159,1,351.812304
262144,160,1,479.943585
262144,161,1,302.711734
262144,162,1,430.239442
262144,163,1,414.494954
262144,164,1,431.457041
262144,165,1,333.115078
262144,166,1,444.260085
262144,167,1,333.935943
262144,168,1,417.174133
262144,169,1,391.899666
262144,170,1,457.737268
262144,171,1,418.595616
262144,172,1,365.768663
262144,173,1,370.313856
262144,174,1,455.639398
262144,175,1,382.962221
262144,176,1,344.731893
262144,177,1,364.011263
262144,178,1,410.062094
262144,179,1,401.270606
262144,180,1,424.754374
262144,181,1,378.649655
262144,182,1,461.770764
262144,183,1,369.541237
262144,184,1,477.665503
262144,185,1,364.015625
262144,186,1,431.600493
262144,187,1,391.373143
262144,188,1,427.587720
262144,189,1,347.673788
262144,190,1,414.601194
262144,191,1,449.368239
262144,192,1,443.324959
262144,193,1,433.379961
262144,194,1,505.868843
262144,195,1,450.189103
262144,196,1,427.026684
262144,197,1,474.612746
262144,198,1,407.765150
262144,199,1,427.111562
262144,200,1,404.153413
262144,201,1,414.754205
262144,202,1,496.666503
262144,203,1,487.105280
262144,204,1,507.403496
262144,205,1,476.272952
262144,206,1,464.690843
262144,207,1,509.063507
262144,208,1,457.123882
262144,209,1,502.829560
262144,210,1,444.548141
262144,211,1,494.898518
262144,212,1,438.113259
262144,213,1,507.465020
262144,214,1,580.348969
262144,215,1,513.879438
262144,216,1,482.284797
262144,217,1,599.488222
262144,218,1,479.419375
262144,219,1,502.794916
262144,220,1,545.404661
262144,221,1,517.692173
262144,222,1,609.999453
262144,223,1,468.867405
262144,224,1,528.279236
262144,225,1,489.599629
262144,226,1,491.353821
262144,227,1,567.453350
262144,228,1,548.496938
262144,229,1,573.895866
262144,230,1,439.709308
262144,231,1,497.335062
262144,232,1,538.905239
262144,233,1,472.927715
262144,234,1,505.400125
262144,235,1,507.649016
262144,236,1,583.319925
262144,237,1,492.889244
262144,238,1,547.602423
262144,239,1,587.481087
262144,240,1,532.718960
524288,1,1,1037.101263
524288,2,1,1444.487964
524288,3,1,1044.573340
524288,4,1,1110.453800
524288,5,1,870.403418
524288,6,1,711.576757
524288,7,1,677.872570
524288,8,1,733.130554
524288,9,1,488.089354
524288,10,1,501.431171
524288,11,1,524.976212
524288,12,1,446.498197
524288,13,1,542.853600
524288,14,1,447.146036
524288,15,1,402.308760
524288,16,1,387.079630
524288,17,1,305.476560
524288,18,1,306.670679
524288,19,1,269.657113
524288,20,1,325.029807
524288,21,1,348.725675
524288,22,1,325.699071
524288,23,1,287.424926
524288,24,1,270.325161
524288,25,1,329.544270
524288,26,1,263.563602
524288,27,1,289.141972
524288,28,1,285.572769
524288,29,1,252.390225
524288,30,1,258.154238
524288,31,1,219.530769
524288,32,1,257.764175
524288,33,1,240.830636
524288,34,1,261.196343
524288,35,1,340.931091
524288,36,1,214.405099
524288,37,1,255.241726
524288,38,1,240.106646
524288,39,1,224.696982
524288,40,1,230.942157
524288,41,1,281.538954
524288,42,1,352.566126
524288,43,1,300.855598
524288,44,1,232.661770
524288,45,1,260.269559
524288,46,1,242.665151
524288,47,1,235.746860
524288,48,1,257.096834
524288,49,1,297.912804
524288,50,1,269.715495
524288,51,1,302.897076
524288,52,1,252.241771
524288,53,1,239.769254
524288,54,1,229.334303
524288,55,1,233.117401
524288,56,1,236.818506
524288,57,1,265.128279
524288,58,1,258.049794
524288,59,1,293.587214
524288,60,1,367.770814
524288,61,1,241.485724
524288,62,1,297.579903
524288,63,1,289.827983
524288,64,1,278.722353
524288,65,1,284.905941
524288,66,1,306.869237
524288,67,1,224.904846
524288,68,1,241.136591
524288,69,1,235.063864
524288,70,1,375.898813
524288,71,1,262.401110
524288,72,1,336.383137
524288,73,1,265.531172
524288,74,1,264.963335
524288,75,1,315.679782
524288,76,1,226.890318
524288,77,1,316.514054
524288,78,1,270.873173
524288,79,1,268.432072
524288,80,1,307.794738
524288,81,1,250.423231
524288,82,1,308.524118
524288,83,1,242.126567
524288,84,1,312.695031
524288,85,1,273.653590
524288,86,1,252.275257
524288,87,1,276.545316
524288,88,1,320.004732
524288,89,1,276.943655
524288,90,1,317.574473
524288,91,1,348.745884
524288,92,1,269.785361
524288,93,1,279.673389
524288,94,1,305.834544
524288,95,1,278.618166
524288,96,1,278.364498
524288,97,1,297.366012
524288,98,1,300.682764
524288,99,1,267.708149
524288,100,1,320.416478
524288,101,1,281.542611
524288,102,1,325.793636
524288,103,1,302.401350
524288,104,1,302.380821
524288,105,1,399.572036
524288,106,1,274.523726
524288,107,1,305.510368
524288,108,1,336.137423
524288,109,1,355.743021
524288,110,1,324.820597
524288,111,1,319.373512
524288,112,1,376.702676
524288,113,1,327.189843
524288,114,1,361.239378
524288,115,1,349.725917
524288,116,1,304.049044
524288,117,1,390.959794
524288,118,1,313.383800
524288,119,1,327.371338
524288,120,1,298.045735
524288,121,1,313.325613
524288,122,1,341.462937
524288,123,1,310.362673
524288,124,1,299.770031
524288,125,1,346.554092
524288,126,1,376.990732
524288,127,1,356.737745
524288,128,1,330.811078
524288,129,1,395.991925
524288,130,1,327.827609
524288,131,1,371.675804
524288,132,1,340.796494
524288,133,1,297.611341
524288,134,1,377.172741
524288,135,1,442.336458
524288,136,1,440.867115
524288,137,1,377.028391
524288,138,1,370.963555
524288,139,1,380.952758
524288,140,1,378.459369
524288,141,1,348.201978
524288,142,1,369.745891
524288,143,1,502.107751
524288,144,1,399.011513
524288,145,1,405.018863
524288,146,1,399.253311
524288,147,1,351.629076
524288,148,1,402.792877
524288,149,1,469.818824
524288,150,1,444.449086
524288,151,1,401.292610
524288,152,1,409.590169
524288,153,1,408.100232
524288,154,1,375.932557
524288,155,1,399.951383
524288,156,1,440.409496
524288,157,1,407.963646
524288,158,1,421.266521
524288,159,1,378.930333
524288,160,1,447.272294
524288,161,1,485.623620
524288,162,1,408.536360
524288,163,1,416.395290
524288,164,1,391.461613
524288,165,1,460.439159
524288,166,1,436.562822
524288,167,1,471.346035
524288,168,1,457.655536
524288,169,1,465.374929
524288,170,1,409.056014
524288,171,1,435.557256
524288,172,1,448.469811
524288,173,1,438.200443
524288,174,1,397.700886
524288,175,1,486.533337
524288,176,1,409.637066
524288,177,1,565.476024
524288,178,1,472.914819
524288,179,1,486.649649
524288,180,1,557.551271
524288,181,1,431.265859
524288,182,1,513.100273
524288,183,1,505.273034
524288,184,1,480.361427
524288,185,1,434.014070
524288,186,1,450.383044
524288,187,1,464.533088
524288,188,1,482.410925
524288,189,1,501.759836
524288,190,1,494.310086
524288,191,1,574.765232
524288,192,1,519.036222
524288,193,1,520.833719
524288,194,1,573.245077
524288,195,1,518.025586
524288,196,1,518.793652
524288,197,1,487.737015
524288,198,1,543.306406
524288,199,1,557.849784
524288,200,1,463.683546
524288,201,1,589.957408
524288,202,1,584.576273
524288,203,1,602.375714
524288,204,1,561.210547
524288,205,1,509.719751
524288,206,1,616.020791
524288,207,1,606.151562
524288,208,1,534.231159
524288,209,1,508.839158
524288,210,1,519.376307
524288,211,1,618.390166
524288,212,1,554.644916
524288,213,1,522.679011
524288,214,1,592.998551
524288,215,1,597.404275
524288,216,1,542.191006
524288,217,1,546.009966
524288,218,1,544.875255
524288,219,1,563.070340
524288,220,1,570.241336
524288,221,1,553.123545
524288,222,1,554.308424
524288,223,1,622.351293
524288,224,1,591.705762
524288,225,1,660.928830
524288,226,1,615.922314
524288,227,1,587.218500
524288,228,1,615.626817
524288,229,1,622.997849
524288,230,1,674.603227
524288,231,1,583.709923
524288,232,1,629.177200
524288,233,1,636.984682
524288,234,1,538.796176
524288,235,1,566.183913
524288,236,1,637.117931
524288,237,1,637.948227
524288,238,1,625.352276
524288,239,1,619.254656
524288,240,1,703.190599
1048576,1,1,2081.730548
1048576,2,1,2839.306685
1048576,3,1,2290.073889
1048576,4,1,1916.904233
1048576,5,1,1419.308957
1048576,6,1,1257.046730
1048576,7,1,1490.653569
1048576,8,1,1142.975162
1048576,9,1,1159.476359
1048576,10,1,1054.850855
1048576,11,1,841.061838
1048576,12,1,826.695401
1048576,13,1,764.145617
1048576,14,1,783.114540
1048576,15,1,637.048835
1048576,16,1,738.179685
1048576,17,1,654.154951
1048576,18,1,653.292965
1048576,19,1,570.064460
1048576,20,1,562.395621
1048576,21,1,642.051841
1048576,22,1,562.226635
1048576,23,1,595.280868
1048576,24,1,479.029630
1048576,25,1,519.894745
1048576,26,1,454.142403
1048576,27,1,456.363194
1048576,28,1,437.354111
1048576,29,1,408.282302
1048576,30,1,462.033285
1048576,31,1,561.103985
1048576,32,1,396.028108
1048576,33,1,396.470971
1048576,34,1,431.281577
1048576,35,1,388.426886
1048576,36,1,419.085378
1048576,37,1,411.637230
1048576,38,1,472.991228
1048576,39,1,409.344712
1048576,40,1,330.748269
1048576,41,1,414.213119
1048576,42,1,428.786650
1048576,43,1,446.474974
1048576,44,1,385.711140
1048576,45,1,452.599152
1048576,46,1,346.737189
1048576,47,1,460.764490
1048576,48,1,315.299662
1048576,49,1,381.742764
1048576,50,1,446.708497
1048576,51,1,368.336790
1048576,52,1,353.513439
1048576,53,1,479.088654
1048576,54,1,337.704154
1048576,55,1,424.250952
1048576,56,1,379.903435
1048576,57,1,410.866728
1048576,58,1,420.227147
1048576,59,1,313.355508
1048576,60,1,344.227377
1048576,61,1,376.106161
1048576,62,1,425.171319
1048576,63,1,401.408409
1048576,64,1,412.180431
1048576,65,1,376.225556
1048576,66,1,404.941494
1048576,67,1,377.243055
1048576,68,1,356.999947
1048576,69,1,382.218215
1048576,70,1,326.792339
1048576,71,1,350.994455
1048576,72,1,411.739749
1048576,73,1,504.983375
1048576,74,1,357.667353
1048576,75,1,371.311083
1048576,76,1,385.435914
1048576,77,1,371.105019
1048576,78,1,390.395804
1048576,79,1,417.950281
1048576,80,1,313.122048
1048576,81,1,368.639346
1048576,82,1,321.991422
1048576,83,1,332.219601
1048576,84,1,421.361729
1048576,85,1,393.664636
1048576,86,1,408.872212
1048576,87,1,366.966118
1048576,88,1,414.237372
1048576,89,1,383.761017
1048576,90,1,425.478879
1048576,91,1,370.024259
1048576,92,1,411.072665
1048576,93,1,391.570165
1048576,94,1,397.571744
1048576,95,1,352.032870
1048576,96,1,409.773847
1048576,97,1,412.165291
1048576,98,1,472.999759
1048576,99,1,425.022994
1048576,100,1,427.242822
1048576,101,1,367.863389
1048576,102,1,364.709589
1048576,103,1,447.419721
1048576,104,1,399.147264
1048576,105,1,361.584852
1048576,106,1,383.953355
1048576,107,1,335.007010
1048576,108,1,389.348346
1048576,109,1,417.521470
1048576,110,1,443.654910
1048576,111,1,334.720558
1048576,112,1,434.117040
1048576,113,1,409.734326
1048576,114,1,428.195013
1048576,115,1,402.298561
1048576,116,1,354.449206
1048576,117,1,399.798564
1048576,118,1,388.500858
1048576,119,1,481.482472
1048576,120,1,437.355073
1048576,121,1,483.424445
1048576,122,1,487.001477
1048576,123,1,448.614610
1048576,124,1,465.621029
1048576,125,1,413.386034
1048576,126,1,455.520134
1048576,127,1,419.637369
1048576,128,1,474.670487
1048576,129,1,495.993708
1048576,130,1,471.117708
1048576,131,1,455.675261
1048576,132,1,561.514000
1048576,133,1,480.066378
1048576,134,1,475.817002
1048576,135,1,476.878000
1048576,136,1,484.598098
1048576,137,1,575.880247
1048576,138,1,558.000227
1048576,139,1,498.942145
1048576,140,1,505.145300
1048576,141,1,534.893431
1048576,142,1,490.321116
1048576,143,1,513.319171
1048576,144,1,530.025793
1048576,145,1,519.055532
1048576,146,1,546.123328
1048576,147,1,486.050826
1048576,148,1,468.203656
1048576,149,1,479.944034
1048576,150,1,512.458017
1048576,151,1,513.648094
1048576,152,1,481.084905
1048576,153,1,512.378592
1048576,154,1,476.255889
1048576,155,1,494.953240
1048576,156,1,511.277564
1048576,157,1,532.411977
1048576,158,1,550.118456
1048576,159,1,552.588169
1048576,160,1,598.490546
1048576,161,1,532.780611
1048576,162,1,525.206721
1048576,163,1,582.694670
1048576,164,1,587.329489
1048576,165,1,574.378953
1048576,166,1,546.485034
1048576,167,1,547.752737
1048576,168,1,550.760584
1048576,169,1,593.665379
1048576,170,1,566.975523
1048576,171,1,524.797026
1048576,172,1,559.912178
1048576,173,1,586.197151
1048576,174,1,597.124301
1048576,175,1,596.316523
1048576,176,1,598.268892
1048576,177,1,576.587234
1048576,178,1,591.053050
1048576,179,1,542.642208
1048576,180,1,620.104839
1048576,181,1,587.137344
1048576,182,1,590.417593
1048576,183,1,609.037384
1048576,184,1,629.317252
1048576,185,1,560.508948
1048576,186,1,608.165580
1048576,187,1,625.867825
1048576,188,1,616.252391
1048576,189,1,564.006041
1048576,190,1,687.166011
1048576,191,1,620.088159
1048576,192,1,542.732154
1048576,193,1,663.599799
1048576,194,1,696.903465
1048576,195,1,647.291321
1048576,196,1,542.629955
1048576,197,1,633.619105
1048576,198,1,587.943903
1048576,199,1,719.332592
1048576,200,1,599.078528
1048576,201,1,655.689798
1048576,202,1,666.344930
1048576,203,1,622.890580
1048576,204,1,703.913564
1048576,205,1,664.736690
1048576,206,1,691.277131
1048576,207,1,717.815774
1048576,208,1,613.657447
1048576,209,1,676.366785
1048576,210,1,622.804357
1048576,211,1,623.014400
1048576,212,1,738.275660
1048576,213,1,659.749788
1048576,214,1,671.888568
1048576,215,1,684.221805
1048576,216,1,631.569542
1048576,217,1,723.137692
1048576,218,1,667.155850
1048576,219,1,749.662286
1048576,220,1,601.609252
1048576,221,1,691.992137
1048576,222,1,713.804606
1048576,223,1,726.794981
1048576,224,1,835.130444
1048576,225,1,708.703252
1048576,226,1,755.946085
1048576,227,1,758.145834
1048576,228,1,881.400815
1048576,229,1,744.436470
1048576,230,1,758.332782
1048576,231,1,696.731660
1048576,232,1,673.850110
1048576,233,1,868.708119
1048576,234,1,702.015213
1048576,235,1,703.169620
1048576,236,1,678.276554
1048576,237,1,698.369666
1048576,238,1,842.181280
1048576,239,1,794.606830
1048576,240,1,790.938379
2097152,1,1,4194.678054
2097152,2,1,6001.289325
2097152,3,1,4574.951730
2097152,4,1,3991.550135
2097152,5,1,3300.624255
2097152,6,1,3008.180542
2097152,7,1,2667.732218
2097152,8,1,2241.292233
2097152,9,1,2253.684810
2097152,10,1,1945.593549
2097152,11,1,1944.509071
2097152,12,1,1681.658361
2097152,13,1,1639.292082
2097152,14,1,1440.348679
2097152,15,1,1394.073944
2097152,16,1,1297.882780
2097152,17,1,1229.131894
2097152,18,1,1262.954448
2097152,19,1,1192.710353
2097152,20,1,1185.925957
2097152,21,1,1073.673954
2097152,22,1,1104.224985
2097152,23,1,1031.768822
2097152,24,1,943.095539
2097152,25,1,912.027037
2097152,26,1,1050.546241
2097152,27,1,839.088430
2097152,28,1,872.866394
2097152,29,1,925.154833
2097152,30,1,785.995359
2097152,31,1,836.233078
2097152,32,1,778.337489
2097152,33,1,775.491250
2097152,34,1,751.602338
2097152,35,1,756.944786
2097152,36,1,677.060238
2097152,37,1,745.708283
2097152,38,1,747.702096
2097152,39,1,691.693432
2097152,40,1,742.401408
2097152,41,1,749.976648
2097152,42,1,676.001616
2097152,43,1,608.646743
2097152,44,1,604.240893
2097152,45,1,694.777560
2097152,46,1,597.924636
2097152,47,1,673.359003
2097152,48,1,584.803253
2097152,49,1,614.812496
2097152,50,1,583.876278
2097152,51,1,617.360541
2097152,52,1,574.008009
2097152,53,1,656.038095
2097152,54,1,650.435947
2097152,55,1,648.002737
2097152,56,1,615.246119
2097152,57,1,595.479878
2097152,58,1,610.130200
2097152,59,1,592.976481
2097152,60,1,665.894175
2097152,61,1,521.418684
2097152,62,1,578.994526
2097152,63,1,667.257408
2097152,64,1,587.000374
2097152,65,1,619.827433
2097152,66,1,589.973642
2097152,67,1,620.018359
2097152,68,1,532.183650
2097152,69,1,667.018622
2097152,70,1,536.389014
2097152,71,1,591.615882
2097152,72,1,621.498351
2097152,73,1,582.238977
2097152,74,1,620.451278
2097152,75,1,574.100840
2097152,76,1,582.480904
2097152,77,1,503.069051
2097152,78,1,597.965759
2097152,79,1,680.266644
2097152,80,1,590.621414
2097152,81,1,572.931487
2097152,82,1,624.173361
2097152,83,1,628.167272
2097152,84,1,611.277936
2097152,85,1,587.705054
2097152,86,1,596.604708
2097152,87,1,597.470160
2097152,88,1,632.980828
2097152,89,1,580.990455
2097152,90,1,611.235529
2097152,91,1,608.801934
2097152,92,1,587.686514
2097152,93,1,586.867316
2097152,94,1,567.026268
2097152,95,1,556.897721
2097152,96,1,640.250753
2097152,97,1,610.935027
2097152,98,1,587.259239
2097152,99,1,614.963452
2097152,100,1,546.793106
2097152,101,1,602.427423
2097152,102,1,601.329215
2097152,103,1,567.972943
2097152,104,1,638.053184
2097152,105,1,592.515529
2097152,106,1,619.346207
2097152,107,1,535.859541
2097152,108,1,660.344891
2097152,109,1,611.961894
2097152,110,1,600.340267
2097152,111,1,631.301504
2097152,112,1,625.922806
2097152,113,1,634.147037
2097152,114,1,605.778562
2097152,115,1,589.241439
2097152,116,1,586.175853
2097152,117,1,598.807792
2097152,118,1,618.439565
2097152,119,1,623.181589
2097152,120,1,636.669038
2097152,121,1,640.177614
2097152,122,1,642.982282
2097152,123,1,624.737156
2097152,124,1,645.353453
2097152,125,1,661.679507
2097152,126,1,684.494848
2097152,127,1,706.203771
2097152,128,1,641.394123
2097152,129,1,659.706098
2097152,130,1,673.937682
2097152,131,1,642.242254
2097152,132,1,711.571881
2097152,133,1,622.891543
2097152,134,1,698.982539
2097152,135,1,673.097313
2097152,136,1,680.023431
2097152,137,1,649.047247
2097152,138,1,685.325849
2097152,139,1,684.260105
2097152,140,1,695.373111
2097152,141,1,659.328033
2097152,142,1,662.400226
2097152,143,1,717.160685
2097152,144,1,744.560034
2097152,145,1,707.623329
2097152,146,1,673.733285
2097152,147,1,708.665721
2097152,148,1,708.547547
2097152,149,1,770.107997
2097152,150,1,692.818968
2097152,151,1,710.562209
2097152,152,1,756.592574
2097152,153,1,741.858657
2097152,154,1,737.626860
2097152,155,1,729.564812
2097152,156,1,705.201989
2097152,157,1,714.989101
2097152,158,1,634.712437
2097152,159,1,716.367986
2097152,160,1,714.675448
2097152,161,1,722.137069
2097152,162,1,690.365550
2097152,163,1,649.369047
2097152,164,1,737.946994
2097152,165,1,668.524277
2097152,166,1,741.773651
2097152,167,1,751.095255
2097152,168,1,761.098059
2097152,169,1,738.105713
2097152,170,1,714.554643
2097152,171,1,730.606950
2097152,172,1,747.152092
2097152,173,1,767.492138
2097152,174,1,727.803116
2097152,175,1,755.244098
2097152,176,1,723.400665
2097152,177,1,764.268602
2097152,178,1,703.422263
2097152,179,1,817.675390
2097152,180,1,778.464581
2097152,181,1,752.930348
2097152,182,1,845.857879
2097152,183,1,804.166256
2097152,184,1,731.126669
2097152,185,1,818.412275
2097152,186,1,765.222395
2097152,187,1,762.824728
2097152,188,1,763.971562
2097152,189,1,734.777478
2097152,190,1,741.545967
2097152,191,1,745.375576
2097152,192,1,851.173254
2097152,193,1,787.584864
2097152,194,1,811.703259
2097152,195,1,696.420314
2097152,196,1,890.398179
2097152,197,1,782.672382
2097152,198,1,840.812082
2097152,199,1,791.436543
2097152,200,1,777.166081
2097152,201,1,777.907648
2097152,202,1,855.089410
2097152,203,1,867.568597
2097152,204,1,802.434968
2097152,205,1,896.049215
2097152,206,1,918.244368
2097152,207,1,800.602955
2097152,208,1,789.257580
2097152,209,1,863.728210
2097152,210,1,844.694941
2097152,211,1,819.734319
2097152,212,1,843.220977
2097152,213,1,883.103042
2097152,214,1,933.036797
2097152,215,1,829.865945
2097152,216,1,985.421787
2097152,217,1,893.514642
2097152,218,1,882.433841
2097152,219,1,894.776442
2097152,220,1,936.326283
2097152,221,1,894.789018
2097152,222,1,876.924523
2097152,223,1,865.757180
2097152,224,1,826.552140
2097152,225,1,906.326922
2097152,226,1,890.842711
2097152,227,1,834.103900
2097152,228,1,927.761965
2097152,229,1,858.525684
2097152,230,1,862.532425
2097152,231,1,989.768612
2097152,232,1,922.534289
2097152,233,1,922.938337
2097152,234,1,998.698871
2097152,235,1,956.231934
2097152,236,1,927.797892
2097152,237,1,918.515294
2097152,238,1,986.090667
2097152,239,1,918.075001
2097152,240,1,982.504527
4194304,1,1,8476.089535
4194304,2,1,11742.325579
4194304,3,1,9308.214569
4194304,4,1,8956.040944
4194304,5,1,6779.905888
4194304,6,1,5959.860611
4194304,7,1,4998.482220
4194304,8,1,5325.369573
4194304,9,1,4559.259014
4194304,10,1,3758.080268
4194304,11,1,3399.228485
4194304,12,1,3786.063811
4194304,13,1,3022.463385
4194304,14,1,2784.288063
4194304,15,1,2577.609225
4194304,16,1,2794.857740
4194304,17,1,2652.477362
4194304,18,1,2577.833577
4194304,19,1,2073.599278
4194304,20,1,2502.473243
4194304,21,1,2144.540417
4194304,22,1,2134.519139
4194304,23,1,2013.365876
4194304,24,1,1911.993804
4194304,25,1,1883.046843
4194304,26,1,1806.279589
4194304,27,1,1867.269571
4194304,28,1,1824.317043
4194304,29,1,1756.697918
4194304,30,1,1797.841016
4194304,31,1,1619.425887
4194304,32,1,1584.235996
4194304,33,1,1446.205779
4194304,34,1,1415.250957
4194304,35,1,1494.579281
4194304,36,1,1464.375072
4194304,37,1,1387.149753
4194304,38,1,1475.570068
4194304,39,1,1412.879915
4194304,40,1,1364.903915
4194304,41,1,1262.328743
4194304,42,1,1333.375484
4194304,43,1,1245.287682
4194304,44,1,1345.551410
4194304,45,1,1289.863525
4194304,46,1,1196.079779
4194304,47,1,1351.383043
4194304,48,1,1195.573659
4194304,49,1,1259.895984
4194304,50,1,1166.542911
4194304,51,1,1145.211863
4194304,52,1,1208.138623
4194304,53,1,1069.664004
4194304,54,1,1136.407991
4194304,55,1,1122.290667
4194304,56,1,995.575865
4194304,57,1,1099.492201
4194304,58,1,1030.486683
4194304,59,1,1139.218624
4194304,60,1,1067.233361
4194304,61,1,943.216731
4194304,62,1,1058.986227
4194304,63,1,1129.365238
4194304,64,1,1088.840148
4194304,65,1,1072.112164
4194304,66,1,1033.255679
4194304,67,1,1090.836654
4194304,68,1,1061.418346
4194304,69,1,1155.540830
4194304,70,1,1062.112825
4194304,71,1,1119.170551
4194304,72,1,1024.147970
4194304,73,1,980.624976
4194304,74,1,957.973745
4194304,75,1,1123.729730
4194304,76,1,1002.281932
4194304,77,1,1091.190854
4194304,78,1,1043.437667
4194304,79,1,1097.035637
4194304,80,1,1051.365117
4194304,81,1,1003.027734
4194304,82,1,1022.599651
4194304,83,1,1048.647315
4194304,84,1,917.187284
4194304,85,1,991.361968
4194304,86,1,1059.859890
4194304,87,1,1073.491688
4194304,88,1,1035.535045
4194304,89,1,1058.988023
4194304,90,1,972.204301
4194304,91,1,926.585617
4194304,92,1,1031.008969
4194304,93,1,1025.118506
4194304,94,1,971.157227
4194304,95,1,974.947508
4194304,96,1,1013.013149
4194304,97,1,1079.362711
4194304,98,1,984.534843
4194304,99,1,965.223332
4194304,100,1,1027.855427
4194304,101,1,1049.953513
4194304,102,1,1074.934150
4194304,103,1,987.599594
4194304,104,1,1010.874029
4194304,105,1,1047.387246
4194304,106,1,1040.171339
4194304,107,1,992.134526
4194304,108,1,1077.717842
4194304,109,1,979.183282
4194304,110,1,974.754658
4194304,111,1,900.008674
4194304,112,1,1073.394237
4194304,113,1,898.810898
4194304,114,1,995.978311
4194304,115,1,974.371395
4194304,116,1,1052.193167
4194304,117,1,1032.283538
4194304,118,1,1006.256725
4194304,119,1,1035.246155
4194304,120,1,999.143467
4194304,121,1,1064.555785
4194304,122,1,1004.520238
4194304,123,1,1087.403202
4194304,124,1,1008.851990
4194304,125,1,987.472694
4194304,126,1,1018.645196
4194304,127,1,1068.680700
4194304,128,1,1046.080278
4194304,129,1,1039.813098
4194304,130,1,1020.406703
4194304,131,1,1097.120835
4194304,132,1,1062.629337
4194304,133,1,1097.276603
4194304,134,1,1053.539268
4194304,135,1,1076.458732
4194304,136,1,1024.344540
4194304,137,1,1023.188530
4194304,138,1,1072.175418
4194304,139,1,1094.032667
4194304,140,1,1070.206372
4194304,141,1,1124.222632
4194304,142,1,1138.871674
4194304,143,1,1069.389806
4194304,144,1,1079.404347
4194304,145,1,1063.724979
4194304,146,1,1165.752136
4194304,147,1,1074.100006
4194304,148,1,1066.762014
4194304,149,1,1041.271086
4194304,150,1,1090.045173
4194304,151,1,1075.251271
4194304,152,1,1121.895665
4194304,153,1,1032.172872
4194304,154,1,1043.578937
4194304,155,1,1044.375679
4194304,156,1,1142.031889
4194304,157,1,1066.544593
4194304,158,1,1071.123533
4194304,159,1,994.282565
4194304,160,1,1084.019150
4194304,161,1,1121.761709
4194304,162,1,1081.153279
4194304,163,1,1093.928801
4194304,164,1,1116.882587
4194304,165,1,1105.987644
4194304,166,1,1065.953980
4194304,167,1,1030.864751
4194304,168,1,1080.274291
4194304,169,1,1103.942573
4194304,170,1,1059.863868
4194304,171,1,1116.643801
4194304,172,1,1129.138899
4194304,173,1,1082.729122
4194304,174,1,1113.411411
4194304,175,1,1091.365035
4194304,176,1,1062.427056
4194304,177,1,1091.950129
4194304,178,1,1085.689942
4194304,179,1,1107.545458
4194304,180,1,1128.460013
4194304,181,1,1216.048880
4194304,182,1,1152.038028
4194304,183,1,1138.632888
4194304,184,1,1168.751000
4194304,185,1,1156.634995
4194304,186,1,1162.788878
4194304,187,1,1227.203394
4194304,188,1,1103.990114
4194304,189,1,1144.002605
4194304,190,1,1163.155589
4194304,191,1,1173.462999
4194304,192,1,1211.968809
4194304,193,1,1173.251929
4194304,194,1,1133.042672
4194304,195,1,1232.194081
4194304,196,1,1186.914968
4194304,197,1,1154.382511
4194304,198,1,1170.262624
4194304,199,1,1136.627787
4194304,200,1,1190.963796
4194304,201,1,1116.504008
4194304,202,1,1177.273234
4194304,203,1,1128.938865
4194304,204,1,1201.714391
4194304,205,1,1202.021437
4194304,206,1,1149.835840
4194304,207,1,1165.574427
4194304,208,1,1249.172721
4194304,209,1,1134.438621
4194304,210,1,1165.689778
4194304,211,1,1193.290059
4194304,212,1,1279.285828
4194304,213,1,1212.886357
4194304,214,1,1222.723188
4194304,215,1,1229.350086
4194304,216,1,1232.625267
4194304,217,1,1217.769710
4194304,218,1,1212.274445
4194304,219,1,1244.779252
4194304,220,1,1241.310387
4194304,221,1,1223.298916
4194304,222,1,1280.038561
4194304,223,1,1252.950043
4194304,224,1,1267.887589
4194304,225,1,1234.868064
4194304,226,1,1281.729047
4194304,227,1,1269.126809
4194304,228,1,1276.016678
4194304,229,1,1265.073362
4194304,230,1,1225.547229
4194304,231,1,1307.972577
4194304,232,1,1358.075957
4194304,233,1,1285.971943
4194304,234,1,1341.514325
4194304,235,1,1287.271083
4194304,236,1,1358.854030
4194304,237,1,1289.366642
4194304,238,1,1312.596619
4194304,239,1,1374.827103
4194304,240,1,1330.715615
