20,1,6765,6.453422
20,2,6765,6.486977
20,3,6765,5.670924
20,4,6765,7.250807
20,5,6765,7.906728
20,6,6765,9.006667
20,7,6765,11.389514
20,8,6765,13.596384
20,9,6765,14.439511
20,10,6765,15.842840
20,11,6765,14.486279
20,12,6765,16.331829
20,13,6765,17.256623
20,14,6765,17.763578
20,15,6765,21.627959
20,16,6765,22.795261
20,17,6765,22.828812
20,18,6765,23.630173
20,19,6765,23.626004
20,20,6765,25.285696
20,21,6765,26.691012
20,22,6765,29.440827
20,23,6765,29.480217
20,24,6765,29.897868
20,25,6765,30.937566
20,26,6765,32.551002
20,27,6765,36.441492
20,28,6765,33.854695
20,29,6765,34.864754
20,30,6765,34.781414
20,31,6765,38.551681
20,32,6765,40.232094
20,33,6765,39.623008
20,34,6765,40.383756
20,35,6765,41.922837
20,36,6765,43.980485
20,37,6765,44.903163
20,38,6765,47.950913
20,39,6765,46.575749
20,40,6765,52.756897
20,41,6765,52.550959
20,42,6765,56.818619
20,43,6765,52.451135
20,44,6765,50.662170
20,45,6765,55.497665
20,46,6765,55.234630
20,47,6765,59.507743
20,48,6765,57.422126
20,49,6765,59.786560
20,50,6765,59.997181
20,51,6765,61.882636
20,52,6765,61.691005
20,53,6765,63.406832
20,54,6765,65.444268
20,55,6765,70.270527
20,56,6765,66.558255
20,57,6765,69.570980
20,58,6765,69.781663
20,59,6765,74.234028
20,60,6765,74.498218
20,61,6765,74.020134
20,62,6765,74.213497
20,63,6765,78.014686
20,64,6765,77.845316
20,65,6765,75.978082
20,66,6765,80.285261
20,67,6765,78.064149
20,68,6765,78.487124
20,69,6765,81.537504
20,70,6765,84.306888
20,71,6765,85.859247
20,72,6765,82.533128
20,73,6765,85.730488
20,74,6765,90.883744
20,75,6765,88.785488
20,76,6765,91.730462
20,77,6765,90.332075
20,78,6765,91.364522
20,79,6765,94.612950
20,80,6765,94.008289
20,81,6765,97.320358
20,82,6765,101.874790
20,83,6765,97.603218
20,84,6765,108.531328
20,85,6765,103.185608
20,86,6765,101.021463
20,87,6765,103.630267
20,88,6765,107.734587
20,89,6765,107.314244
20,90,6765,106.877602
20,91,6765,112.093026
20,92,6765,109.532213
20,93,6765,112.337392
20,94,6765,117.715447
20,95,6765,114.650120
20,96,6765,115.974409
20,97,6765,117.126889
20,98,6765,118.185835
20,99,6765,120.196711
20,100,6765,120.273247
20,101,6765,122.001393
20,102,6765,119.617647
20,103,6765,123.196665
20,104,6765,199.689977
20,105,6765,127.550614
20,106,6765,127.066627
20,107,6765,127.758732
20,108,6765,131.974235
20,109,6765,132.238681
20,110,6765,134.603117
20,111,6765,203.091992
20,112,6765,136.905834
20,113,6765,134.770367
20,114,6765,136.529886
20,115,6765,137.913068
20,116,6765,141.305270
20,117,6765,142.078466
20,118,6765,147.165963
20,119,6765,142.833379
20,120,6765,145.458154
20,121,6765,142.472569
20,122,6765,148.383432
20,123,6765,149.543485
20,124,6765,147.336165
20,125,6765,150.574651
20,126,6765,153.743783
20,127,6765,151.818040
20,128,6765,157.058996
20,129,6765,189.170919
20,130,6765,159.396935
20,131,6765,158.786884
20,132,6765,158.326891
20,133,6765,159.295314
20,134,6765,166.394008
20,135,6765,163.390140
20,136,6765,166.508076
20,137,6765,169.674577
20,138,6765,175.417740
20,139,6765,168.648738
20,140,6765,172.396485
20,141,6765,176.419392
20,142,6765,172.740870
20,143,6765,179.555741
20,144,6765,176.885800
20,145,6765,178.392226
20,146,6765,181.009688
20,147,6765,179.574732
20,148,6765,182.638008
20,149,6765,182.760031
20,150,6765,191.296377
20,151,6765,184.836282
20,152,6765,191.108466
20,153,6765,192.404720
20,154,6765,193.022660
20,155,6765,192.941890
20,156,6765,197.732798
20,157,6765,198.154939
20,158,6765,197.358965
20,159,6765,196.565882
20,160,6765,203.024502
20,161,6765,200.711839
20,162,6765,294.936907
20,163,6765,204.671619
20,164,6765,207.232368
20,165,6765,205.363723
20,166,6765,208.749892
20,167,6765,208.139135
20,168,6765,217.564799
20,169,6765,208.284447
20,170,6765,211.852367
20,171,6765,215.488035
20,172,6765,221.318450
20,173,6765,220.270797
20,174,6765,213.511546
20,175,6765,220.916068
20,176,6765,217.084470
20,177,6765,226.579934
20,178,6765,224.233012
20,179,6765,224.066597
20,180,6765,279.668386
20,181,6765,239.230865
20,182,6765,229.400319
20,183,6765,260.873772
20,184,6765,238.873395
20,185,6765,230.594244
20,186,6765,232.002194
20,187,6765,244.688474
20,188,6765,231.871767
20,189,6765,241.597930
20,190,6765,236.781810
20,191,6765,239.092482
20,192,6765,252.520075
20,193,6765,249.989158
20,194,6765,274.666535
20,195,6765,244.189155
20,196,6765,253.392392
20,197,6765,255.325512
20,198,6765,258.452174
20,199,6765,249.241752
20,200,6765,256.241839
20,201,6765,254.503879
20,202,6765,259.970276
20,203,6765,257.165672
20,204,6765,254.642005
20,205,6765,264.715569
20,206,6765,268.105140
20,207,6765,264.977644
20,208,6765,267.474173
20,209,6765,281.343731
20,210,6765,266.701812
20,211,6765,267.769737
20,212,6765,275.094962
20,213,6765,281.829513
20,214,6765,276.469356
20,215,6765,280.460892
20,216,6765,276.588749
20,217,6765,279.633356
20,218,6765,283.536293
20,219,6765,284.035293
20,220,6765,281.715767
20,221,6765,285.542360
20,222,6765,286.235940
20,223,6765,282.786707
20,224,6765,292.771353
20,225,6765,289.862305
20,226,6765,290.404351
20,227,6765,295.701700
20,228,6765,301.695002
20,229,6765,299.641272
20,230,6765,303.551138
20,231,6765,310.369219
20,232,6765,309.254396
20,233,6765,300.142064
20,234,6765,307.379463
20,235,6765,306.027331
20,236,6765,305.988067
20,237,6765,310.612814
20,238,6765,306.269388
20,239,6765,315.481608
20,240,6765,316.369705
21,1,10946,11.194227
21,2,10946,8.205049
21,3,10946,6.931185
21,4,10946,8.358893
21,5,10946,10.749247
21,6,10946,9.954365
21,7,10946,10.903797
21,8,10946,14.196811
21,9,10946,12.710468
21,10,10946,15.071309
21,11,10946,14.370160
21,12,10946,17.231026
21,13,10946,18.201950
21,14,10946,19.069839
21,15,10946,22.634552
21,16,10946,22.892197
21,17,10946,23.594182
21,18,10946,23.675531
21,19,10946,25.771413
21,20,10946,49.097622
21,21,10946,28.831033
21,22,10946,31.386970
21,23,10946,30.050172
21,24,10946,32.198277
21,25,10946,32.307660
21,26,10946,36.877554
21,27,10946,36.579425
21,28,10946,36.849648
21,29,10946,37.596606
21,30,10946,39.074031
21,31,10946,38.892729
21,32,10946,40.097433
21,33,10946,59.895561
21,34,10946,43.603443
21,35,10946,41.872670
21,36,10946,43.230255
21,37,10946,46.173047
21,38,10946,47.798801
21,39,10946,51.230839
21,40,10946,51.623150
21,41,10946,50.761676
21,42,10946,51.219229
21,43,10946,55.783606
21,44,10946,51.610768
21,45,10946,56.078656
21,46,10946,56.811240
21,47,10946,60.602164
21,48,10946,63.635032
21,49,10946,60.835048
21,50,10946,60.521136
21,51,10946,65.101618
21,52,10946,63.997763
21,53,10946,65.159999
21,54,10946,65.172122
21,55,10946,66.990921
21,56,10946,72.127175
21,57,10946,68.870215
21,58,10946,71.818396
21,59,10946,71.832830
21,60,10946,72.975625
21,61,10946,77.247648
21,62,10946,78.952376
21,63,10946,79.018264
21,64,10946,78.913754
21,65,10946,79.356424
21,66,10946,80.739160
21,67,10946,80.204426
21,68,10946,84.737688
21,69,10946,125.770568
21,70,10946,84.449183
21,71,10946,84.511220
21,72,10946,91.054781
21,73,10946,88.023518
21,74,10946,89.363719
21,75,10946,88.337300
21,76,10946,95.540311
21,77,10946,90.197798
21,78,10946,93.187745
21,79,10946,94.092139
21,80,10946,96.073055
21,81,10946,96.021795
21,82,10946,98.431331
21,83,10946,99.229677
21,84,10946,98.975430
21,85,10946,100.763240
21,86,10946,105.613172
21,87,10946,107.653303
21,88,10946,108.673496
21,89,10946,110.703042
21,90,10946,110.144316
21,91,10946,109.716272
21,92,10946,111.243164
21,93,10946,110.208085
21,94,10946,115.932578
21,95,10946,114.521103
21,96,10946,114.851117
21,97,10946,119.480997
21,98,10946,120.547766
21,99,10946,123.460535
21,100,10946,123.166832
21,101,10946,118.982126
21,102,10946,121.884501
21,103,10946,121.638018
21,104,10946,124.728881
21,105,10946,126.474926
21,106,10946,127.418390
21,107,10946,128.794130
21,108,10946,130.245384
21,109,10946,130.482435
21,110,10946,133.985175
21,111,10946,130.946598
21,112,10946,132.359550
21,113,10946,137.455644
21,114,10946,137.255930
21,115,10946,136.901406
21,116,10946,141.223406
21,117,10946,149.321765
21,118,10946,174.382918
21,119,10946,145.596280
21,120,10946,143.441310
21,121,10946,146.470201
21,122,10946,142.321291
21,123,10946,148.018712
21,124,10946,160.507523
21,125,10946,146.573619
21,126,10946,158.992886
21,127,10946,152.831755
21,128,10946,158.214235
21,129,10946,158.117875
21,130,10946,158.200763
21,131,10946,161.987388
21,132,10946,164.971626
21,133,10946,163.253553
21,134,10946,165.552935
21,135,10946,166.353269
21,136,10946,167.783799
21,137,10946,166.120515
21,138,10946,171.533664
21,139,10946,170.520783
21,140,10946,174.852020
21,141,10946,172.799763
21,142,10946,170.118209
21,143,10946,181.978044
21,144,10946,184.853860
21,145,10946,180.897930
21,146,10946,179.705159
21,147,10946,177.322375
21,148,10946,180.250540
21,149,10946,186.911570
21,150,10946,187.168126
21,151,10946,188.881581
21,152,10946,190.114384
21,153,10946,186.012949
21,154,10946,212.138115
21,155,10946,194.894513
21,156,10946,196.252804
21,157,10946,199.117266
21,158,10946,193.771479
21,159,10946,197.919618
21,160,10946,202.125882
21,161,10946,196.872672
21,162,10946,197.342608
21,163,10946,200.261342
21,164,10946,204.826425
21,165,10946,208.624533
21,166,10946,207.597027
21,167,10946,210.399575
21,168,10946,204.214386
21,169,10946,219.487207
21,170,10946,217.702926
21,171,10946,215.135951
21,172,10946,211.363249
21,173,10946,214.689818
21,174,10946,215.575672
21,175,10946,216.360350
21,176,10946,219.171628
21,177,10946,221.979503
21,178,10946,224.937820
21,179,10946,227.865795
21,180,10946,227.270114
21,181,10946,225.329616
21,182,10946,228.300637
21,183,10946,229.878467
21,184,10946,228.339900
21,185,10946,242.900279
21,186,10946,236.214486
21,187,10946,270.850334
21,188,10946,241.393018
21,189,10946,238.486346
21,190,10946,239.767266
21,191,10946,246.152813
21,192,10946,245.293391
21,193,10946,244.597052
21,194,10946,247.637425
21,195,10946,251.815331
21,196,10946,245.560533
21,197,10946,247.536253
21,198,10946,250.018091
21,199,10946,313.548937
21,200,10946,266.417155
21,201,10946,247.758999
21,202,10946,252.716903
21,203,10946,257.680837
21,204,10946,262.032860
21,205,10946,264.134453
21,206,10946,269.622020
21,207,10946,267.676069
21,208,10946,263.056713
21,209,10946,296.484072
21,210,10946,270.510121
21,211,10946,276.609599
21,212,10946,271.339387
21,213,10946,275.668509
21,214,10946,271.737856
21,215,10946,316.280016
21,216,10946,277.890904
21,217,10946,277.303051
21,218,10946,271.255794
21,219,10946,314.233021
21,220,10946,280.808676
21,221,10946,290.920736
21,222,10946,290.521434
21,223,10946,289.255013
21,224,10946,292.757752
21,225,10946,291.494601
21,226,10946,294.710761
21,227,10946,294.541584
21,228,10946,295.943244
21,229,10946,304.568123
21,230,10946,303.717041
21,231,10946,301.250984
21,232,10946,301.420226
21,233,10946,304.657363
21,234,10946,304.866122
21,235,10946,309.692958
21,236,10946,310.537688
21,237,10946,308.523541
21,238,10946,315.858903
21,239,10946,310.781478
21,240,10946,314.602426
22,1,17711,17.599789
22,2,17711,11.565299
22,3,17711,8.845188
22,4,17711,10.251017
22,5,17711,12.445443
22,6,17711,12.331824
22,7,17711,11.993021
22,8,17711,16.711499
22,9,17711,14.045726
22,10,17711,34.488611
22,11,17711,18.011152
22,12,17711,19.533296
22,13,17711,21.890800
22,14,17711,21.026247
22,15,17711,21.239885
22,16,17711,24.847581
22,17,17711,21.867448
22,18,17711,43.197214
22,19,17711,27.773245
22,20,17711,26.102773
22,21,17711,31.751243
22,22,17711,33.075467
22,23,17711,48.354513
22,24,17711,30.893491
22,25,17711,32.990977
22,26,17711,34.217364
22,27,17711,35.431307
22,28,17711,37.085867
22,29,17711,47.716235
22,30,17711,37.955103
22,31,17711,40.440600
22,32,17711,42.202043
22,33,17711,42.751594
22,34,17711,45.323891
22,35,17711,42.614045
22,36,17711,43.574382
22,37,17711,44.935879
22,38,17711,49.851123
22,39,17711,50.244711
22,40,17711,51.782253
22,41,17711,62.384072
22,42,17711,56.622561
22,43,17711,56.578102
22,44,17711,55.178688
22,45,17711,52.021938
22,46,17711,58.648899
22,47,17711,56.674525
22,48,17711,59.148538
22,49,17711,62.580323
22,50,17711,63.693283
22,51,17711,64.709374
22,52,17711,63.880360
22,53,17711,68.101701
22,54,17711,68.168486
22,55,17711,70.833230
22,56,17711,74.213368
22,57,17711,69.814897
22,58,17711,74.296067
22,59,17711,104.926583
22,60,17711,76.375907
22,61,17711,74.787044
22,62,17711,76.568439
22,63,17711,81.108756
22,64,17711,82.137997
22,65,17711,80.168756
22,66,17711,111.683845
22,67,17711,77.207613
22,68,17711,83.190266
22,69,17711,84.997451
22,70,17711,95.714878
22,71,17711,81.034593
22,72,17711,87.875578
22,73,17711,87.794357
22,74,17711,92.936001
22,75,17711,91.696717
22,76,17711,95.427012
22,77,17711,93.354612
22,78,17711,95.460503
22,79,17711,96.940498
22,80,17711,96.102181
22,81,17711,100.320762
22,82,17711,97.598149
22,83,17711,98.965164
22,84,17711,100.584632
22,85,17711,100.763112
22,86,17711,111.460841
22,87,17711,106.801194
22,88,17711,108.330332
22,89,17711,108.169044
22,90,17711,109.876084
22,91,17711,111.540394
22,92,17711,139.485380
22,93,17711,111.476943
22,94,17711,117.054842
22,95,17711,116.937246
22,96,17711,121.386209
22,97,17711,118.354240
22,98,17711,120.558800
22,99,17711,119.583836
22,100,17711,118.043537
22,101,17711,123.538676
22,102,17711,123.982116
22,103,17711,126.895013
22,104,17711,129.934679
22,105,17711,127.584935
22,106,17711,192.101586
22,107,17711,161.881210
22,108,17711,131.902187
22,109,17711,151.077881
22,110,17711,135.947806
22,111,17711,143.177762
22,112,17711,134.152555
22,113,17711,137.800603
22,114,17711,137.389049
22,115,17711,140.853487
22,116,17711,142.771789
22,117,17711,158.544762
22,118,17711,145.125317
22,119,17711,144.893591
22,120,17711,148.482553
22,121,17711,147.274576
22,122,17711,146.754536
22,123,17711,152.502123
22,124,17711,170.148682
22,125,17711,149.069058
22,126,17711,157.363153
22,127,17711,173.815850
22,128,17711,159.490921
22,129,17711,161.281939
22,130,17711,155.166548
22,131,17711,165.338850
22,132,17711,158.568948
22,133,17711,165.244026
22,134,17711,165.405762
22,135,17711,194.221335
22,136,17711,169.505913
22,137,17711,165.624852
22,138,17711,174.671422
22,139,17711,175.411518
22,140,17711,170.106340
22,141,17711,171.706561
22,142,17711,176.128962
22,143,17711,177.319937
22,144,17711,181.435677
22,145,17711,178.798776
22,146,17711,250.405332
22,147,17711,180.484194
22,148,17711,204.794924
22,149,17711,186.328336
22,150,17711,186.369974
22,151,17711,187.243959
22,152,17711,223.007076
22,153,17711,193.347093
22,154,17711,194.997354
22,155,17711,191.512580
22,156,17711,244.766551
22,157,17711,190.353233
22,158,17711,197.300779
22,159,17711,198.320009
22,160,17711,201.050834
22,161,17711,197.359865
22,162,17711,202.668633
22,163,17711,205.763731
22,164,17711,224.384549
22,165,17711,205.113070
22,166,17711,212.029820
22,167,17711,205.870163
22,168,17711,210.205891
22,169,17711,212.405768
22,170,17711,214.043455
22,171,17711,212.334235
22,172,17711,228.761593
22,173,17711,221.368040
22,174,17711,224.710328
22,175,17711,215.903888
22,176,17711,243.223365
22,177,17711,218.213086
22,178,17711,220.910741
22,179,17711,230.523098
22,180,17711,231.213278
22,181,17711,231.071687
22,182,17711,223.375196
22,183,17711,230.102945
22,184,17711,241.769867
22,185,17711,235.666025
22,186,17711,237.883160
22,187,17711,230.976417
22,188,17711,258.189075
22,189,17711,231.734024
22,190,17711,243.883263
22,191,17711,243.630621
22,192,17711,243.936639
22,193,17711,244.219243
22,194,17711,242.446832
22,195,17711,242.141709
22,196,17711,247.480117
22,197,17711,291.012542
22,198,17711,258.504141
22,199,17711,248.722415
22,200,17711,253.734531
22,201,17711,258.901259
22,202,17711,255.184949
22,203,17711,264.879358
22,204,17711,270.923857
22,205,17711,262.833132
22,206,17711,262.321560
22,207,17711,280.220183
22,208,17711,281.514448
22,209,17711,270.535396
22,210,17711,302.535755
22,211,17711,275.310588
22,212,17711,306.158655
22,213,17711,306.261368
22,214,17711,298.494564
22,215,17711,271.010336
22,216,17711,280.586573
22,217,17711,339.309505
22,218,17711,274.502618
22,219,17711,287.058665
22,220,17711,277.179745
22,221,17711,290.006269
22,222,17711,291.212192
22,223,17711,283.167210
22,224,17711,319.266050
22,225,17711,327.339325
22,226,17711,297.541731
22,227,17711,295.480301
22,228,17711,303.228694
22,229,17711,299.131495
22,230,17711,304.104026
22,231,17711,321.689572
22,232,17711,303.036037
22,233,17711,309.461616
22,234,17711,312.623755
22,235,17711,313.115761
22,236,17711,309.611288
22,237,17711,307.846897
22,238,17711,311.225239
22,239,17711,309.935465
22,240,17711,315.276952
23,1,28657,25.218653
23,2,28657,15.709588
23,3,28657,11.945098
23,4,28657,12.603071
23,5,28657,14.941267
23,6,28657,14.061381
23,7,28657,14.467739
23,8,28657,15.811788
23,9,28657,19.094218
23,10,28657,21.924098
23,11,28657,19.068876
23,12,28657,20.157971
23,13,28657,23.367074
23,14,28657,23.370218
23,15,28657,31.541970
23,16,28657,26.415338
23,17,28657,28.059441
23,18,28657,29.061671
23,19,28657,31.145364
23,20,28657,28.607902
23,21,28657,31.508095
23,22,28657,31.655332
23,23,28657,59.224050
23,24,28657,46.608210
23,25,28657,40.381705
23,26,28657,37.384894
23,27,28657,38.378079
23,28,28657,38.371598
23,29,28657,45.088250
23,30,28657,41.818906
23,31,28657,38.750369
23,32,28657,42.432294
23,33,28657,41.918090
23,34,28657,44.855111
23,35,28657,45.429682
23,36,28657,48.061965
23,37,28657,86.147496
23,38,28657,50.332606
23,39,28657,93.521160
23,40,28657,55.750887
23,41,28657,53.264363
23,42,28657,83.731095
23,43,28657,58.222460
23,44,28657,55.270108
23,45,28657,61.033479
23,46,28657,61.510344
23,47,28657,101.642999
23,48,28657,60.841207
23,49,28657,62.622344
23,50,28657,60.035163
23,51,28657,73.817725
23,52,28657,69.297166
23,53,28657,67.322601
23,54,28657,68.224172
23,55,28657,70.987267
23,56,28657,71.712282
23,57,28657,112.752541
23,58,28657,77.425614
23,59,28657,75.145223
23,60,28657,78.776206
23,61,28657,79.102755
23,62,28657,98.700653
23,63,28657,108.200544
23,64,28657,78.954365
23,65,28657,84.544903
23,66,28657,84.390480
23,67,28657,84.876520
23,68,28657,116.241870
23,69,28657,103.636938
23,70,28657,90.623851
23,71,28657,135.672453
23,72,28657,90.742602
23,73,28657,90.224360
23,74,28657,91.010642
23,75,28657,118.639986
23,76,28657,130.045539
23,77,28657,95.790515
23,78,28657,101.186279
23,79,28657,96.546585
23,80,28657,116.530824
23,81,28657,99.933522
23,82,28657,117.946920
23,83,28657,97.513336
23,84,28657,104.479744
23,85,28657,107.674794
23,86,28657,108.329111
23,87,28657,123.750709
23,88,28657,112.759725
23,89,28657,142.069036
23,90,28657,140.626380
23,91,28657,117.907335
23,92,28657,113.765806
23,93,28657,113.619467
23,94,28657,164.456524
23,95,28657,115.773344
23,96,28657,207.596448
23,97,28657,137.005018
23,98,28657,155.135817
23,99,28657,124.491380
23,100,28657,152.742000
23,101,28657,157.696055
23,102,28657,126.609650
23,103,28657,153.966079
23,104,28657,176.600502
23,105,28657,126.187640
23,106,28657,130.408145
23,107,28657,138.787632
23,108,28657,169.393129
23,109,28657,138.408346
23,110,28657,135.946972
23,111,28657,137.919164
23,112,28657,140.342172
23,113,28657,139.013520
23,114,28657,158.312649
23,115,28657,159.759539
23,116,28657,174.043794
23,117,28657,173.395252
23,118,28657,151.674332
23,119,28657,147.322246
23,120,28657,148.659363
23,121,28657,157.896604
23,122,28657,146.627638
23,123,28657,156.251412
23,124,28657,194.383583
23,125,28657,149.941888
23,126,28657,157.964289
23,127,28657,157.394848
23,128,28657,172.821447
23,129,28657,163.758389
23,130,28657,164.569565
23,131,28657,164.288502
23,132,28657,163.180928
23,133,28657,169.909513
23,134,28657,168.666380
23,135,28657,201.403495
23,136,28657,163.323867
23,137,28657,173.838820
23,138,28657,223.538856
23,139,28657,174.946329
23,140,28657,175.605779
23,141,28657,203.038296
23,142,28657,177.603375
23,143,28657,181.291392
23,144,28657,191.308693
23,145,28657,181.989978
23,146,28657,184.456354
23,147,28657,187.121228
23,148,28657,210.684873
23,149,28657,202.364089
23,150,28657,190.834331
23,151,28657,189.606403
23,152,28657,228.831073
23,153,28657,188.249972
23,154,28657,200.634338
23,155,28657,225.487629
23,156,28657,226.608420
23,157,28657,202.867706
23,158,28657,199.543060
23,159,28657,198.862696
23,160,28657,200.061692
23,161,28657,305.936358
23,162,28657,251.732636
23,163,28657,205.680970
23,164,28657,214.951378
23,165,28657,252.949915
23,166,28657,210.691161
23,167,28657,239.723962
23,168,28657,263.225762
23,169,28657,232.925063
23,170,28657,212.905729
23,171,28657,213.135406
23,172,28657,218.370009
23,173,28657,220.811559
23,174,28657,293.737207
23,175,28657,262.342473
23,176,28657,329.055410
23,177,28657,293.151279
23,178,28657,261.167859
23,179,28657,313.126091
23,180,28657,228.667091
23,181,28657,284.076288
23,182,28657,285.239290
23,183,28657,251.137212
23,184,28657,325.359115
23,185,28657,240.469572
23,186,28657,271.585552
23,187,28657,298.948716
23,188,28657,244.806519
23,189,28657,236.763783
23,190,28657,270.956959
23,191,28657,238.871149
23,192,28657,245.786359
23,193,28657,264.360281
23,194,28657,249.228342
23,195,28657,247.317483
23,196,28657,247.447783
23,197,28657,301.263112
23,198,28657,298.624606
23,199,28657,253.994681
23,200,28657,260.299521
23,201,28657,290.485381
23,202,28657,319.206644
23,203,28657,270.717405
23,204,28657,367.823486
23,205,28657,288.140382
23,206,28657,302.045739
23,207,28657,294.529651
23,208,28657,272.857555
23,209,28657,272.973546
23,210,28657,298.005637
23,211,28657,323.129148
23,212,28657,294.000244
23,213,28657,281.163005
23,214,28657,321.929191
23,215,28657,353.734197
23,216,28657,281.984062
23,217,28657,278.739933
23,218,28657,284.404824
23,219,28657,285.165127
23,220,28657,282.830139
23,221,28657,288.515176
23,222,28657,313.126731
23,223,28657,313.238746
23,224,28657,290.088964
23,225,28657,290.405956
23,226,28657,306.984974
23,227,28657,301.501319
23,228,28657,421.219239
23,229,28657,297.072566
23,230,28657,306.078270
23,231,28657,301.876433
23,232,28657,335.605705
23,233,28657,302.631281
23,234,28657,302.186624
23,235,28657,368.135855
23,236,28657,387.532180
23,237,28657,310.856156
23,238,28657,328.068960
23,239,28657,332.929414
23,240,28657,362.396609
24,1,46368,42.804777
24,2,46368,23.421350
24,3,46368,16.985568
24,4,46368,17.181305
24,5,46368,18.699406
24,6,46368,19.046165
24,7,46368,19.350774
24,8,46368,18.185910
24,9,46368,21.390712
24,10,46368,22.997155
24,11,46368,23.706582
24,12,46368,27.220098
24,13,46368,43.303969
24,14,46368,29.531479
24,15,46368,29.564903
24,16,46368,45.594047
24,17,46368,46.403429
24,18,46368,32.077152
24,19,46368,31.808470
24,20,46368,38.310073
24,21,46368,44.172307
24,22,46368,56.223966
24,23,46368,43.745033
24,24,46368,39.907344
24,25,46368,36.766183
24,26,46368,59.386298
24,27,46368,44.198675
24,28,46368,48.783902
24,29,46368,57.198996
24,30,46368,39.498611
24,31,46368,85.099459
24,32,46368,44.198803
24,33,46368,60.379289
24,34,46368,64.168419
24,35,46368,47.279337
24,36,46368,50.337289
24,37,46368,103.333486
24,38,46368,53.679253
24,39,46368,51.599604
24,40,46368,53.138429
24,41,46368,55.186386
24,42,46368,91.315572
24,43,46368,59.864445
24,44,46368,62.714662
24,45,46368,104.917859
24,46,46368,76.644588
24,47,46368,95.928834
24,48,46368,95.140046
24,49,46368,87.057792
24,50,46368,84.159586
24,51,46368,70.773375
24,52,46368,107.951815
24,53,46368,73.910429
24,54,46368,108.468522
24,55,46368,73.750490
24,56,46368,98.933473
24,57,46368,93.093694
24,58,46368,103.930769
24,59,46368,80.963767
24,60,46368,89.503447
24,61,46368,93.681867
24,62,46368,107.200690
24,63,46368,79.908928
24,64,46368,95.534539
24,65,46368,97.045966
24,66,46368,105.579298
24,67,46368,90.070836
24,68,46368,123.000414
24,69,46368,92.618755
24,70,46368,102.762120
24,71,46368,91.983361
24,72,46368,90.991140
24,73,46368,131.269427
24,74,46368,132.146298
24,75,46368,128.663511
24,76,46368,133.243095
24,77,46368,96.575711
24,78,46368,97.944780
24,79,46368,108.315575
24,80,46368,110.382074
24,81,46368,100.021800
24,82,46368,101.341085
24,83,46368,106.824996
24,84,46368,122.534713
24,85,46368,104.740276
24,86,46368,109.414231
24,87,46368,111.665882
24,88,46368,161.490957
24,89,46368,114.722421
24,90,46368,149.574922
24,91,46368,157.113271
24,92,46368,163.304813
24,93,46368,152.354697
24,94,46368,148.967437
24,95,46368,168.044268
24,96,46368,117.051187
24,97,46368,151.278753
24,98,46368,146.569127
24,99,46368,164.997928
24,100,46368,121.750546
24,101,46368,246.603630
24,102,46368,132.071813
24,103,46368,163.129350
24,104,46368,132.100298
24,105,46368,167.042616
24,106,46368,130.960134
24,107,46368,136.317020
24,108,46368,182.461069
24,109,46368,138.440294
24,110,46368,171.845264
24,111,46368,169.424502
24,112,46368,201.086248
24,113,46368,192.108389
24,114,46368,185.215245
24,115,46368,140.462142
24,116,46368,185.034841
24,117,46368,172.696859
24,118,46368,150.058330
24,119,46368,216.092313
24,120,46368,146.054476
24,121,46368,182.532666
24,122,46368,193.393477
24,123,46368,152.448041
24,124,46368,170.059445
24,125,46368,172.718863
24,126,46368,166.804409
24,127,46368,211.471031
24,128,46368,162.982883
24,129,46368,161.687527
24,130,46368,174.775226
24,131,46368,230.028205
24,132,46368,226.149198
24,133,46368,207.111050
24,134,46368,172.295568
24,135,46368,168.853458
24,136,46368,211.232885
24,137,46368,203.415655
24,138,46368,243.525470
24,139,46368,210.866432
24,140,46368,202.314626
24,141,46368,221.658406
24,142,46368,231.486386
24,143,46368,182.969498
24,144,46368,231.406384
24,145,46368,188.525005
24,146,46368,222.678215
24,147,46368,202.436713
24,148,46368,209.891019
24,149,46368,230.506417
24,150,46368,189.678899
24,151,46368,239.454125
24,152,46368,221.463565
24,153,46368,229.061967
24,154,46368,195.523874
24,155,46368,228.209859
24,156,46368,247.133166
24,157,46368,234.649745
24,158,46368,253.806385
24,159,46368,254.203761
24,160,46368,264.699851
24,161,46368,246.165581
24,162,46368,265.420057
24,163,46368,236.230654
24,164,46368,243.662892
24,165,46368,301.658882
24,166,46368,207.927424
24,167,46368,214.423510
24,168,46368,242.482246
24,169,46368,210.577800
24,170,46368,286.857283
24,171,46368,211.850250
24,172,46368,262.639062
24,173,46368,236.169900
24,174,46368,262.846734
24,175,46368,256.026472
24,176,46368,218.728571
24,177,46368,275.198380
24,178,46368,269.628243
24,179,46368,233.867887
24,180,46368,254.144546
24,181,46368,232.579332
24,182,46368,244.331258
24,183,46368,240.982877
24,184,46368,250.814898
24,185,46368,237.540571
24,186,46368,312.096210
24,187,46368,246.512850
24,188,46368,333.430657
24,189,46368,286.808973
24,190,46368,291.980899
24,191,46368,281.164995
24,192,46368,278.929382
24,193,46368,306.902214
24,194,46368,294.549282
24,195,46368,288.388151
24,196,46368,273.232283
24,197,46368,256.847271
24,198,46368,310.715268
24,199,46368,308.090494
24,200,46368,251.362204
24,201,46368,343.954013
24,202,46368,284.603321
24,203,46368,272.212987
24,204,46368,286.825140
24,205,46368,287.448471
24,206,46368,353.528901
24,207,46368,269.586030
24,208,46368,316.304653
24,209,46368,327.478734
24,210,46368,272.941726
24,211,46368,298.942623
24,212,46368,295.340443
24,213,46368,322.022666
24,214,46368,324.513807
24,215,46368,282.665775
24,216,46368,340.182080
24,217,46368,327.441910
24,218,46368,330.227971
24,219,46368,347.220854
24,220,46368,313.859381
24,221,46368,353.447554
24,222,46368,323.089949
24,223,46368,377.372390
24,224,46368,304.748720
24,225,46368,362.082505
24,226,46368,308.319718
24,227,46368,368.885574
24,228,46368,303.725381
24,229,46368,305.804778
24,230,46368,331.282231
24,231,46368,332.733676
24,232,46368,303.001390
24,233,46368,351.908857
24,234,46368,412.551952
24,235,46368,367.114314
24,236,46368,332.146081
24,237,46368,358.893934
24,238,46368,352.946116
24,239,46368,467.423400
24,240,46368,377.669172
25,1,75025,66.368231
25,2,75025,35.345017
25,3,75025,25.154948
25,4,75025,23.745780
25,5,75025,25.795152
25,6,75025,25.251181
25,7,75025,23.769261
25,8,75025,23.803521
25,9,75025,26.053376
25,10,75025,25.233409
25,11,75025,29.517942
25,12,75025,48.800455
25,13,75025,28.349422
25,14,75025,37.115953
25,15,75025,31.782360
25,16,75025,31.148700
25,17,75025,30.249309
25,18,75025,32.205909
25,19,75025,32.092035
25,20,75025,33.320926
25,21,75025,36.138552
25,22,75025,31.075499
25,23,75025,37.591022
25,24,75025,36.349687
25,25,75025,48.248784
25,26,75025,37.410554
25,27,75025,41.496528
25,28,75025,38.632582
25,29,75025,99.177775
25,30,75025,48.660146
25,31,75025,83.213300
25,32,75025,124.542703
25,33,75025,53.436491
25,34,75025,54.081057
25,35,75025,71.261017
25,36,75025,65.633270
25,37,75025,93.964342
25,38,75025,93.762254
25,39,75025,93.563567
25,40,75025,81.635663
25,41,75025,87.565387
25,42,75025,130.798528
25,43,75025,76.667108
25,44,75025,112.639115
25,45,75025,58.656469
25,46,75025,83.367657
25,47,75025,90.398859
25,48,75025,83.670725
25,49,75025,90.670108
25,50,75025,65.840041
25,51,75025,113.392487
25,52,75025,128.312968
25,53,75025,100.013525
25,54,75025,121.618578
25,55,75025,82.681068
25,56,75025,133.765059
25,57,75025,77.238986
25,58,75025,79.796079
25,59,75025,104.845684
25,60,75025,114.199878
25,61,75025,107.821581
25,62,75025,168.681777
25,63,75025,81.633096
25,64,75025,104.205737
25,65,75025,98.909479
25,66,75025,117.795579
25,67,75025,108.900669
25,68,75025,110.351473
25,69,75025,91.493860
25,70,75025,123.442699
25,71,75025,185.690314
25,72,75025,126.311908
25,73,75025,97.314969
25,74,75025,114.307340
25,75,75025,118.789468
25,76,75025,123.107039
25,77,75025,93.284363
25,78,75025,153.513915
25,79,75025,99.761201
25,80,75025,116.626222
25,81,75025,134.805270
25,82,75025,108.724436
25,83,75025,145.673459
25,84,75025,146.269332
25,85,75025,139.820207
25,86,75025,112.112144
25,87,75025,117.854215
25,88,75025,148.053099
25,89,75025,114.404342
25,90,75025,143.291381
25,91,75025,165.359442
25,92,75025,157.001127
25,93,75025,132.380080
25,94,75025,120.495865
25,95,75025,122.117961
25,96,75025,127.251010
25,97,75025,126.455807
25,98,75025,153.775796
25,99,75025,150.354213
25,100,75025,163.600569
25,101,75025,175.125513
25,102,75025,126.426487
25,103,75025,206.781293
25,104,75025,182.725836
25,105,75025,170.595587
25,106,75025,201.672048
25,107,75025,172.904786
25,108,75025,173.621911
25,109,75025,139.351042
25,110,75025,183.201483
25,111,75025,188.703485
25,112,75025,187.141887
25,113,75025,181.610373
25,114,75025,149.023958
25,115,75025,172.469621
25,116,75025,230.657824
25,117,75025,182.004797
25,118,75025,180.187925
25,119,75025,183.670712
25,120,75025,178.055604
25,121,75025,179.839950
25,122,75025,190.146333
25,123,75025,212.104048
25,124,75025,163.687497
25,125,75025,160.353551
25,126,75025,202.680500
25,127,75025,190.298701
25,128,75025,225.475313
25,129,75025,294.101737
25,130,75025,195.462094
25,131,75025,169.331027
25,132,75025,181.916262
25,133,75025,196.946000
25,134,75025,176.007387
25,135,75025,196.895895
25,136,75025,186.405515
25,137,75025,194.738297
25,138,75025,208.579240
25,139,75025,232.830821
25,140,75025,193.753003
25,141,75025,201.015997
25,142,75025,299.482422
25,143,75025,228.404183
25,144,75025,216.526257
25,145,75025,194.020466
25,146,75025,215.411500
25,147,75025,234.984250
25,148,75025,224.470580
25,149,75025,221.878907
25,150,75025,225.474478
25,151,75025,232.415351
25,152,75025,239.408961
25,153,75025,228.045364
25,154,75025,200.440465
25,155,75025,229.903103
25,156,75025,221.447593
25,157,75025,259.745733
25,158,75025,200.703562
25,159,75025,236.279475
25,160,75025,237.026946
25,161,75025,272.720585
25,162,75025,205.906284
25,163,75025,270.279805
25,164,75025,243.265257
25,165,75025,238.694785
25,166,75025,265.415758
25,167,75025,271.371530
25,168,75025,273.945752
25,169,75025,250.104380
25,170,75025,224.044398
25,171,75025,217.838165
25,172,75025,332.117403
25,173,75025,264.744504
25,174,75025,252.007733
25,175,75025,275.448136
25,176,75025,266.570933
25,177,75025,276.513046
25,178,75025,287.514871
25,179,75025,273.372078
25,180,75025,308.178387
25,181,75025,273.974878
25,182,75025,278.237405
25,183,75025,289.147425
25,184,75025,245.630846
25,185,75025,247.826363
25,186,75025,264.931772
25,187,75025,294.498857
25,188,75025,269.533680
25,189,75025,273.912327
25,190,75025,308.986484
25,191,75025,276.763507
25,192,75025,289.447607
25,193,75025,279.853408
25,194,75025,305.905181
25,195,75025,312.771699
25,196,75025,254.256049
25,197,75025,292.019519
25,198,75025,275.073662
25,199,75025,314.931991
25,200,75025,345.008851
25,201,75025,297.578045
25,202,75025,269.256659
25,203,75025,264.931708
25,204,75025,327.579651
25,205,75025,268.047656
25,206,75025,339.243619
25,207,75025,327.552962
25,208,75025,307.767474
25,209,75025,308.174218
25,210,75025,324.911569
25,211,75025,328.092507
25,212,75025,290.854912
25,213,75025,284.373968
25,214,75025,311.305241
25,215,75025,340.218071
25,216,75025,318.834031
25,217,75025,331.785657
25,218,75025,325.490440
25,219,75025,307.559161
25,220,75025,356.319646
25,221,75025,508.118375
25,222,75025,312.771567
25,223,75025,359.446630
25,224,75025,294.234729
25,225,75025,354.839653
25,226,75025,338.232856
25,227,75025,365.401952
25,228,75025,415.987264
25,229,75025,368.246460
25,230,75025,323.578746
25,231,75025,387.460582
25,232,75025,384.533123
25,233,75025,370.867260
25,234,75025,347.796517
25,235,75025,362.301083
25,236,75025,332.966174
25,237,75025,348.350302
25,238,75025,351.767974
25,239,75025,344.449677
25,240,75025,375.167445
26,1,121393,106.637214
26,2,121393,55.045372
26,3,121393,38.050180
26,4,121393,35.597531
26,5,121393,36.040458
26,6,121393,33.860150
26,7,121393,29.452696
26,8,121393,36.364378
26,9,121393,34.776220
26,10,121393,41.399013
26,11,121393,41.930985
26,12,121393,39.528569
26,13,121393,35.921196
26,14,121393,30.395903
26,15,121393,50.935600
26,16,121393,50.547333
26,17,121393,56.873857
26,18,121393,59.800676
26,19,121393,71.145730
26,20,121393,58.524759
26,21,121393,61.450680
26,22,121393,49.367779
26,23,121393,89.202688
26,24,121393,72.320090
26,25,121393,65.943974
26,26,121393,76.366220
26,27,121393,62.897440
26,28,121393,101.381375
26,29,121393,66.946460
26,30,121393,123.870679
26,31,121393,118.889870
26,32,121393,101.777660
26,33,121393,97.323758
26,34,121393,82.102134
26,35,121393,83.182569
26,36,121393,88.573712
26,37,121393,107.274981
26,38,121393,92.832069
26,39,121393,101.765792
26,40,121393,81.241943
26,41,121393,65.116885
26,42,121393,121.500469
26,43,121393,88.129888
26,44,121393,94.092074
26,45,121393,90.484506
26,46,121393,103.097265
26,47,121393,87.363427
26,48,121393,114.573004
26,49,121393,108.016548
26,50,121393,114.628818
26,51,121393,156.634803
26,52,121393,77.498879
26,53,121393,94.163542
26,54,121393,96.832394
26,55,121393,208.725322
26,56,121393,101.555170
26,57,121393,87.553070
26,58,121393,138.685497
26,59,121393,102.327789
26,60,121393,104.872822
26,61,121393,106.554134
26,62,121393,109.326660
26,63,121393,235.304319
26,64,121393,119.812294
26,65,121393,114.910332
26,66,121393,118.316644
26,67,121393,140.706187
26,68,121393,125.576627
26,69,121393,89.766354
26,70,121393,117.848634
26,71,121393,106.819800
26,72,121393,122.289962
26,73,121393,101.721588
26,74,121393,96.849266
26,75,121393,119.162529
26,76,121393,136.346146
26,77,121393,118.531052
26,78,121393,190.487060
26,79,121393,98.935654
26,80,121393,106.285067
26,81,121393,131.488644
26,82,121393,132.920779
26,83,121393,134.292670
26,84,121393,164.353170
26,85,121393,114.513598
26,86,121393,149.330682
26,87,121393,140.108969
26,88,121393,135.549853
26,89,121393,116.516711
26,90,121393,167.962022
26,91,121393,169.733728
26,92,121393,195.246470
26,93,121393,182.596499
26,94,121393,136.981537
26,95,121393,147.054140
26,96,121393,145.237140
26,97,121393,136.622269
26,98,121393,165.545366
26,99,121393,142.478920
26,100,121393,151.482893
26,101,121393,167.880353
26,102,121393,179.250941
26,103,121393,199.963984
26,104,121393,131.619456
26,105,121393,177.684466
26,106,121393,180.927249
26,107,121393,187.445661
26,108,121393,164.289401
26,109,121393,173.305756
26,110,121393,175.558432
26,111,121393,155.804636
26,112,121393,171.763337
26,113,121393,168.226918
26,114,121393,193.767758
26,115,121393,177.472050
26,116,121393,197.737353
26,117,121393,189.488936
26,118,121393,169.934790
26,119,121393,150.082646
26,120,121393,181.677799
26,121,121393,171.443781
26,122,121393,191.306898
26,123,121393,215.513825
26,124,121393,182.631143
26,125,121393,192.827053
26,126,121393,228.700388
26,127,121393,197.294362
26,128,121393,162.355510
26,129,121393,196.030251
26,130,121393,199.118548
26,131,121393,191.249801
26,132,121393,226.148876
26,133,121393,206.063207
26,134,121393,204.121104
26,135,121393,222.598664
26,136,121393,247.335448
26,137,121393,216.221968
26,138,121393,224.499834
26,139,121393,233.277788
26,140,121393,172.949373
26,141,121393,198.401422
26,142,121393,224.593117
26,143,121393,246.426241
26,144,121393,206.951177
26,145,121393,213.872868
26,146,121393,192.960303
26,147,121393,222.238304
26,148,121393,244.516730
26,149,121393,251.345203
26,150,121393,234.993232
26,151,121393,236.165344
26,152,121393,252.123661
26,153,121393,266.284738
26,154,121393,244.784320
26,155,121393,260.926764
26,156,121393,258.664079
26,157,121393,202.494324
26,158,121393,254.685759
26,159,121393,242.241148
26,160,121393,253.506844
26,161,121393,373.676803
26,162,121393,250.880271
26,163,121393,252.895640
26,164,121393,268.797694
26,165,121393,282.873764
26,166,121393,243.158825
26,167,121393,257.034989
26,168,121393,291.476961
26,169,121393,295.040454
26,170,121393,282.571274
26,171,121393,285.623132
26,172,121393,276.555966
26,173,121393,296.357559
26,174,121393,298.078900
26,175,121393,235.793435
26,176,121393,271.763775
26,177,121393,272.639428
26,178,121393,296.830573
26,179,121393,293.545320
26,180,121393,282.519564
26,181,121393,305.198832
26,182,121393,293.304033
26,183,121393,305.703734
26,184,121393,304.268775
26,185,121393,300.793432
26,186,121393,325.627474
26,187,121393,303.884678
26,188,121393,289.434263
26,189,121393,314.318924
26,190,121393,300.968575
26,191,121393,273.819495
26,192,121393,301.708732
26,193,121393,284.197092
26,194,121393,316.128097
26,195,121393,322.289103
26,196,121393,300.312013
26,197,121393,294.603622
26,198,121393,323.854294
26,199,121393,314.485471
26,200,121393,324.726993
26,201,121393,327.527556
26,202,121393,330.667819
26,203,121393,342.846954
26,204,121393,282.593279
26,205,121393,375.569246
26,206,121393,308.560880
26,207,121393,285.411803
26,208,121393,317.879979
26,209,121393,279.252469
26,210,121393,344.243546
26,211,121393,349.504389
26,212,121393,369.388419
26,213,121393,396.027017
26,214,121393,336.442865
26,215,121393,319.165649
26,216,121393,354.079801
26,217,121393,426.424012
26,218,121393,354.580787
26,219,121393,327.365564
26,220,121393,317.474843
26,221,121393,324.520544
26,222,121393,339.762377
26,223,121393,327.394178
26,224,121393,367.403526
26,225,121393,352.921352
26,226,121393,312.379839
26,227,121393,373.501081
26,228,121393,363.211442
26,229,121393,301.402071
26,230,121393,340.387506
26,231,121393,332.340855
26,232,121393,356.545666
26,233,121393,338.090881
26,234,121393,395.038517
26,235,121393,386.276410
26,236,121393,387.882275
26,237,121393,335.388158
26,238,121393,383.457051
26,239,121393,359.615678
26,240,121393,347.540474
27,1,196418,170.371301
27,2,196418,86.504968
27,3,196418,59.310724
27,4,196418,51.947453
27,5,196418,48.167949
27,6,196418,50.165802
27,7,196418,42.420555
27,8,196418,47.611918
27,9,196418,48.955516
27,10,196418,44.459467
27,11,196418,67.448216
27,12,196418,46.644652
27,13,196418,45.573966
27,14,196418,53.740074
27,15,196418,47.642456
27,16,196418,58.632540
27,17,196418,55.100739
27,18,196418,57.041685
27,19,196418,67.488955
27,20,196418,101.710811
27,21,196418,47.465965
27,22,196418,103.488419
27,23,196418,139.434315
27,24,196418,73.720915
27,25,196418,71.430963
27,26,196418,76.683212
27,27,196418,75.993223
27,28,196418,117.955901
27,29,196418,108.836899
27,30,196418,161.217911
27,31,196418,80.249719
27,32,196418,102.269153
27,33,196418,88.610152
27,34,196418,69.413286
27,35,196418,104.329428
27,36,196418,78.947693
27,37,196418,99.960788
27,38,196418,65.768765
27,39,196418,88.886148
27,40,196418,81.645350
27,41,196418,65.260144
27,42,196418,87.196622
27,43,196418,107.338045
27,44,196418,115.745182
27,45,196418,93.017028
27,46,196418,103.663754
27,47,196418,111.412919
27,48,196418,111.428958
27,49,196418,118.375925
27,50,196418,115.112999
27,51,196418,106.754426
27,52,196418,96.041298
27,53,196418,73.602228
27,54,196418,184.411767
27,55,196418,184.279094
27,56,196418,94.408746
27,57,196418,113.384917
27,58,196418,99.553467
27,59,196418,97.036216
27,60,196418,105.802943
27,61,196418,96.033088
27,62,196418,117.369333
27,63,196418,108.938200
27,64,196418,124.252914
27,65,196418,130.423862
27,66,196418,107.373843
27,67,196418,122.687210
27,68,196418,130.535363
27,69,196418,112.025469
27,70,196418,104.572769
27,71,196418,206.362616
27,72,196418,99.373834
27,73,196418,112.691079
27,74,196418,120.672871
27,75,196418,229.755162
27,76,196418,132.048526
27,77,196418,130.709802
27,78,196418,108.062549
27,79,196418,115.018884
27,80,196418,143.511560
27,81,196418,152.214646
27,82,196418,148.422120
27,83,196418,141.332984
27,84,196418,164.118555
27,85,196418,133.041773
27,86,196418,132.543352
27,87,196418,155.548080
27,88,196418,152.099232
27,89,196418,147.915036
27,90,196418,160.280926
27,91,196418,141.443650
27,92,196418,156.546012
27,93,196418,142.623015
27,94,196418,202.194207
27,95,196418,122.866204
27,96,196418,151.558082
27,97,196418,152.062022
27,98,196418,137.233732
27,99,196418,166.060658
27,100,196418,166.936503
27,101,196418,168.336432
27,102,196418,157.300026
27,103,196418,191.783249
27,104,196418,166.951194
27,105,196418,190.720135
27,106,196418,170.685147
27,107,196418,193.803621
27,108,196418,191.413331
27,109,196418,168.124013
27,110,196418,169.908551
27,111,196418,178.891801
27,112,196418,167.766091
27,113,196418,194.230959
27,114,196418,190.382168
27,115,196418,194.397119
27,116,196418,174.872422
27,117,196418,174.556008
27,118,196418,184.171507
27,119,196418,206.488041
27,120,196418,166.741793
27,121,196418,193.233475
27,122,196418,200.676360
27,123,196418,188.273454
27,124,196418,197.283586
27,125,196418,191.127712
27,126,196418,203.714104
27,127,196418,203.338670
27,128,196418,292.518198
27,129,196418,209.971662
27,130,196418,221.965133
27,131,196418,188.146618
27,132,196418,195.106033
27,133,196418,193.623664
27,134,196418,207.972655
27,135,196418,217.840344
27,136,196418,198.455506
27,137,196418,218.168626
27,138,196418,232.896451
27,139,196418,201.150597
27,140,196418,213.870173
27,141,196418,212.075309
27,142,196418,235.178768
27,143,196418,234.154918
27,144,196418,217.684384
27,145,196418,233.429515
27,146,196418,227.058530
27,147,196418,216.611455
27,148,196418,254.618458
27,149,196418,252.011774
27,150,196418,241.433629
27,151,196418,238.028150
27,152,196418,206.301221
27,153,196418,250.856920
27,154,196418,250.997996
27,155,196418,257.819669
27,156,196418,212.490838
27,157,196418,242.823292
27,158,196418,275.206143
27,159,196418,238.204640
27,160,196418,278.572680
27,161,196418,352.247083
27,162,196418,255.054716
27,163,196418,292.174455
27,164,196418,260.636655
27,165,196418,397.181938
27,166,196418,267.837676
27,167,196418,403.467467
27,168,196418,261.054562
27,169,196418,285.388452
27,170,196418,308.999763
27,171,196418,276.196826
27,172,196418,282.180249
27,173,196418,267.845118
27,174,196418,310.852370
27,175,196418,287.454375
27,176,196418,307.615232
27,177,196418,287.856818
27,178,196418,294.242237
27,179,196418,313.311562
27,180,196418,277.357518
27,181,196418,308.220280
27,182,196418,321.697143
27,183,196418,324.682214
27,184,196418,284.325850
27,185,196418,310.258680
27,186,196418,305.873487
27,187,196418,299.999318
27,188,196418,296.754422
27,189,196418,316.154336
27,190,196418,317.273459
27,191,196418,292.568174
27,192,196418,285.406545
27,193,196418,319.050299
27,194,196418,318.348055
27,195,196418,314.480339
27,196,196418,308.540350
27,197,196418,317.068675
27,198,196418,295.387854
27,199,196418,355.041037
27,200,196418,307.717562
27,201,196418,292.481631
27,202,196418,316.478961
27,203,196418,328.337193
27,204,196418,356.952987
27,205,196418,325.222914
27,206,196418,332.169303
27,207,196418,358.240321
27,208,196418,345.380951
27,209,196418,324.399227
27,210,196418,328.585346
27,211,196418,364.805566
27,212,196418,330.832247
27,213,196418,393.347453
27,214,196418,325.500511
27,215,196418,320.016408
27,216,196418,358.219472
27,217,196418,318.095925
27,218,196418,357.760440
27,219,196418,360.343389
27,220,196418,381.724286
27,221,196418,361.466105
27,222,196418,352.380398
27,223,196418,327.971125
27,224,196418,342.409800
27,225,196418,335.631111
27,226,196418,381.363478
27,227,196418,384.272396
27,228,196418,346.624276
27,229,196418,386.173055
27,230,196418,358.024825
27,231,196418,366.520047
27,232,196418,412.173182
27,233,196418,385.600470
27,234,196418,364.469459
27,235,196418,427.014816
27,236,196418,382.765779
27,237,196418,373.691238
27,238,196418,392.747218
27,239,196418,426.027405
27,240,196418,413.586582
28,1,317811,271.803294
28,2,317811,137.645413
28,3,317811,93.648700
28,4,317811,77.349398
28,5,317811,72.614689
28,6,317811,70.955062
28,7,317811,59.081177
28,8,317811,63.755387
28,9,317811,66.386256
28,10,317811,61.541587
28,11,317811,63.054941
28,12,317811,82.067361
28,13,317811,64.871621
28,14,317811,50.715226
28,15,317811,63.800104
28,16,317811,77.997236
28,17,317811,55.597619
28,18,317811,65.135236
28,19,317811,88.900839
28,20,317811,104.470633
28,21,317811,66.982838
28,22,317811,60.705711
28,23,317811,91.289718
28,24,317811,76.126345
28,25,317811,101.446365
28,26,317811,59.357299
28,27,317811,59.277813
28,28,317811,79.390298
28,29,317811,90.511966
28,30,317811,99.293062
28,31,317811,153.171584
28,32,317811,84.310415
28,33,317811,151.945580
28,34,317811,100.411669
28,35,317811,109.866009
28,36,317811,68.727918
28,37,317811,68.983448
28,38,317811,105.124565
28,39,317811,88.245559
28,40,317811,92.130790
28,41,317811,111.872270
28,42,317811,87.467038
28,43,317811,77.446336
28,44,317811,97.982568
28,45,317811,101.318888
28,46,317811,87.663032
28,47,317811,94.718870
28,48,317811,82.720909
28,49,317811,93.385664
28,50,317811,99.626989
28,51,317811,109.018137
28,52,317811,126.005118
28,53,317811,146.314754
28,54,317811,102.187803
28,55,317811,168.687616
28,56,317811,96.604901
28,57,317811,112.327833
28,58,317811,98.018878
28,59,317811,105.521237
28,60,317811,95.105854
28,61,317811,99.475007
28,62,317811,115.346072
28,63,317811,107.578113
28,64,317811,104.890335
28,65,317811,108.687161
28,66,317811,110.500250
28,67,317811,120.284986
28,68,317811,122.439250
28,69,317811,156.679070
28,70,317811,126.716918
28,71,317811,121.750866
28,72,317811,140.943820
28,73,317811,146.153018
28,74,317811,143.891232
28,75,317811,121.278747
28,76,317811,129.120679
28,77,317811,120.333615
28,78,317811,159.213194
28,79,317811,133.235268
28,80,317811,148.304330
28,81,317811,138.206897
28,82,317811,132.857777
28,83,317811,135.762400
28,84,317811,148.537277
28,85,317811,141.910510
28,86,317811,149.710930
28,87,317811,137.264976
28,88,317811,182.263855
28,89,317811,145.554707
28,90,317811,163.959451
28,91,317811,142.719632
28,92,317811,145.587298
28,93,317811,162.758917
28,94,317811,151.656561
28,95,317811,144.998612
28,96,317811,147.751505
28,97,317811,178.574426
28,98,317811,176.388534
28,99,317811,191.815904
28,100,317811,154.078349
28,101,317811,166.677253
28,102,317811,168.871420
28,103,317811,176.257721
28,104,317811,163.306802
28,105,317811,181.227624
28,106,317811,177.838246
28,107,317811,183.272695
28,108,317811,174.504299
28,109,317811,182.315757
28,110,317811,184.339530
28,111,317811,189.543405
28,112,317811,191.615998
28,113,317811,253.736648
28,114,317811,196.551319
28,115,317811,230.797619
28,116,317811,193.048258
28,117,317811,268.689014
28,118,317811,277.378625
28,119,317811,189.610188
28,120,317811,212.238325
28,121,317811,180.063208
28,122,317811,220.371777
28,123,317811,193.454361
28,124,317811,206.635918
28,125,317811,191.273538
28,126,317811,209.963964
28,127,317811,219.982741
28,128,317811,208.997402
28,129,317811,329.002673
28,130,317811,195.108919
28,131,317811,207.676450
28,132,317811,212.840355
28,133,317811,221.923174
28,134,317811,253.957214
28,135,317811,228.866292
28,136,317811,228.759923
28,137,317811,201.295393
28,138,317811,254.669398
28,139,317811,239.744170
28,140,317811,223.460909
28,141,317811,239.545224
28,142,317811,217.400755
28,143,317811,219.130438
28,144,317811,218.410877
28,145,317811,269.770220
28,146,317811,249.884520
28,147,317811,254.687875
28,148,317811,240.667491
28,149,317811,281.563203
28,150,317811,247.920093
28,151,317811,232.542507
28,152,317811,258.761594
28,153,317811,244.496715
28,154,317811,243.685474
28,155,317811,279.478485
28,156,317811,244.661465
28,157,317811,299.828541
28,158,317811,266.450195
28,159,317811,259.485648
28,160,317811,348.951053
28,161,317811,248.948049
28,162,317811,258.514148
28,163,317811,284.815547
28,164,317811,261.456684
28,165,317811,310.395328
28,166,317811,253.723881
28,167,317811,265.188136
28,168,317811,295.781317
28,169,317811,290.000430
28,170,317811,307.864734
28,171,317811,279.519546
28,172,317811,268.144658
28,173,317811,279.569523
28,174,317811,291.899551
28,175,317811,320.922279
28,176,317811,256.440207
28,177,317811,297.332842
28,178,317811,294.585852
28,179,317811,299.206364
28,180,317811,303.144843
28,181,317811,312.307088
28,182,317811,298.678048
28,183,317811,309.134296
28,184,317811,293.265090
28,185,317811,314.358958
28,186,317811,295.194169
28,187,317811,345.363821
28,188,317811,334.166194
28,189,317811,320.959745
28,190,317811,308.778107
28,191,317811,292.548672
28,192,317811,385.770224
28,193,317811,317.134499
28,194,317811,324.984899
28,195,317811,299.976800
28,196,317811,354.469993
28,197,317811,308.104480
28,198,317811,354.704288
28,199,317811,346.433735
28,200,317811,341.464027
28,201,317811,328.365742
28,202,317811,330.696432
28,203,317811,319.131260
28,204,317811,346.160563
28,205,317811,325.484088
28,206,317811,341.856656
28,207,317811,322.893187
28,208,317811,414.127794
28,209,317811,341.868974
28,210,317811,359.315368
28,211,317811,335.349086
28,212,317811,334.957612
28,213,317811,338.099543
28,214,317811,353.126392
28,215,317811,340.987227
28,216,317811,368.185640
28,217,317811,347.988405
28,218,317811,348.068406
28,219,317811,385.420835
28,220,317811,351.675268
28,221,317811,346.093456
28,222,317811,353.967657
28,223,317811,425.327987
28,224,317811,367.621716
28,225,317811,347.121541
28,226,317811,339.364487
28,227,317811,361.594220
28,228,317811,363.964237
28,229,317811,382.584092
28,230,317811,393.747073
28,231,317811,365.955995
28,232,317811,404.100485
28,233,317811,389.106161
28,234,317811,376.446570
28,235,317811,387.655742
28,236,317811,423.649048
28,237,317811,350.951471
28,238,317811,386.075924
28,239,317811,396.130885
28,240,317811,383.262405
29,1,514229,437.887049
29,2,514229,220.554745
29,3,514229,148.942674
29,4,514229,119.715356
29,5,514229,112.042922
29,6,514229,97.252996
29,7,514229,86.559693
29,8,514229,82.966687
29,9,514229,78.397883
29,10,514229,81.686858
29,11,514229,78.196948
29,12,514229,95.564178
29,13,514229,82.601902
29,14,514229,73.276256
29,15,514229,80.124360
29,16,514229,63.861114
29,17,514229,75.648775
29,18,514229,83.046689
29,19,514229,78.546916
29,20,514229,69.169947
29,21,514229,66.689325
29,22,514229,100.483974
29,23,514229,122.516429
29,24,514229,73.182011
29,25,514229,74.092887
29,26,514229,76.651709
29,27,514229,66.025707
29,28,514229,83.214197
29,29,514229,71.022615
29,30,514229,78.604655
29,31,514229,111.117485
29,32,514229,74.488402
29,33,514229,85.981462
29,34,514229,97.472534
29,35,514229,89.361794
29,36,514229,107.541351
29,37,514229,78.276694
29,38,514229,89.555991
29,39,514229,91.283174
29,40,514229,103.621734
29,41,514229,93.427492
29,42,514229,87.012947
29,43,514229,81.138011
29,44,514229,87.634867
29,45,514229,123.072718
29,46,514229,97.202825
29,47,514229,83.197196
29,48,514229,95.013727
29,49,514229,91.711473
29,50,514229,100.671756
29,51,514229,100.488209
29,52,514229,97.579031
29,53,514229,105.277063
29,54,514229,99.447099
29,55,514229,121.058185
29,56,514229,112.927362
29,57,514229,113.262574
29,58,514229,109.371054
29,59,514229,126.378052
29,60,514229,112.486809
29,61,514229,104.979641
29,62,514229,138.404883
29,63,514229,127.210078
29,64,514229,112.735474
29,65,514229,153.499994
29,66,514229,120.879512
29,67,514229,122.365855
29,68,514229,121.829522
29,69,514229,128.028695
29,70,514229,139.392294
29,71,514229,122.256536
29,72,514229,123.184220
29,73,514229,140.739804
29,74,514229,136.498127
29,75,514229,145.667492
29,76,514229,262.767117
29,77,514229,135.295221
29,78,514229,148.377401
29,79,514229,145.963441
29,80,514229,139.619338
29,81,514229,136.421719
29,82,514229,158.307967
29,83,514229,151.779097
29,84,514229,119.524235
29,85,514229,155.906705
29,86,514229,136.495178
29,87,514229,155.900162
29,88,514229,154.045247
29,89,514229,145.638751
29,90,514229,165.526631
29,91,514229,153.853553
29,92,514229,169.147094
29,93,514229,164.408729
29,94,514229,145.857200
29,95,514229,154.004766
29,96,514229,178.712872
29,97,514229,164.151916
29,98,514229,183.510902
29,99,514229,177.199326
29,100,514229,193.911402
29,101,514229,231.334465
29,102,514229,160.573219
29,103,514229,163.764676
29,104,514229,190.294723
29,105,514229,274.387011
29,106,514229,193.199216
29,107,514229,174.243573
29,108,514229,182.051824
29,109,514229,181.026624
29,110,514229,165.305744
29,111,514229,187.412556
29,112,514229,291.672633
29,113,514229,231.646388
29,114,514229,198.043501
29,115,514229,194.795265
29,116,514229,202.296148
29,117,514229,205.754748
29,118,514229,194.870520
29,119,514229,196.573643
29,120,514229,190.070244
29,121,514229,209.416592
29,122,514229,223.294361
29,123,514229,214.830125
29,124,514229,189.487908
29,125,514229,209.653900
29,126,514229,203.104632
29,127,514229,199.288239
29,128,514229,201.632399
29,129,514229,226.006003
29,130,514229,227.534306
29,131,514229,232.608972
29,132,514229,247.865689
29,133,514229,266.898253
29,134,514229,215.962336
29,135,514229,323.248350
29,136,514229,277.035652
29,137,514229,325.772529
29,138,514229,237.019695
29,139,514229,230.518863
29,140,514229,237.301145
29,141,514229,231.133917
29,142,514229,221.874353
29,143,514229,276.468010
29,144,514229,267.267339
29,145,514229,240.756089
29,146,514229,311.595158
29,147,514229,256.471836
29,148,514229,221.473190
29,149,514229,258.681079
29,150,514229,265.186276
29,151,514229,238.502641
29,152,514229,298.458957
29,153,514229,244.529947
29,154,514229,317.268581
29,155,514229,283.485804
29,156,514229,245.100156
29,157,514229,276.039196
29,158,514229,272.299277
29,159,514229,271.821194
29,160,514229,256.289186
29,161,514229,257.140717
29,162,514229,262.150393
29,163,514229,255.438042
29,164,514229,300.481124
29,165,514229,346.529262
29,166,514229,320.759902
29,167,514229,266.107350
29,168,514229,284.142433
29,169,514229,288.213263
29,170,514229,277.973730
29,171,514229,285.431307
29,172,514229,294.205795
29,173,514229,288.489709
29,174,514229,285.072616
29,175,514229,283.681349
29,176,514229,308.430774
29,177,514229,305.158798
29,178,514229,294.475825
29,179,514229,305.266322
29,180,514229,291.787344
29,181,514229,488.010957
29,182,514229,304.779129
29,183,514229,316.948384
29,184,514229,327.149681
29,185,514229,345.120930
29,186,514229,351.330628
29,187,514229,332.647258
29,188,514229,297.124339
29,189,514229,335.166693
29,190,514229,406.522853
29,191,514229,326.592240
29,192,514229,308.303423
29,193,514229,348.980434
29,194,514229,320.636146
29,195,514229,298.889564
29,196,514229,354.029375
29,197,514229,406.228123
29,198,514229,332.289596
29,199,514229,365.091761
29,200,514229,353.672352
29,201,514229,340.016303
29,202,514229,333.434378
29,203,514229,391.728309
29,204,514229,392.287099
29,205,514229,341.100203
29,206,514229,334.495181
29,207,514229,397.118746
29,208,514229,340.204085
29,209,514229,323.612430
29,210,514229,342.057590
29,211,514229,403.845405
29,212,514229,373.627081
29,213,514229,387.582543
29,214,514229,371.214018
29,215,514229,362.875205
29,216,514229,423.718592
29,217,514229,474.807715
29,218,514229,406.504181
29,219,514229,384.835422
29,220,514229,361.182922
29,221,514229,377.880436
29,222,514229,406.482113
29,223,514229,381.628118
29,224,514229,368.114365
29,225,514229,400.921859
29,226,514229,391.737096
29,227,514229,383.305258
29,228,514229,405.324242
29,229,514229,366.472187
29,230,514229,374.791753
29,231,514229,425.466241
29,232,514229,391.326376
29,233,514229,356.572545
29,234,514229,419.053108
29,235,514229,376.017629
29,236,514229,372.540231
29,237,514229,423.749451
29,238,514229,452.629242
29,239,514229,422.866807
29,240,514229,413.455898
30,1,832040,704.816480
30,2,832040,354.832277
30,3,832040,238.905856
30,4,832040,185.952258
30,5,832040,163.952457
30,6,832040,140.223807
30,7,832040,125.532678
30,8,832040,123.267235
30,9,832040,112.546345
30,10,832040,107.578050
30,11,832040,100.944479
30,12,832040,104.543320
30,13,832040,93.577358
30,14,832040,99.810858
30,15,832040,92.896224
30,16,832040,96.615551
30,17,832040,79.870434
30,18,832040,109.314084
30,19,832040,93.547014
30,20,832040,85.087333
30,21,832040,85.874838
30,22,832040,87.185076
30,23,832040,132.644207
30,24,832040,107.731445
30,25,832040,83.945822
30,26,832040,96.689007
30,27,832040,89.769755
30,28,832040,166.166835
30,29,832040,151.332065
30,30,832040,80.142324
30,31,832040,95.183096
30,32,832040,111.712139
30,33,832040,104.249555
30,34,832040,91.930819
30,35,832040,81.772248
30,36,832040,85.581648
30,37,832040,104.007626
30,38,832040,83.011146
30,39,832040,92.483964
30,40,832040,101.683865
30,41,832040,94.442682
30,42,832040,108.387493
30,43,832040,104.833944
30,44,832040,96.861522
30,45,832040,96.752714
30,46,832040,114.213866
30,47,832040,102.734340
30,48,832040,146.512029
30,49,832040,114.904239
30,50,832040,114.995914
30,51,832040,129.000453
30,52,832040,114.644086
30,53,832040,112.013859
30,54,832040,113.823225
30,55,832040,105.775612
30,56,832040,136.037754
30,57,832040,136.091129
30,58,832040,108.954047
30,59,832040,130.025458
30,60,832040,110.571972
30,61,832040,127.129500
30,62,832040,128.263698
30,63,832040,129.995947
30,64,832040,128.534174
30,65,832040,133.506193
30,66,832040,122.818085
30,67,832040,127.969994
30,68,832040,231.023508
30,69,832040,119.909424
30,70,832040,132.812357
30,71,832040,120.443387
30,72,832040,135.510269
30,73,832040,133.032088
30,74,832040,130.372153
30,75,832040,131.464715
30,76,832040,149.122820
30,77,832040,142.344069
30,78,832040,153.884668
30,79,832040,160.407697
30,80,832040,149.514617
30,81,832040,165.350589
30,82,832040,150.007327
30,83,832040,151.681646
30,84,832040,151.741503
30,85,832040,155.154103
30,86,832040,161.813143
30,87,832040,149.675003
30,88,832040,159.806758
30,89,832040,154.392326
30,90,832040,157.253128
30,91,832040,153.761234
30,92,832040,151.871995
30,93,832040,161.424044
30,94,832040,175.822366
30,95,832040,231.574344
30,96,832040,162.064825
30,97,832040,196.865422
30,98,832040,212.439000
30,99,832040,201.213341
30,100,832040,264.509569
30,101,832040,180.718039
30,102,832040,174.689002
30,103,832040,189.603966
30,104,832040,192.996806
30,105,832040,183.866577
30,106,832040,207.042277
30,107,832040,182.944925
30,108,832040,198.434976
30,109,832040,192.868753
30,110,832040,182.684007
30,111,832040,197.678268
30,112,832040,194.218832
30,113,832040,187.773750
30,114,832040,197.787138
30,115,832040,186.263155
30,116,832040,214.076302
30,117,832040,201.379694
30,118,832040,218.423193
30,119,832040,189.761788
30,120,832040,227.882475
30,121,832040,203.728861
30,122,832040,205.766169
30,123,832040,213.508850
30,124,832040,232.546162
30,125,832040,212.459145
30,126,832040,203.257576
30,127,832040,239.013829
30,128,832040,210.793873
30,129,832040,229.277784
30,130,832040,215.426640
30,131,832040,215.543660
30,132,832040,223.626493
30,133,832040,249.656129
30,134,832040,232.346383
30,135,832040,239.670841
30,136,832040,220.846202
30,137,832040,248.098828
30,138,832040,224.176172
30,139,832040,247.798710
30,140,832040,261.780155
30,141,832040,265.368028
30,142,832040,242.654693
30,143,832040,261.263707
30,144,832040,236.976585
30,145,832040,317.433655
30,146,832040,243.331016
30,147,832040,287.363851
30,148,832040,259.095457
30,149,832040,256.689129
30,150,832040,269.085364
30,151,832040,301.779751
30,152,832040,244.367825
30,153,832040,266.124415
30,154,832040,302.898615
30,155,832040,254.979589
30,156,832040,267.039395
30,157,832040,276.263034
30,158,832040,295.052965
30,159,832040,261.342425
30,160,832040,284.434657
30,161,832040,290.169608
30,162,832040,287.300207
30,163,832040,317.339602
30,164,832040,261.220401
30,165,832040,314.307954
30,166,832040,280.687296
30,167,832040,296.281917
30,168,832040,288.175026
30,169,832040,315.647834
30,170,832040,338.313050
30,171,832040,291.942468
30,172,832040,365.178499
30,173,832040,325.091525
30,174,832040,304.462845
30,175,832040,335.243808
30,176,832040,336.627568
30,177,832040,314.741645
30,178,832040,304.971659
30,179,832040,432.666108
30,180,832040,356.051606
30,181,832040,363.212598
30,182,832040,363.137407
30,183,832040,315.340914
30,184,832040,362.007957
30,185,832040,308.277889
30,186,832040,327.818820
30,187,832040,352.030560
30,188,832040,338.467728
30,189,832040,330.749937
30,190,832040,373.670706
30,191,832040,357.682044
30,192,832040,324.293177
30,193,832040,352.991859
30,194,832040,344.359281
30,195,832040,344.617698
30,196,832040,353.573939
30,197,832040,428.422378
30,198,832040,359.341608
30,199,832040,334.941638
30,200,832040,362.823816
30,201,832040,351.594818
30,202,832040,349.754466
30,203,832040,383.016497
30,204,832040,404.888885
30,205,832040,437.618046
30,206,832040,411.452207
30,207,832040,396.389238
30,208,832040,344.152126
30,209,832040,395.015806
30,210,832040,368.179034
30,211,832040,366.101050
30,212,832040,402.344753
30,213,832040,381.840599
30,214,832040,366.347983
30,215,832040,342.741675
30,216,832040,374.637652
30,217,832040,356.448278
30,218,832040,427.289143
30,219,832040,446.521486
30,220,832040,451.775018
30,221,832040,452.911716
30,222,832040,378.945344
30,223,832040,424.222787
30,224,832040,370.021629
30,225,832040,367.381649
30,226,832040,431.602224
30,227,832040,455.731332
30,228,832040,462.655461
30,229,832040,429.551315
30,230,832040,405.600558
30,231,832040,391.177471
30,232,832040,371.330074
30,233,832040,490.989935
30,234,832040,453.514390
30,235,832040,412.975505
30,236,832040,448.909659
30,237,832040,465.526977
30,238,832040,435.368833
30,239,832040,377.767906
30,240,832040,431.523763
31,1,1346269,1139.075879
31,2,1346269,572.676919
31,3,1346269,383.716428
31,4,1346269,297.872386
31,5,1346269,245.989537
31,6,1346269,219.764869
31,7,1346269,184.776617
31,8,1346269,181.731047
31,9,1346269,158.235728
31,10,1346269,153.166452
31,11,1346269,145.238488
31,12,1346269,135.881919
31,13,1346269,133.003090
31,14,1346269,126.716148
31,15,1346269,123.478948
31,16,1346269,123.621500
31,17,1346269,119.866632
31,18,1346269,128.671593
31,19,1346269,111.966834
31,20,1346269,113.951279
31,21,1346269,104.900088
31,22,1346269,104.346749
31,23,1346269,157.040775
31,24,1346269,133.785461
31,25,1346269,126.182571
31,26,1346269,110.901986
31,27,1346269,109.791205
31,28,1346269,102.889854
31,29,1346269,107.807787
31,30,1346269,117.418923
31,31,1346269,119.147070
31,32,1346269,105.682780
31,33,1346269,145.861112
31,34,1346269,113.968149
31,35,1346269,105.779525
31,36,1346269,109.303114
31,37,1346269,109.413910
31,38,1346269,115.344340
31,39,1346269,125.480137
31,40,1346269,106.225660
31,41,1346269,114.605660
31,42,1346269,121.469931
31,43,1346269,146.299418
31,44,1346269,112.501502
31,45,1346269,120.965031
31,46,1346269,147.544413
31,47,1346269,117.855818
31,48,1346269,132.193901
31,49,1346269,119.847514
31,50,1346269,146.255282
31,51,1346269,145.011506
31,52,1346269,115.589285
31,53,1346269,134.954172
31,54,1346269,149.686808
31,55,1346269,154.601792
31,56,1346269,123.561516
31,57,1346269,122.230361
31,58,1346269,129.813811
31,59,1346269,135.458626
31,60,1346269,125.607677
31,61,1346269,134.160640
31,62,1346269,132.399134
31,63,1346269,129.674918
31,64,1346269,134.840746
31,65,1346269,139.220805
31,66,1346269,146.115103
31,67,1346269,144.905524
31,68,1346269,149.831862
31,69,1346269,146.804578
31,70,1346269,150.472516
31,71,1346269,141.958174
31,72,1346269,137.327720
31,73,1346269,146.328741
31,74,1346269,152.558581
31,75,1346269,157.646336
31,76,1346269,182.722116
31,77,1346269,157.628756
31,78,1346269,153.100757
31,79,1346269,164.628204
31,80,1346269,158.748775
31,81,1346269,174.294128
31,82,1346269,167.734657
31,83,1346269,148.383947
31,84,1346269,155.176109
31,85,1346269,165.123481
31,86,1346269,152.882565
31,87,1346269,203.672338
31,88,1346269,157.399723
31,89,1346269,170.716135
31,90,1346269,177.696142
31,91,1346269,162.425952
31,92,1346269,163.178556
31,93,1346269,163.380196
31,94,1346269,179.201541
31,95,1346269,180.143723
31,96,1346269,170.879025
31,97,1346269,184.446605
31,98,1346269,188.223990
31,99,1346269,185.672606
31,100,1346269,195.624343
31,101,1346269,195.283806
31,102,1346269,192.013565
31,103,1346269,180.469887
31,104,1346269,194.454218
31,105,1346269,184.813057
31,106,1346269,182.478711
31,107,1346269,177.864293
31,108,1346269,182.310111
31,109,1346269,181.979329
31,110,1346269,183.692140
31,111,1346269,192.789457
31,112,1346269,188.607061
31,113,1346269,207.573030
31,114,1346269,184.648051
31,115,1346269,205.255301
31,116,1346269,213.453292
31,117,1346269,193.571124
31,118,1346269,197.540717
31,119,1346269,247.140930
31,120,1346269,292.309886
31,121,1346269,201.313229
31,122,1346269,207.190088
31,123,1346269,207.402123
31,124,1346269,231.817811
31,125,1346269,228.921336
31,126,1346269,217.800440
31,127,1346269,323.321101
31,128,1346269,208.791464
31,129,1346269,237.604661
31,130,1346269,232.189335
31,131,1346269,266.141160
31,132,1346269,238.565512
31,133,1346269,233.013790
31,134,1346269,239.427564
31,135,1346269,277.709025
31,136,1346269,235.571332
31,137,1346269,237.745869
31,138,1346269,227.139303
31,139,1346269,264.236268
31,140,1346269,252.292453
31,141,1346269,258.863279
31,142,1346269,237.081542
31,143,1346269,233.160514
31,144,1346269,264.040595
31,145,1346269,251.512263
31,146,1346269,228.056721
31,147,1346269,242.721992
31,148,1346269,247.660137
31,149,1346269,253.895625
31,150,1346269,280.472120
31,151,1346269,280.419514
31,152,1346269,355.587445
31,153,1346269,253.650232
31,154,1346269,271.890353
31,155,1346269,256.872805
31,156,1346269,276.946478
31,157,1346269,260.972058
31,158,1346269,277.277646
31,159,1346269,262.596849
31,160,1346269,285.885717
31,161,1346269,414.688830
31,162,1346269,289.342266
31,163,1346269,302.980544
31,164,1346269,361.707904
31,165,1346269,340.504843
31,166,1346269,296.585308
31,167,1346269,318.343503
31,168,1346269,301.694426
31,169,1346269,280.983244
31,170,1346269,311.417254
31,171,1346269,316.687467
31,172,1346269,304.968515
31,173,1346269,285.200029
31,174,1346269,319.780254
31,175,1346269,321.861828
31,176,1346269,348.641248
31,177,1346269,327.256244
31,178,1346269,362.737721
31,179,1346269,341.877122
31,180,1346269,340.573683
31,181,1346269,370.680056
31,182,1346269,366.047544
31,183,1346269,398.536380
31,184,1346269,385.449321
31,185,1346269,427.415143
31,186,1346269,327.199020
31,187,1346269,317.643891
31,188,1346269,323.835881
31,189,1346269,337.971682
31,190,1346269,368.022558
31,191,1346269,383.914090
31,192,1346269,372.471457
31,193,1346269,326.547331
31,194,1346269,376.320502
31,195,1346269,348.955606
31,196,1346269,358.411936
31,197,1346269,309.085219
31,198,1346269,372.455353
31,199,1346269,386.098763
31,200,1346269,347.211550
31,201,1346269,321.607967
31,202,1346269,379.009180
31,203,1346269,376.565896
31,204,1346269,327.447620
31,205,1346269,471.091596
31,206,1346269,350.152292
31,207,1346269,377.412615
31,208,1346269,359.653979
31,209,1346269,370.937124
31,210,1346269,413.593703
31,211,1346269,391.183311
31,212,1346269,415.040016
31,213,1346269,458.840672
31,214,1346269,371.705896
31,215,1346269,503.778092
31,216,1346269,377.447711
31,217,1346269,401.174115
31,218,1346269,366.956878
31,219,1346269,368.347054
31,220,1346269,406.901816
31,221,1346269,462.167112
31,222,1346269,389.509825
31,223,1346269,433.943436
31,224,1346269,500.923834
31,225,1346269,403.270127
31,226,1346269,422.621027
31,227,1346269,439.969136
31,228,1346269,442.683282
31,229,1346269,429.266530
31,230,1346269,425.454629
31,231,1346269,454.878069
31,232,1346269,467.284699
31,233,1346269,464.638365
31,234,1346269,424.584301
31,235,1346269,443.659464
31,236,1346269,504.166487
31,237,1346269,461.718348
31,238,1346269,482.234179
31,239,1346269,436.301583
31,240,1346269,407.552670
32,1,2178309,1841.863393
32,2,2178309,923.795641
32,3,2178309,617.956608
32,4,2178309,470.318334
32,5,2178309,386.489917
32,6,2178309,325.189746
32,7,2178309,316.088193
32,8,2178309,262.111644
32,9,2178309,246.709295
32,10,2178309,222.751995
32,11,2178309,224.484887
32,12,2178309,197.911214
32,13,2178309,183.426217
32,14,2178309,169.664890
32,15,2178309,166.146690
32,16,2178309,167.131278
32,17,2178309,153.497489
32,18,2178309,173.079415
32,19,2178309,140.540539
32,20,2178309,158.949837
32,21,2178309,156.826563
32,22,2178309,147.668552
32,23,2178309,157.606303
32,24,2178309,134.470443
32,25,2178309,169.447083
32,26,2178309,141.361916
32,27,2178309,129.803418
32,28,2178309,191.870373
32,29,2178309,136.080352
32,30,2178309,131.551838
32,31,2178309,139.441498
32,32,2178309,147.969247
32,33,2178309,143.254364
32,34,2178309,132.675319
32,35,2178309,131.602583
32,36,2178309,133.758515
32,37,2178309,127.548688
32,38,2178309,141.085664
32,39,2178309,141.547132
32,40,2178309,131.800696
32,41,2178309,152.195913
32,42,2178309,132.427809
32,43,2178309,134.902785
32,44,2178309,133.797008
32,45,2178309,139.939342
32,46,2178309,150.611602
32,47,2178309,138.423166
32,48,2178309,137.164187
32,49,2178309,177.863588
32,50,2178309,165.443101
32,51,2178309,138.166611
32,52,2178309,140.099088
32,53,2178309,141.396305
32,54,2178309,135.247940
32,55,2178309,141.595314
32,56,2178309,193.245601
32,57,2178309,147.127790
32,58,2178309,161.267247
32,59,2178309,173.805009
32,60,2178309,173.146458
32,61,2178309,168.092001
32,62,2178309,161.431099
32,63,2178309,147.480130
32,64,2178309,160.377867
32,65,2178309,151.951033
32,66,2178309,156.223055
32,67,2178309,167.017916
32,68,2178309,150.458014
32,69,2178309,155.368252
32,70,2178309,150.385200
32,71,2178309,168.675747
32,72,2178309,149.753592
32,73,2178309,150.281460
32,74,2178309,169.877820
32,75,2178309,166.378803
32,76,2178309,163.025610
32,77,2178309,160.778963
32,78,2178309,171.254203
32,79,2178309,161.769325
32,80,2178309,162.844757
32,81,2178309,182.536965
32,82,2178309,176.492273
32,83,2178309,184.720866
32,84,2178309,189.741000
32,85,2178309,175.206669
32,86,2178309,168.150830
32,87,2178309,172.286074
32,88,2178309,164.686649
32,89,2178309,164.880525
32,90,2178309,190.442472
32,91,2178309,188.537196
32,92,2178309,207.308262
32,93,2178309,172.024193
32,94,2178309,188.581976
32,95,2178309,189.701610
32,96,2178309,181.315901
32,97,2178309,190.980863
32,98,2178309,178.952492
32,99,2178309,181.067428
32,100,2178309,201.563369
32,101,2178309,186.345145
32,102,2178309,192.533028
32,103,2178309,186.601765
32,104,2178309,186.369074
32,105,2178309,191.761820
32,106,2178309,193.003992
32,107,2178309,206.139422
32,108,2178309,209.911996
32,109,2178309,211.243600
32,110,2178309,186.120025
32,111,2178309,200.505837
32,112,2178309,225.504824
32,113,2178309,206.279987
32,114,2178309,224.238981
32,115,2178309,228.039077
32,116,2178309,192.200962
32,117,2178309,196.822950
32,118,2178309,208.929334
32,119,2178309,209.052961
32,120,2178309,213.365721
32,121,2178309,234.978987
32,122,2178309,213.562355
32,123,2178309,306.813678
32,124,2178309,221.205086
32,125,2178309,228.107914
32,126,2178309,227.583896
32,127,2178309,221.254358
32,128,2178309,235.400999
32,129,2178309,249.986078
32,130,2178309,245.576955
32,131,2178309,313.506210
32,132,2178309,218.324845
32,133,2178309,230.388307
32,134,2178309,227.058083
32,135,2178309,343.381622
32,136,2178309,220.702111
32,137,2178309,260.099484
32,138,2178309,217.608488
32,139,2178309,247.690482
32,140,2178309,235.534508
32,141,2178309,226.773876
32,142,2178309,279.298338
32,143,2178309,242.272907
32,144,2178309,279.910120
32,145,2178309,293.878093
32,146,2178309,240.927190
32,147,2178309,252.149066
32,148,2178309,288.666969
32,149,2178309,252.132450
32,150,2178309,262.326435
32,151,2178309,284.046134
32,152,2178309,282.632157
32,153,2178309,254.672863
32,154,2178309,325.694325
32,155,2178309,284.942124
32,156,2178309,262.542959
32,157,2178309,262.962212
32,158,2178309,278.850857
32,159,2178309,278.035959
32,160,2178309,271.410985
32,161,2178309,283.173883
32,162,2178309,261.162597
32,163,2178309,308.328894
32,164,2178309,324.378955
32,165,2178309,342.072089
32,166,2178309,339.538988
32,167,2178309,349.394683
32,168,2178309,303.852602
32,169,2178309,308.972242
32,170,2178309,269.724926
32,171,2178309,337.160183
32,172,2178309,288.222501
32,173,2178309,323.636166
32,174,2178309,348.964011
32,175,2178309,324.973093
32,176,2178309,304.818393
32,177,2178309,313.327987
32,178,2178309,343.914558
32,179,2178309,345.812393
32,180,2178309,317.249337
32,181,2178309,344.671909
32,182,2178309,343.003749
32,183,2178309,369.206669
32,184,2178309,344.736577
32,185,2178309,354.417962
32,186,2178309,338.537271
32,187,2178309,355.622409
32,188,2178309,356.739477
32,189,2178309,345.201380
32,190,2178309,347.229386
32,191,2178309,318.635149
32,192,2178309,325.976670
32,193,2178309,316.195461
32,194,2178309,358.028994
32,195,2178309,408.112613
32,196,2178309,361.847440
32,197,2178309,411.134959
32,198,2178309,385.698050
32,199,2178309,361.377247
32,200,2178309,343.604496
32,201,2178309,356.965816
32,202,2178309,363.905023
32,203,2178309,401.909140
32,204,2178309,396.874827
32,205,2178309,404.898062
32,206,2178309,413.329895
32,207,2178309,394.644347
32,208,2178309,368.412108
32,209,2178309,398.433281
32,210,2178309,356.126283
32,211,2178309,422.880277
32,212,2178309,385.673222
32,213,2178309,382.024724
32,214,2178309,414.783330
32,215,2178309,431.816631
32,216,2178309,407.781382
32,217,2178309,416.867792
32,218,2178309,417.787071
32,219,2178309,497.263273
32,220,2178309,493.478509
32,221,2178309,625.390064
32,222,2178309,432.360216
32,223,2178309,465.615769
32,224,2178309,488.485190
32,225,2178309,499.408940
32,226,2178309,418.903368
32,227,2178309,422.955274
32,228,2178309,471.270011
32,229,2178309,443.271454
32,230,2178309,501.176605
32,231,2178309,597.773805
32,232,2178309,435.814647
32,233,2178309,460.294875
32,234,2178309,492.692800
32,235,2178309,525.877141
32,236,2178309,442.741983
32,237,2178309,507.911477
32,238,2178309,477.748070
32,239,2178309,492.515863
32,240,2178309,465.578559
33,1,3524578,2979.072680
33,2,3524578,1492.450616
33,3,3524578,996.920621
33,4,3524578,754.849483
33,5,3524578,610.612135
33,6,3524578,515.119042
33,7,3524578,451.214814
33,8,3524578,423.722312
33,9,3524578,372.795120
33,10,3524578,340.580996
33,11,3524578,307.126627
33,12,3524578,291.461948
33,13,3524578,272.831378
33,14,3524578,263.302555
33,15,3524578,242.527603
33,16,3524578,232.482393
33,17,3524578,232.383210
33,18,3524578,224.593949
33,19,3524578,230.915984
33,20,3524578,191.888464
33,21,3524578,199.370550
33,22,3524578,197.649654
33,23,3524578,212.517592
33,24,3524578,218.122115
33,25,3524578,177.988369
33,26,3524578,192.022676
33,27,3524578,195.168007
33,28,3524578,187.117572
33,29,3524578,189.152507
33,30,3524578,158.043776
33,31,3524578,189.700904
33,32,3524578,204.050725
33,33,3524578,172.467888
33,34,3524578,173.417832
33,35,3524578,183.734931
33,36,3524578,160.456520
33,37,3524578,169.093655
33,38,3524578,183.407098
33,39,3524578,178.296249
33,40,3524578,175.637726
33,41,3524578,170.153110
33,42,3524578,156.860885
33,43,3524578,166.040000
33,44,3524578,175.828523
33,45,3524578,174.862093
33,46,3524578,159.615253
33,47,3524578,166.939069
33,48,3524578,159.804127
33,49,3524578,166.490752
33,50,3524578,176.663631
33,51,3524578,178.972059
33,52,3524578,160.992280
33,53,3524578,170.635686
33,54,3524578,190.409432
33,55,3524578,161.624657
33,56,3524578,174.925476
33,57,3524578,189.008158
33,58,3524578,185.950205
33,59,3524578,211.177905
33,60,3524578,167.247336
33,61,3524578,188.139819
33,62,3524578,190.985866
33,63,3524578,164.280098
33,64,3524578,181.080065
33,65,3524578,179.988531
33,66,3524578,163.282935
33,67,3524578,185.114330
33,68,3524578,180.420425
33,69,3524578,176.434982
33,70,3524578,160.148960
33,71,3524578,189.802206
33,72,3524578,180.424337
33,73,3524578,178.937927
33,74,3524578,185.452171
33,75,3524578,172.751584
33,76,3524578,178.123479
33,77,3524578,173.549094
33,78,3524578,179.143674
33,79,3524578,182.055223
33,80,3524578,196.262814
33,81,3524578,186.129199
33,82,3524578,199.258663
33,83,3524578,192.535981
33,84,3524578,200.910591
33,85,3524578,192.770467
33,86,3524578,197.557654
33,87,3524578,202.397000
33,88,3524578,189.070067
33,89,3524578,197.172020
33,90,3524578,185.903116
33,91,3524578,191.116999
33,92,3524578,196.651144
33,93,3524578,191.388631
33,94,3524578,210.215452
33,95,3524578,205.119486
33,96,3524578,205.585060
33,97,3524578,187.120523
33,98,3524578,209.572937
33,99,3524578,202.708665
33,100,3524578,199.726674
33,101,3524578,213.336531
33,102,3524578,220.701149
33,103,3524578,196.896022
33,104,3524578,216.121952
33,105,3524578,226.075546
33,106,3524578,211.775125
33,107,3524578,207.949428
33,108,3524578,209.013697
33,109,3524578,205.938873
33,110,3524578,212.972388
33,111,3524578,225.860885
33,112,3524578,217.298813
33,113,3524578,233.306724
33,114,3524578,215.121004
33,115,3524578,216.671696
33,116,3524578,227.874648
33,117,3524578,232.246109
33,118,3524578,237.336623
33,119,3524578,220.906892
33,120,3524578,231.084454
33,121,3524578,237.325138
33,122,3524578,226.250562
33,123,3524578,231.350956
33,124,3524578,241.574259
33,125,3524578,235.543168
33,126,3524578,255.654948
33,127,3524578,227.996028
33,128,3524578,253.215067
33,129,3524578,243.536505
33,130,3524578,234.188339
33,131,3524578,269.686882
33,132,3524578,250.933457
33,133,3524578,249.273573
33,134,3524578,256.746996
33,135,3524578,245.522875
33,136,3524578,279.119538
33,137,3524578,261.499733
33,138,3524578,242.332954
33,139,3524578,244.573700
33,140,3524578,269.223298
33,141,3524578,248.768350
33,142,3524578,269.271863
33,143,3524578,276.221076
33,144,3524578,297.986839
33,145,3524578,325.064193
33,146,3524578,261.691365
33,147,3524578,284.492077
33,148,3524578,282.544071
33,149,3524578,265.917836
33,150,3524578,267.108039
33,151,3524578,283.524233
33,152,3524578,286.459457
33,153,3524578,315.591697
33,154,3524578,278.824296
33,155,3524578,339.359291
33,156,3524578,326.537643
33,157,3524578,320.408267
33,158,3524578,371.718981
33,159,3524578,287.459441
33,160,3524578,305.559575
33,161,3524578,292.163804
33,162,3524578,283.139046
33,163,3524578,302.055748
33,164,3524578,311.156722
33,165,3524578,311.902587
33,166,3524578,316.237032
33,167,3524578,295.243569
33,168,3524578,322.092338
33,169,3524578,324.375039
33,170,3524578,331.617828
33,171,3524578,292.719837
33,172,3524578,341.889247
33,173,3524578,334.486713
33,174,3524578,340.521846
33,175,3524578,346.700108
33,176,3524578,419.524647
33,177,3524578,302.629229
33,178,3524578,368.129890
33,179,3524578,363.030011
33,180,3524578,358.400838
33,181,3524578,347.512311
33,182,3524578,409.480848
33,183,3524578,345.527160
33,184,3524578,417.407465
33,185,3524578,381.232793
33,186,3524578,318.869893
33,187,3524578,373.021971
33,188,3524578,351.909627
33,189,3524578,346.943448
33,190,3524578,378.080150
33,191,3524578,383.907611
33,192,3524578,411.012937
33,193,3524578,375.478980
33,194,3524578,356.063028
33,195,3524578,377.996684
33,196,3524578,388.399815
33,197,3524578,331.844615
33,198,3524578,391.954518
33,199,3524578,388.524978
33,200,3524578,385.266544
33,201,3524578,363.597270
33,202,3524578,344.159950
33,203,3524578,367.072038
33,204,3524578,408.721382
33,205,3524578,383.139033
33,206,3524578,405.807330
33,207,3524578,363.518232
33,208,3524578,352.998402
33,209,3524578,480.789597
33,210,3524578,615.262607
33,211,3524578,444.619546
33,212,3524578,383.749533
33,213,3524578,379.841720
33,214,3524578,372.155557
33,215,3524578,393.945827
33,216,3524578,427.499828
33,217,3524578,527.560570
33,218,3524578,699.591305
33,219,3524578,403.204624
33,220,3524578,411.625490
33,221,3524578,423.965652
33,222,3524578,406.226712
33,223,3524578,422.874761
33,224,3524578,483.354966
33,225,3524578,396.871043
33,226,3524578,425.434225
33,227,3524578,489.545354
33,228,3524578,477.942652
33,229,3524578,417.099393
33,230,3524578,518.276048
33,231,3524578,544.110847
33,232,3524578,443.737542
33,233,3524578,625.502014
33,234,3524578,443.704694
33,235,3524578,458.594254
33,236,3524578,457.786603
33,237,3524578,439.074108
33,238,3524578,488.124833
33,239,3524578,540.684327
33,240,3524578,475.947623
34,1,5702887,4818.237131
34,2,5702887,2412.321956
34,3,5702887,1610.908981
34,4,5702887,1218.509354
34,5,5702887,991.776668
34,6,5702887,825.890512
34,7,5702887,713.126936
34,8,5702887,636.500052
34,9,5702887,563.870096
34,10,5702887,528.718313
34,11,5702887,489.129309
34,12,5702887,441.386514
34,13,5702887,419.875256
34,14,5702887,392.922747
34,15,5702887,366.677868
34,16,5702887,349.132098
34,17,5702887,334.283983
34,18,5702887,311.534595
34,19,5702887,328.331612
34,20,5702887,311.586945
34,21,5702887,280.123630
34,22,5702887,276.908691
34,23,5702887,264.328009
34,24,5702887,273.001068
34,25,5702887,257.864321
34,26,5702887,245.848140
34,27,5702887,263.489758
34,28,5702887,244.946312
34,29,5702887,229.818289
34,30,5702887,242.842668
34,31,5702887,239.979427
34,32,5702887,230.781449
34,33,5702887,246.547623
34,34,5702887,262.825497
34,35,5702887,250.628206
34,36,5702887,246.326480
34,37,5702887,212.029820
34,38,5702887,225.601441
34,39,5702887,227.466043
34,40,5702887,227.886133
34,41,5702887,208.176152
34,42,5702887,219.524161
34,43,5702887,218.125963
34,44,5702887,223.256958
34,45,5702887,236.841218
34,46,5702887,225.953140
34,47,5702887,205.108707
34,48,5702887,219.073855
34,49,5702887,228.098163
34,50,5702887,215.662537
34,51,5702887,209.591863
34,52,5702887,219.324316
34,53,5702887,215.780520
34,54,5702887,235.791640
34,55,5702887,202.217496
34,56,5702887,196.351733
34,57,5702887,221.706908
34,58,5702887,217.551970
34,59,5702887,221.064652
34,60,5702887,229.719811
34,61,5702887,236.102729
34,62,5702887,203.375302
34,63,5702887,214.368977
34,64,5702887,200.622087
34,65,5702887,201.952277
34,66,5702887,205.835327
34,67,5702887,207.052672
34,68,5702887,209.087989
34,69,5702887,194.980674
34,70,5702887,218.632467
34,71,5702887,229.963536
34,72,5702887,214.340043
34,73,5702887,189.625906
34,74,5702887,212.889241
34,75,5702887,212.452858
34,76,5702887,208.278674
34,77,5702887,205.935022
34,78,5702887,217.599252
34,79,5702887,223.048068
34,80,5702887,207.967649
34,81,5702887,212.090253
34,82,5702887,226.682068
34,83,5702887,217.583404
34,84,5702887,212.921768
34,85,5702887,224.601839
34,86,5702887,229.174558
34,87,5702887,221.729040
34,88,5702887,227.781367
34,89,5702887,227.874135
34,90,5702887,213.053992
34,91,5702887,223.933474
34,92,5702887,223.068212
34,93,5702887,241.834022
34,94,5702887,229.896173
34,95,5702887,226.007863
34,96,5702887,231.142194
34,97,5702887,234.471007
34,98,5702887,241.646689
34,99,5702887,224.717129
34,100,5702887,248.323693
34,101,5702887,236.193700
34,102,5702887,244.393166
34,103,5702887,246.148899
34,104,5702887,234.379008
34,105,5702887,235.061235
34,106,5702887,237.210110
34,107,5702887,237.396928
34,108,5702887,246.505665
34,109,5702887,243.292844
34,110,5702887,246.897268
34,111,5702887,238.263471
34,112,5702887,256.927722
34,113,5702887,243.726403
34,114,5702887,253.022089
34,115,5702887,239.623429
34,116,5702887,258.037862
34,117,5702887,245.963619
34,118,5702887,257.527316
34,119,5702887,252.475294
34,120,5702887,251.003962
34,121,5702887,260.756945
34,122,5702887,267.058000
34,123,5702887,268.891809
34,124,5702887,254.793026
34,125,5702887,261.106013
34,126,5702887,276.885980
34,127,5702887,268.453952
34,128,5702887,277.149977
34,129,5702887,273.054189
34,130,5702887,289.940190
34,131,5702887,274.547720
34,132,5702887,277.402685
34,133,5702887,276.070377
34,134,5702887,272.949617
34,135,5702887,292.697318
34,136,5702887,280.638923
34,137,5702887,284.624622
34,138,5702887,288.353892
34,139,5702887,299.180510
34,140,5702887,269.969485
34,141,5702887,285.390824
34,142,5702887,319.686522
34,143,5702887,302.870838
34,144,5702887,309.812609
34,145,5702887,320.880128
34,146,5702887,311.036173
34,147,5702887,287.507686
34,148,5702887,301.985306
34,149,5702887,290.267187
34,150,5702887,301.165274
34,151,5702887,283.544700
34,152,5702887,304.726203
34,153,5702887,316.922143
34,154,5702887,293.453066
34,155,5702887,312.409735
34,156,5702887,330.332609
34,157,5702887,321.673214
34,158,5702887,316.773883
34,159,5702887,345.961554
34,160,5702887,345.321928
34,161,5702887,317.099341
34,162,5702887,312.706323
34,163,5702887,358.420597
34,164,5702887,352.780918
34,165,5702887,317.207765
34,166,5702887,353.899396
34,167,5702887,342.672386
34,168,5702887,364.943052
34,169,5702887,341.344441
34,170,5702887,322.088488
34,171,5702887,363.161915
34,172,5702887,330.616494
34,173,5702887,365.617899
34,174,5702887,344.722527
34,175,5702887,338.548562
34,176,5702887,388.359654
34,177,5702887,371.313138
34,178,5702887,364.610343
34,179,5702887,351.063934
34,180,5702887,396.932440
34,181,5702887,437.310614
34,182,5702887,370.459809
34,183,5702887,468.232589
34,184,5702887,357.965930
34,185,5702887,379.639631
34,186,5702887,412.880491
34,187,5702887,417.795281
34,188,5702887,416.003689
34,189,5702887,400.263499
34,190,5702887,397.570011
34,191,5702887,522.875134
34,192,5702887,411.206043
34,193,5702887,389.273605
34,194,5702887,393.373822
34,195,5702887,446.239269
34,196,5702887,418.833184
34,197,5702887,451.913592
34,198,5702887,443.213780
34,199,5702887,395.901596
34,200,5702887,445.539272
34,201,5702887,416.813389
34,202,5702887,441.619782
34,203,5702887,411.597774
34,204,5702887,420.758990
34,205,5702887,534.037667
34,206,5702887,449.178853
34,207,5702887,421.086694
34,208,5702887,507.688215
34,209,5702887,416.269227
34,210,5702887,441.134898
34,211,5702887,416.617010
34,212,5702887,402.467226
34,213,5702887,443.498949
34,214,5702887,444.886238
34,215,5702887,555.970423
34,216,5702887,626.165313
34,217,5702887,461.343875
34,218,5702887,439.822413
34,219,5702887,426.201267
34,220,5702887,413.074432
34,221,5702887,464.629064
34,222,5702887,429.134115
34,223,5702887,505.387422
34,224,5702887,446.602708
34,225,5702887,445.241850
34,226,5702887,477.756860
34,227,5702887,466.994525
34,228,5702887,422.866806
34,229,5702887,429.347494
34,230,5702887,482.949315
34,231,5702887,435.484633
34,232,5702887,468.501657
34,233,5702887,516.867011
34,234,5702887,500.116697
34,235,5702887,441.450222
34,236,5702887,499.331567
34,237,5702887,446.670968
34,238,5702887,407.849515
34,239,5702887,478.092196
34,240,5702887,483.511055
35,1,9227465,7795.041545
35,2,9227465,3901.069862
35,3,9227465,2602.976013
35,4,9227465,1961.067430
35,5,9227465,1580.847453
35,6,9227465,1322.699566
35,7,9227465,1143.773058
35,8,9227465,1009.590415
35,9,9227465,904.060773
35,10,9227465,818.745369
35,11,9227465,749.274533
35,12,9227465,714.347807
35,13,9227465,648.246397
35,14,9227465,645.244968
35,15,9227465,570.309533
35,16,9227465,556.828178
35,17,9227465,559.411639
35,18,9227465,499.378915
35,19,9227465,482.236101
35,20,9227465,458.524130
35,21,9227465,447.794322
35,22,9227465,408.288143
35,23,9227465,439.999675
35,24,9227465,430.060385
35,25,9227465,381.252937
35,26,9227465,372.495772
35,27,9227465,359.961602
35,28,9227465,395.034988
35,29,9227465,527.416222
35,30,9227465,346.409484
35,31,9227465,334.559657
35,32,9227465,319.066785
35,33,9227465,337.958913
35,34,9227465,309.379369
35,35,9227465,304.179730
35,36,9227465,311.510794
35,37,9227465,302.527671
35,38,9227465,286.612337
35,39,9227465,300.558624
35,40,9227465,283.152390
35,41,9227465,305.081622
35,42,9227465,319.889701
35,43,9227465,285.148254
35,44,9227465,276.174436
35,45,9227465,274.999243
35,46,9227465,264.754832
35,47,9227465,283.709193
35,48,9227465,296.333307
35,49,9227465,290.567305
35,50,9227465,289.193553
35,51,9227465,305.912942
35,52,9227465,303.283354
35,53,9227465,279.894083
35,54,9227465,312.262180
35,55,9227465,287.878438
35,56,9227465,300.037942
35,57,9227465,265.225474
35,58,9227465,292.540459
35,59,9227465,312.853044
35,60,9227465,300.333376
35,61,9227465,283.653185
35,62,9227465,253.662741
35,63,9227465,256.951523
35,64,9227465,256.815513
35,65,9227465,251.064654
35,66,9227465,267.398599
35,67,9227465,260.369255
35,68,9227465,254.494063
35,69,9227465,245.416890
35,70,9227465,269.147787
35,71,9227465,267.136397
35,72,9227465,246.876545
35,73,9227465,248.508780
35,74,9227465,268.848632
35,75,9227465,265.055592
35,76,9227465,269.036093
35,77,9227465,297.589657
35,78,9227465,269.388048
35,79,9227465,279.189146
35,80,9227465,252.958832
35,81,9227465,261.290523
35,82,9227465,256.648647
35,83,9227465,279.194599
35,84,9227465,284.861290
35,85,9227465,265.088952
35,86,9227465,268.142348
35,87,9227465,269.005042
35,88,9227465,269.110578
35,89,9227465,298.997473
35,90,9227465,278.939005
35,91,9227465,260.195781
35,92,9227465,270.227260
35,93,9227465,276.384224
35,94,9227465,260.249864
35,95,9227465,269.073367
35,96,9227465,288.819465
35,97,9227465,270.158936
35,98,9227465,302.727514
35,99,9227465,272.796671
35,100,9227465,323.779039
35,101,9227465,290.139005
35,102,9227465,286.035329
35,103,9227465,278.974291
35,104,9227465,278.928419
35,105,9227465,301.059485
35,106,9227465,282.381632
35,107,9227465,297.163409
35,108,9227465,292.285186
35,109,9227465,298.146265
35,110,9227465,302.178348
35,111,9227465,286.865175
35,112,9227465,289.671638
35,113,9227465,301.571181
35,114,9227465,291.992127
35,115,9227465,305.712008
35,116,9227465,292.569394
35,117,9227465,304.514105
35,118,9227465,296.326955
35,119,9227465,295.970829
35,120,9227465,304.980384
35,121,9227465,298.734632
35,122,9227465,324.032709
35,123,9227465,312.685729
35,124,9227465,315.737329
35,125,9227465,304.841553
35,126,9227465,320.407499
35,127,9227465,322.615266
35,128,9227465,309.338568
35,129,9227465,325.254414
35,130,9227465,331.590625
35,131,9227465,314.606083
35,132,9227465,304.426789
35,133,9227465,332.727517
35,134,9227465,313.920329
35,135,9227465,329.918488
35,136,9227465,321.284434
35,137,9227465,316.595082
35,138,9227465,339.574916
35,139,9227465,316.518930
35,140,9227465,325.213803
35,141,9227465,318.604099
35,142,9227465,337.232936
35,143,9227465,334.990588
35,144,9227465,345.774028
35,145,9227465,343.193775
35,146,9227465,335.313481
35,147,9227465,341.033675
35,148,9227465,335.073732
35,149,9227465,341.955712
35,150,9227465,332.675295
35,151,9227465,330.670962
35,152,9227465,340.911972
35,153,9227465,340.919414
35,154,9227465,356.174080
35,155,9227465,352.128588
35,156,9227465,376.367017
35,157,9227465,352.966967
35,158,9227465,364.323056
35,159,9227465,363.832976
35,160,9227465,389.987009
35,161,9227465,366.532493
35,162,9227465,385.941840
35,163,9227465,366.276194
35,164,9227465,392.758765
35,165,9227465,368.325242
35,166,9227465,394.669625
35,167,9227465,386.396572
35,168,9227465,387.400918
35,169,9227465,360.996872
35,170,9227465,380.536776
35,171,9227465,375.543717
35,172,9227465,378.568368
35,173,9227465,407.237925
35,174,9227465,398.634537
35,175,9227465,381.811216
35,176,9227465,378.800161
35,177,9227465,393.369908
35,178,9227465,402.801407
35,179,9227465,413.327267
35,180,9227465,412.210649
35,181,9227465,463.967111
35,182,9227465,478.834794
35,183,9227465,452.892920
35,184,9227465,433.753537
35,185,9227465,410.989648
35,186,9227465,397.887003
35,187,9227465,424.323253
35,188,9227465,442.760140
35,189,9227465,430.903446
35,190,9227465,496.808221
35,191,9227465,456.240274
35,192,9227465,470.120739
35,193,9227465,437.440272
35,194,9227465,446.246390
35,195,9227465,451.028701
35,196,9227465,435.402644
35,197,9227465,422.469942
35,198,9227465,471.228566
35,199,9227465,451.870479
35,200,9227465,457.686842
35,201,9227465,462.639871
35,202,9227465,454.313505
35,203,9227465,484.524000
35,204,9227465,456.021441
35,205,9227465,465.911268
35,206,9227465,490.381231
35,207,9227465,588.100505
35,208,9227465,485.368152
35,209,9227465,504.733619
35,210,9227465,468.513783
35,211,9227465,481.579988
35,212,9227465,439.977028
35,213,9227465,548.515093
35,214,9227465,476.718894
35,215,9227465,522.295171
35,216,9227465,484.032315
35,217,9227465,512.088741
35,218,9227465,488.066514
35,219,9227465,497.336988
35,220,9227465,518.555060
35,221,9227465,604.808989
35,222,9227465,505.435475
35,223,9227465,500.875396
35,224,9227465,495.207808
35,225,9227465,492.229346
35,226,9227465,475.021865
35,227,9227465,537.489081
35,228,9227465,523.872359
35,229,9227465,526.814574
35,230,9227465,492.810143
35,231,9227465,516.935593
35,232,9227465,497.904247
35,233,9227465,519.105316
35,234,9227465,552.645269
35,235,9227465,537.344541
35,236,9227465,559.703288
35,237,9227465,561.927032
35,238,9227465,496.579636
35,239,9227465,535.396213
35,240,9227465,529.347290
