20,1,6765,28.454057
20,2,6765,37.266719
20,3,6765,38.353570
20,4,6765,39.517857
20,5,6765,38.326112
20,6,6765,42.893888
20,7,6765,37.770849
20,8,6765,46.166055
20,9,6765,37.595515
20,10,6765,40.749633
20,11,6765,41.830391
20,12,6765,40.143304
20,13,6765,44.063822
20,14,6765,62.892759
20,15,6765,48.293886
20,16,6765,47.058899
20,17,6765,47.241166
20,18,6765,48.522087
20,19,6765,52.515032
20,20,6765,50.023892
20,21,6765,52.138505
20,22,6765,54.821858
20,23,6765,57.405252
20,24,6765,56.592985
20,25,6765,58.271861
20,26,6765,59.157135
20,27,6765,63.467650
20,28,6765,71.185700
20,29,6765,64.855965
20,30,6765,59.273255
20,31,6765,69.529407
20,32,6765,75.259932
20,33,6765,67.627594
20,34,6765,64.271129
20,35,6765,72.560029
20,36,6765,76.349990
20,37,6765,68.525830
20,38,6765,76.532318
20,39,6765,74.549414
20,40,6765,81.564835
20,41,6765,85.050444
20,42,6765,77.193179
20,43,6765,81.161427
20,44,6765,82.768255
20,45,6765,81.523518
20,46,6765,83.711271
20,47,6765,89.682825
20,48,6765,91.776847
20,49,6765,86.804892
20,50,6765,90.654197
20,51,6765,88.002668
20,52,6765,91.089617
20,53,6765,82.637059
20,54,6765,95.392242
20,55,6765,94.199406
20,56,6765,104.648600
20,57,6765,99.467371
20,58,6765,96.289643
20,59,6765,102.593969
20,60,6765,94.232061
20,61,6765,111.516463
20,62,6765,101.313754
20,63,6765,108.514778
20,64,6765,108.075187
20,65,6765,107.509723
20,66,6765,114.222526
20,67,6765,113.132979
20,68,6765,113.423923
20,69,6765,111.936937
20,70,6765,117.291253
20,71,6765,122.741806
20,72,6765,115.444486
20,73,6765,121.161989
20,74,6765,119.665315
20,75,6765,128.766866
20,76,6765,128.649204
20,77,6765,132.951507
20,78,6765,130.058563
20,79,6765,129.947637
20,80,6765,126.300874
20,81,6765,120.911397
20,82,6765,127.357315
20,83,6765,120.500932
20,84,6765,128.304564
20,85,6765,144.144323
20,86,6765,153.850859
20,87,6765,142.813427
20,88,6765,149.712534
20,89,6765,150.878295
20,90,6765,146.402838
20,91,6765,138.908949
20,92,6765,146.570987
20,93,6765,148.913675
20,94,6765,139.733277
20,95,6765,140.569474
20,96,6765,150.858021
20,97,6765,149.846232
20,98,6765,139.101862
20,99,6765,150.814783
20,100,6765,155.568865
20,101,6765,160.076208
20,102,6765,159.656763
20,103,6765,155.647264
20,104,6765,168.278050
20,105,6765,160.211062
20,106,6765,164.456011
20,107,6765,165.076584
20,108,6765,180.022662
20,109,6765,173.419116
20,110,6765,177.851784
20,111,6765,175.221233
20,112,6765,179.326387
20,113,6765,183.793507
20,114,6765,170.482931
20,115,6765,183.357957
20,116,6765,170.377074
20,117,6765,185.976766
20,118,6765,183.347113
20,119,6765,176.376280
20,120,6765,189.505424
20,121,6765,182.332437
20,122,6765,183.180826
20,123,6765,192.288919
20,124,6765,181.633019
20,125,6765,191.445215
20,126,6765,190.998568
20,127,6765,205.615082
20,128,6765,194.966368
20,129,6765,193.645157
20,130,6765,204.641530
20,131,6765,201.839685
20,132,6765,181.516641
20,133,6765,208.395370
20,134,6765,188.422421
20,135,6765,200.917584
20,136,6765,213.944657
20,137,6765,209.204495
20,138,6765,203.472048
20,139,6765,211.260922
20,140,6765,208.153122
20,141,6765,212.963983
20,142,6765,210.826591
20,143,6765,220.017703
20,144,6765,224.878800
20,145,6765,215.626419
20,146,6765,219.755246
20,147,6765,219.154050
20,148,6765,230.257304
20,149,6765,219.865143
20,150,6765,230.736476
20,151,6765,230.911686
20,152,6765,246.174368
20,153,6765,224.677865
20,154,6765,223.356078
20,155,6765,214.294300
20,156,6765,237.819647
20,157,6765,224.009241
20,158,6765,244.840779
20,159,6765,242.201759
20,160,6765,238.028534
20,161,6765,238.998366
20,162,6765,220.558019
20,163,6765,218.758982
20,164,6765,256.777918
20,165,6765,233.140110
20,166,6765,253.449874
20,167,6765,256.435395
20,168,6765,257.656716
20,169,6765,260.600279
20,170,6765,256.332171
20,171,6765,250.248922
20,172,6765,251.157612
20,173,6765,254.317764
20,174,6765,252.567486
20,175,6765,255.773315
20,176,6765,256.112632
20,177,6765,254.950654
20,178,6765,256.858049
20,179,6765,259.185081
20,180,6765,276.994466
20,181,6765,252.521679
20,182,6765,272.551919
20,183,6765,260.606823
20,184,6765,292.332018
20,185,6765,259.762606
20,186,6765,274.516604
20,187,6765,273.279502
20,188,6765,284.779686
20,189,6765,264.318513
20,190,6765,272.541333
20,191,6765,283.536166
20,192,6765,280.836971
20,193,6765,278.020881
20,194,6765,277.752649
20,195,6765,269.194106
20,196,6765,272.537612
20,197,6765,281.021865
20,198,6765,288.342729
20,199,6765,267.732526
20,200,6765,267.584585
20,201,6765,278.550291
20,202,6765,265.703301
20,203,6765,297.803356
20,204,6765,291.704068
20,205,6765,306.425606
20,206,6765,296.932643
20,207,6765,309.333946
20,208,6765,290.429051
20,209,6765,315.793720
20,210,6765,290.333267
20,211,6765,300.061230
20,212,6765,319.341625
20,213,6765,334.604887
20,214,6765,306.816950
20,215,6765,305.460327
20,216,6765,308.842713
20,217,6765,314.149812
20,218,6765,316.643775
20,219,6765,319.949302
20,220,6765,326.619184
20,221,6765,306.448701
20,222,6765,303.973663
20,223,6765,313.275058
20,224,6765,333.064909
20,225,6765,326.395026
20,226,6765,304.022612
20,227,6765,328.779157
20,228,6765,326.593587
20,229,6765,311.151718
20,230,6765,321.739871
20,231,6765,341.126891
20,232,6765,326.624253
20,233,6765,330.230666
20,234,6765,332.172255
20,235,6765,358.796994
20,236,6765,347.837000
20,237,6765,345.886043
20,238,6765,322.992949
20,239,6765,322.569330
20,240,6765,349.735732
21,1,10946,36.028143
21,2,10946,48.262706
21,3,10946,47.876108
21,4,10946,48.139979
21,5,10946,44.092305
21,6,10946,45.367196
21,7,10946,45.022296
21,8,10946,46.282046
21,9,10946,54.888129
21,10,10946,42.501838
21,11,10946,44.788838
21,12,10946,49.468823
21,13,10946,46.313548
21,14,10946,60.972918
21,15,10946,49.501735
21,16,10946,49.036675
21,17,10946,51.910628
21,18,10946,50.017670
21,19,10946,53.849137
21,20,10946,53.736673
21,21,10946,58.992514
21,22,10946,54.959276
21,23,10946,59.290900
21,24,10946,59.636760
21,25,10946,57.879550
21,26,10946,61.196819
21,27,10946,60.901449
21,28,10946,66.238317
21,29,10946,61.845874
21,30,10946,62.940938
21,31,10946,68.590434
21,32,10946,69.952382
21,33,10946,78.210359
21,34,10946,70.865180
21,35,10946,73.919923
21,36,10946,73.318085
21,37,10946,74.377670
21,38,10946,73.897149
21,39,10946,77.909470
21,40,10946,75.545035
21,41,10946,76.950032
21,42,10946,82.052027
21,43,10946,85.072128
21,44,10946,84.636323
21,45,10946,87.354445
21,46,10946,83.573209
21,47,10946,92.329029
21,48,10946,97.307078
21,49,10946,92.998616
21,50,10946,91.401604
21,51,10946,93.769952
21,52,10946,95.874816
21,53,10946,92.841500
21,54,10946,91.389414
21,55,10946,96.332499
21,56,10946,95.150762
21,57,10946,96.417056
21,58,10946,108.649694
21,59,10946,100.755606
21,60,10946,105.478574
21,61,10946,108.685366
21,62,10946,100.494238
21,63,10946,105.353471
21,64,10946,106.483562
21,65,10946,110.595838
21,66,10946,106.032425
21,67,10946,105.778114
21,68,10946,110.133859
21,69,10946,109.874351
21,70,10946,122.655133
21,71,10946,118.504428
21,72,10946,109.434184
21,73,10946,130.369586
21,74,10946,109.196296
21,75,10946,116.542310
21,76,10946,119.505054
21,77,10946,132.787528
21,78,10946,120.132233
21,79,10946,130.235118
21,80,10946,137.390973
21,81,10946,121.916773
21,82,10946,140.937083
21,83,10946,140.900387
21,84,10946,139.690870
21,85,10946,137.974658
21,86,10946,134.758886
21,87,10946,150.574201
21,88,10946,143.108410
21,89,10946,147.898422
21,90,10946,142.620255
21,91,10946,147.452800
21,92,10946,143.412056
21,93,10946,143.222414
21,94,10946,147.375042
21,95,10946,156.168588
21,96,10946,152.949542
21,97,10946,155.421885
21,98,10946,155.280681
21,99,10946,155.124015
21,100,10946,165.523424
21,101,10946,165.817575
21,102,10946,168.144799
21,103,10946,160.314866
21,104,10946,177.924470
21,105,10946,155.762486
21,106,10946,155.189964
21,107,10946,169.723657
21,108,10946,168.052160
21,109,10946,170.203856
21,110,10946,172.444858
21,111,10946,180.464050
21,112,10946,176.869697
21,113,10946,168.319879
21,114,10946,175.504413
21,115,10946,171.702199
21,116,10946,182.250511
21,117,10946,172.312442
21,118,10946,173.065621
21,119,10946,181.886881
21,120,10946,183.249598
21,121,10946,182.544919
21,122,10946,176.295893
21,123,10946,183.243312
21,124,10946,185.630072
21,125,10946,188.006697
21,126,10946,189.645024
21,127,10946,196.024734
21,128,10946,201.513969
21,129,10946,194.749845
21,130,10946,198.309423
21,131,10946,193.106256
21,132,10946,204.002161
21,133,10946,196.327929
21,134,10946,192.904037
21,135,10946,208.593096
21,136,10946,203.275028
21,137,10946,210.000914
21,138,10946,210.186773
21,139,10946,205.203399
21,140,10946,219.450509
21,141,10946,210.214167
21,142,10946,213.969741
21,143,10946,212.913043
21,144,10946,222.589680
21,145,10946,224.665162
21,146,10946,221.105968
21,147,10946,230.226443
21,148,10946,227.685838
21,149,10946,220.398400
21,150,10946,229.843181
21,151,10946,224.575729
21,152,10946,223.622769
21,153,10946,225.653792
21,154,10946,218.471632
21,155,10946,221.145358
21,156,10946,235.082213
21,157,10946,226.264613
21,158,10946,246.283625
21,159,10946,231.723695
21,160,10946,248.119487
21,161,10946,231.961454
21,162,10946,234.706523
21,163,10946,249.899213
21,164,10946,251.665723
21,165,10946,263.009751
21,166,10946,230.304071
21,167,10946,245.276197
21,168,10946,255.682280
21,169,10946,266.959458
21,170,10946,240.459242
21,171,10946,278.070474
21,172,10946,258.246944
21,173,10946,236.074435
21,174,10946,264.423407
21,175,10946,270.037618
21,176,10946,276.353812
21,177,10946,257.486385
21,178,10946,256.971860
21,179,10946,253.055962
21,180,10946,265.654672
21,181,10946,260.918231
21,182,10946,255.067223
21,183,10946,270.839171
21,184,10946,273.833864
21,185,10946,278.043529
21,186,10946,275.683072
21,187,10946,267.193430
21,188,10946,272.641479
21,189,10946,263.456079
21,190,10946,277.947040
21,191,10946,302.452739
21,192,10946,273.811668
21,193,10946,263.428685
21,194,10946,291.108518
21,195,10946,266.335164
21,196,10946,311.072230
21,197,10946,286.972184
21,198,10946,293.847167
21,199,10946,284.783150
21,200,10946,286.012679
21,201,10946,290.550625
21,202,10946,293.864235
21,203,10946,295.652429
21,204,10946,307.125279
21,205,10946,277.739370
21,206,10946,307.673421
21,207,10946,302.699543
21,208,10946,301.206909
21,209,10946,284.482389
21,210,10946,307.127398
21,211,10946,308.446939
21,212,10946,307.479802
21,213,10946,340.584332
21,214,10946,310.529990
21,215,10946,310.805792
21,216,10946,288.133390
21,217,10946,328.460307
21,218,10946,328.160894
21,219,10946,325.728454
21,220,10946,310.439338
21,221,10946,311.215423
21,222,10946,307.288682
21,223,10946,320.027379
21,224,10946,324.660272
21,225,10946,331.799770
21,226,10946,332.000126
21,227,10946,318.743378
21,228,10946,351.551384
21,229,10946,335.409585
21,230,10946,317.737298
21,231,10946,326.800486
21,232,10946,332.585927
21,233,10946,330.489466
21,234,10946,327.362549
21,235,10946,329.741354
21,236,10946,331.548667
21,237,10946,345.274387
21,238,10946,334.711962
21,239,10946,350.382415
21,240,10946,345.051706
22,1,17711,48.539280
22,2,17711,69.692746
22,3,17711,67.840525
22,4,17711,64.517292
22,5,17711,53.555884
22,6,17711,50.861566
22,7,17711,51.290506
22,8,17711,53.153632
22,9,17711,49.555302
22,10,17711,57.502704
22,11,17711,50.441284
22,12,17711,52.248919
22,13,17711,51.580293
22,14,17711,67.280835
22,15,17711,73.219607
22,16,17711,53.744052
22,17,17711,57.665660
22,18,17711,56.058894
22,19,17711,56.198625
22,20,17711,62.853687
22,21,17711,60.380188
22,22,17711,62.755850
22,23,17711,60.195293
22,24,17711,64.100027
22,25,17711,63.478687
22,26,17711,63.026521
22,27,17711,72.488561
22,28,17711,65.442408
22,29,17711,66.757458
22,30,17711,73.851150
22,31,17711,74.532669
22,32,17711,86.303649
22,33,17711,73.378647
22,34,17711,73.089692
22,35,17711,79.755407
22,36,17711,73.022845
22,37,17711,81.404448
22,38,17711,74.252631
22,39,17711,76.962221
22,40,17711,86.311091
22,41,17711,86.816697
22,42,17711,88.786129
22,43,17711,88.018128
22,44,17711,81.423309
22,45,17711,93.057381
22,46,17711,87.008520
22,47,17711,95.215622
22,48,17711,89.215519
22,49,17711,90.984467
22,50,17711,92.778693
22,51,17711,89.080153
22,52,17711,89.579408
22,53,17711,92.122000
22,54,17711,92.478959
22,55,17711,102.370774
22,56,17711,96.763813
22,57,17711,100.175452
22,58,17711,102.885106
22,59,17711,111.067956
22,60,17711,104.310245
22,61,17711,104.484298
22,62,17711,111.931482
22,63,17711,101.601812
22,64,17711,109.415000
22,65,17711,104.301008
22,66,17711,109.814622
22,67,17711,113.109370
22,68,17711,119.159580
22,69,17711,127.212773
22,70,17711,119.463994
22,71,17711,118.778689
22,72,17711,118.591997
22,73,17711,120.000395
22,74,17711,123.837638
22,75,17711,121.117848
22,76,17711,127.362446
22,77,17711,124.053585
22,78,17711,118.987707
22,79,17711,135.049827
22,80,17711,124.992492
22,81,17711,127.519946
22,82,17711,137.373716
22,83,17711,129.709366
22,84,17711,125.995492
22,85,17711,142.936794
22,86,17711,136.029411
22,87,17711,146.504779
22,88,17711,153.048085
22,89,17711,138.939615
22,90,17711,147.034700
22,91,17711,139.824953
22,92,17711,144.666287
22,93,17711,139.662513
22,94,17711,149.193519
22,95,17711,144.183328
22,96,17711,142.438631
22,97,17711,152.087361
22,98,17711,153.530658
22,99,17711,138.568156
22,100,17711,144.946069
22,101,17711,158.102989
22,102,17711,157.079204
22,103,17711,165.668155
22,104,17711,157.458810
22,105,17711,163.235909
22,106,17711,165.187314
22,107,17711,164.155508
22,108,17711,162.662941
22,109,17711,170.507566
22,110,17711,171.000534
22,111,17711,174.892823
22,112,17711,181.214149
22,113,17711,175.368595
22,114,17711,184.729974
22,115,17711,179.748269
22,116,17711,181.005260
22,117,17711,174.324408
22,118,17711,180.174516
22,119,17711,185.872322
22,120,17711,184.279736
22,121,17711,185.458842
22,122,17711,184.737033
22,123,17711,187.382339
22,124,17711,194.651815
22,125,17711,194.002502
22,126,17711,203.477435
22,127,17711,201.888636
22,128,17711,201.839235
22,129,17711,200.258904
22,130,17711,174.265257
22,131,17711,201.681287
22,132,17711,187.985012
22,133,17711,212.759905
22,134,17711,193.011178
22,135,17711,195.098848
22,136,17711,192.073230
22,137,17711,201.887994
22,138,17711,217.238699
22,139,17711,214.096512
22,140,17711,209.084397
22,141,17711,223.529487
22,142,17711,206.073406
22,143,17711,205.444560
22,144,17711,201.257286
22,145,17711,212.241019
22,146,17711,210.173044
22,147,17711,216.832726
22,148,17711,239.759247
22,149,17711,216.728539
22,150,17711,223.943610
22,151,17711,227.545340
22,152,17711,219.028049
22,153,17711,229.546787
22,154,17711,227.174652
22,155,17711,217.068943
22,156,17711,249.926734
22,157,17711,236.856165
22,158,17711,227.903324
22,159,17711,249.476301
22,160,17711,222.128534
22,161,17711,231.942530
22,162,17711,250.435998
22,163,17711,235.569343
22,164,17711,231.114157
22,165,17711,238.412439
22,166,17711,245.571439
22,167,17711,237.825612
22,168,17711,238.803143
22,169,17711,254.217620
22,170,17711,253.243681
22,171,17711,263.257645
22,172,17711,249.081620
22,173,17711,251.918685
22,174,17711,252.479015
22,175,17711,257.905893
22,176,17711,252.233174
22,177,17711,246.595805
22,178,17711,258.962720
22,179,17711,258.344073
22,180,17711,257.621880
22,181,17711,268.831246
22,182,17711,269.169792
22,183,17711,268.419114
22,184,17711,263.431954
22,185,17711,289.171996
22,186,17711,265.776952
22,187,17711,268.227547
22,188,17711,276.708399
22,189,17711,261.788751
22,190,17711,296.704316
22,191,17711,271.637068
22,192,17711,279.488431
22,193,17711,292.117099
22,194,17711,279.308988
22,195,17711,292.688402
22,196,17711,293.822918
22,197,17711,290.035909
22,198,17711,296.960422
22,199,17711,286.981870
22,200,17711,281.636662
22,201,17711,298.738800
22,202,17711,294.441758
22,203,17711,289.987214
22,204,17711,288.658757
22,205,17711,293.737079
22,206,17711,295.339865
22,207,17711,296.227708
22,208,17711,293.542817
22,209,17711,286.607847
22,210,17711,293.662147
22,211,17711,306.298322
22,212,17711,313.945607
22,213,17711,308.912642
22,214,17711,313.821209
22,215,17711,296.782456
22,216,17711,306.415789
22,217,17711,310.776347
22,218,17711,354.788008
22,219,17711,322.512171
22,220,17711,306.917097
22,221,17711,311.885843
22,222,17711,321.310159
22,223,17711,332.556865
22,224,17711,332.805336
22,225,17711,337.653985
22,226,17711,311.003903
22,227,17711,350.187640
22,228,17711,307.434701
22,229,17711,324.966998
22,230,17711,352.061675
22,231,17711,350.080886
22,232,17711,345.367864
22,233,17711,321.122763
22,234,17711,336.042667
22,235,17711,334.349999
22,236,17711,328.508359
22,237,17711,345.423870
22,238,17711,330.415177
22,239,17711,332.477249
22,240,17711,353.776090
23,1,28657,68.326244
23,2,28657,89.365450
23,3,28657,85.203903
23,4,28657,86.329760
23,5,28657,69.675873
23,6,28657,70.031421
23,7,28657,65.671185
23,8,28657,65.850371
23,9,28657,58.049499
23,10,28657,61.083969
23,11,28657,62.210916
23,12,28657,62.760470
23,13,28657,58.626638
23,14,28657,61.557562
23,15,28657,69.837928
23,16,28657,68.572149
23,17,28657,63.637854
23,18,28657,60.775384
23,19,28657,65.286126
23,20,28657,71.325045
23,21,28657,63.951060
23,22,28657,65.214531
23,23,28657,68.107603
23,24,28657,68.851095
23,25,28657,85.531351
23,26,28657,66.824886
23,27,28657,63.656844
23,28,28657,73.203183
23,29,28657,71.170237
23,30,28657,72.576324
23,31,28657,78.407443
23,32,28657,74.607025
23,33,28657,73.762231
23,34,28657,80.659415
23,35,28657,77.156932
23,36,28657,72.703480
23,37,28657,78.071014
23,38,28657,86.456275
23,39,28657,84.045454
23,40,28657,88.929068
23,41,28657,86.670551
23,42,28657,82.271631
23,43,28657,84.630741
23,44,28657,90.316869
23,45,28657,92.517196
23,46,28657,89.150017
23,47,28657,93.393425
23,48,28657,93.594231
23,49,28657,93.680263
23,50,28657,90.464555
23,51,28657,96.849652
23,52,28657,97.309837
23,53,28657,101.156895
23,54,28657,100.007622
23,55,28657,104.571741
23,56,28657,104.585341
23,57,28657,103.764928
23,58,28657,100.446251
23,59,28657,100.727570
23,60,28657,113.410387
23,61,28657,113.767152
23,62,28657,107.335029
23,63,28657,114.904429
23,64,28657,108.138763
23,65,28657,120.597806
23,66,28657,121.553398
23,67,28657,121.188099
23,68,28657,119.205385
23,69,28657,113.699277
23,70,28657,119.016384
23,71,28657,116.690443
23,72,28657,123.038587
23,73,28657,127.067848
23,74,28657,118.734616
23,75,28657,121.994078
23,76,28657,126.452278
23,77,28657,146.587349
23,78,28657,136.494280
23,79,28657,129.782503
23,80,28657,129.354077
23,81,28657,137.364350
23,82,28657,132.179016
23,83,28657,124.332979
23,84,28657,135.812888
23,85,28657,138.977146
23,86,28657,136.108899
23,87,28657,140.984622
23,88,28657,148.453106
23,89,28657,153.636706
23,90,28657,147.894508
23,91,28657,149.896469
23,92,28657,145.479262
23,93,28657,143.799938
23,94,28657,154.503634
23,95,28657,156.126823
23,96,28657,162.447188
23,97,28657,142.470133
23,98,28657,165.675727
23,99,28657,160.543258
23,100,28657,160.678111
23,101,28657,146.516713
23,102,28657,149.988080
23,103,28657,166.915076
23,104,28657,161.196228
23,105,28657,168.477828
23,106,28657,177.863652
23,107,28657,166.977049
23,108,28657,173.605487
23,109,28657,165.874224
23,110,28657,174.965061
23,111,28657,174.504876
23,112,28657,174.917907
23,113,28657,168.711481
23,114,28657,170.120135
23,115,28657,182.917788
23,116,28657,185.860710
23,117,28657,171.478297
23,118,28657,187.020184
23,119,28657,181.572520
23,120,28657,190.885783
23,121,28657,183.220087
23,122,28657,166.454507
23,123,28657,186.311399
23,124,28657,205.122502
23,125,28657,186.735849
23,126,28657,181.474170
23,127,28657,198.116061
23,128,28657,197.097534
23,129,28657,211.528642
23,130,28657,186.753300
23,131,28657,178.801664
23,132,28657,204.873258
23,133,28657,206.355434
23,134,28657,197.664923
23,135,28657,201.664541
23,136,28657,187.307984
23,137,28657,208.308827
23,138,28657,209.954146
23,139,28657,211.210176
23,140,28657,201.461555
23,141,28657,204.295029
23,142,28657,214.970305
23,143,28657,203.339631
23,144,28657,215.737535
23,145,28657,211.327259
23,146,28657,211.147625
23,147,28657,206.145581
23,148,28657,221.580202
23,149,28657,234.399283
23,150,28657,225.130672
23,151,28657,226.048089
23,152,28657,219.193569
23,153,28657,232.625139
23,154,28657,237.913889
23,155,28657,227.848921
23,156,28657,222.714976
23,157,28657,226.719920
23,158,28657,233.147361
23,159,28657,241.900166
23,160,28657,236.126273
23,161,28657,251.643781
23,162,28657,255.902844
23,163,28657,257.057378
23,164,28657,252.325110
23,165,28657,248.474329
23,166,28657,243.665008
23,167,28657,249.727277
23,168,28657,259.507396
23,169,28657,263.764470
23,170,28657,251.833231
23,171,28657,258.305193
23,172,28657,250.236668
23,173,28657,267.025280
23,174,28657,253.106260
23,175,28657,253.814468
23,176,28657,249.878169
23,177,28657,264.996634
23,178,28657,250.614349
23,179,28657,256.808201
23,180,28657,248.080288
23,181,28657,261.522765
23,182,28657,278.001381
23,183,28657,266.743769
23,184,28657,267.901573
23,185,28657,275.630337
23,186,28657,268.788582
23,187,28657,296.046661
23,188,28657,268.658412
23,189,28657,289.501753
23,190,28657,276.765947
23,191,28657,275.784886
23,192,28657,267.519018
23,193,28657,274.245292
23,194,28657,262.778665
23,195,28657,280.997870
23,196,28657,306.588752
23,197,28657,299.362711
23,198,28657,287.093116
23,199,28657,302.021296
23,200,28657,309.821847
23,201,28657,293.129595
23,202,28657,298.751825
23,203,28657,296.961001
23,204,28657,307.539849
23,205,28657,300.236500
23,206,28657,306.539224
23,207,28657,289.700249
23,208,28657,294.090317
23,209,28657,301.735804
23,210,28657,304.130971
23,211,28657,314.155266
23,212,28657,290.424881
23,213,28657,307.099875
23,214,28657,312.358923
23,215,28657,310.276128
23,216,28657,322.143214
23,217,28657,314.919544
23,218,28657,320.297535
23,219,28657,319.813037
23,220,28657,342.125850
23,221,28657,310.043758
23,222,28657,334.236383
23,223,28657,335.075591
23,224,28657,305.824537
23,225,28657,332.371777
23,226,28657,313.332669
23,227,28657,306.063708
23,228,28657,325.477481
23,229,28657,345.466211
23,230,28657,315.806552
23,231,28657,323.103423
23,232,28657,324.615365
23,233,28657,335.348380
23,234,28657,338.517705
23,235,28657,341.122785
23,236,28657,335.189275
23,237,28657,334.344224
23,238,28657,336.167384
23,239,28657,361.785338
23,240,28657,362.356832
24,1,46368,97.149384
24,2,46368,130.782361
24,3,46368,127.897757
24,4,46368,120.545777
24,5,46368,94.090086
24,6,46368,90.230581
24,7,46368,89.264341
24,8,46368,97.888773
24,9,46368,81.531859
24,10,46368,79.494037
24,11,46368,79.649420
24,12,46368,78.722058
24,13,46368,74.059140
24,14,46368,73.347277
24,15,46368,100.078449
24,16,46368,76.707141
24,17,46368,76.488244
24,18,46368,73.199076
24,19,46368,74.482242
24,20,46368,83.776324
24,21,46368,76.533921
24,22,46368,74.146649
24,23,46368,80.244138
24,24,46368,76.572608
24,25,46368,74.635060
24,26,46368,80.606486
24,27,46368,78.600485
24,28,46368,74.035981
24,29,46368,81.137305
24,30,46368,80.131034
24,31,46368,81.952461
24,32,46368,83.297469
24,33,46368,84.048085
24,34,46368,88.595462
24,35,46368,87.701267
24,36,46368,81.513191
24,37,46368,83.936839
24,38,46368,90.307374
24,39,46368,87.439450
24,40,46368,91.346110
24,41,46368,98.241241
24,42,46368,88.894872
24,43,46368,90.676587
24,44,46368,92.738466
24,45,46368,96.581676
24,46,46368,95.340275
24,47,46368,99.024767
24,48,46368,96.011531
24,49,46368,94.149943
24,50,46368,99.224610
24,51,46368,100.370996
24,52,46368,110.175816
24,53,46368,107.627254
24,54,46368,106.008174
24,55,46368,111.975494
24,56,46368,107.636494
24,57,46368,101.984432
24,58,46368,106.374050
24,59,46368,107.719511
24,60,46368,107.927565
24,61,46368,116.257461
24,62,46368,115.555091
24,63,46368,112.668241
24,64,46368,126.642433
24,65,46368,122.775809
24,66,46368,115.348511
24,67,46368,121.692358
24,68,46368,128.917373
24,69,46368,124.120113
24,70,46368,122.115395
24,71,46368,131.094988
24,72,46368,128.231618
24,73,46368,136.338126
24,74,46368,116.122477
24,75,46368,117.469799
24,76,46368,147.655146
24,77,46368,125.538197
24,78,46368,126.860177
24,79,46368,131.297206
24,80,46368,136.048274
24,81,46368,136.303996
24,82,46368,146.569770
24,83,46368,141.297697
24,84,46368,133.937251
24,85,46368,147.323334
24,86,46368,145.636761
24,87,46368,148.197063
24,88,46368,143.508355
24,89,46368,140.060466
24,90,46368,147.890786
24,91,46368,151.735665
24,92,46368,157.769322
24,93,46368,152.328327
24,94,46368,154.698410
24,95,46368,150.914094
24,96,46368,158.451224
24,97,46368,158.325415
24,98,46368,152.778120
24,99,46368,154.669796
24,100,46368,160.010193
24,101,46368,154.843913
24,102,46368,155.236158
24,103,46368,165.331728
24,104,46368,159.127997
24,105,46368,165.297727
24,106,46368,181.552953
24,107,46368,173.535430
24,108,46368,174.726597
24,109,46368,169.433675
24,110,46368,175.998087
24,111,46368,170.375920
24,112,46368,165.401721
24,113,46368,180.683139
24,114,46368,168.812461
24,115,46368,177.212220
24,116,46368,179.101332
24,117,46368,196.994823
24,118,46368,194.551797
24,119,46368,181.952960
24,120,46368,198.175019
24,121,46368,189.531726
24,122,46368,179.694382
24,123,46368,206.813820
24,124,46368,196.954405
24,125,46368,194.834720
24,126,46368,196.868051
24,127,46368,197.019009
24,128,46368,204.574488
24,129,46368,179.817432
24,130,46368,203.305243
24,131,46368,194.593242
24,132,46368,202.951107
24,133,46368,206.663185
24,134,46368,207.606713
24,135,46368,208.917016
24,136,46368,207.026815
24,137,46368,214.754358
24,138,46368,196.419286
24,139,46368,210.165088
24,140,46368,220.611137
24,141,46368,213.635236
24,142,46368,225.168201
24,143,46368,224.270992
24,144,46368,225.091727
24,145,46368,208.599192
24,146,46368,215.170596
24,147,46368,221.487818
24,148,46368,248.801262
24,149,46368,225.287145
24,150,46368,234.360405
24,151,46368,238.688883
24,152,46368,234.489357
24,153,46368,253.100486
24,154,46368,215.828185
24,155,46368,232.651571
24,156,46368,228.366202
24,157,46368,259.051317
24,158,46368,257.973384
24,159,46368,248.196217
24,160,46368,238.392103
24,161,46368,244.149250
24,162,46368,246.560454
24,163,46368,236.390912
24,164,46368,259.322053
24,165,46368,244.566641
24,166,46368,246.664833
24,167,46368,253.771869
24,168,46368,233.386083
24,169,46368,266.287626
24,170,46368,250.810470
24,171,46368,256.252167
24,172,46368,248.646714
24,173,46368,261.603985
24,174,46368,254.106823
24,175,46368,277.634413
24,176,46368,262.763202
24,177,46368,268.832529
24,178,46368,254.183680
24,179,46368,268.418537
24,180,46368,256.782089
24,181,46368,265.039488
24,182,46368,269.006517
24,183,46368,269.629593
24,184,46368,264.056954
24,185,46368,277.826557
24,186,46368,276.740218
24,187,46368,290.661164
24,188,46368,275.300899
24,189,46368,278.509551
24,190,46368,298.162689
24,191,46368,273.610156
24,192,46368,297.735353
24,193,46368,292.239186
24,194,46368,278.613418
24,195,46368,299.122642
24,196,46368,278.633629
24,197,46368,293.206066
24,198,46368,287.618801
24,199,46368,297.424457
24,200,46368,283.179207
24,201,46368,310.798031
24,202,46368,269.244212
24,203,46368,294.281950
24,204,46368,290.486981
24,205,46368,289.636608
24,206,46368,313.639009
24,207,46368,308.017165
24,208,46368,325.510521
24,209,46368,329.375414
24,210,46368,324.359706
24,211,46368,283.986085
24,212,46368,291.463104
24,213,46368,321.629458
24,214,46368,323.968168
24,215,46368,339.514867
24,216,46368,328.410395
24,217,46368,341.313006
24,218,46368,318.467640
24,219,46368,312.017618
24,220,46368,338.531178
24,221,46368,321.576660
24,222,46368,311.789868
24,223,46368,312.273918
24,224,46368,323.061659
24,225,46368,331.607562
24,226,46368,321.459191
24,227,46368,339.740629
24,228,46368,328.921776
24,229,46368,354.524204
24,230,46368,346.935236
24,231,46368,339.949262
24,232,46368,310.212164
24,233,46368,348.903128
24,234,46368,324.179432
24,235,46368,350.275598
24,236,46368,336.929867
24,237,46368,349.897403
24,238,46368,349.629043
24,239,46368,339.480480
24,240,46368,350.450355
25,1,75025,146.751008
25,2,75025,197.671530
25,3,75025,187.660515
25,4,75025,180.711624
25,5,75025,139.794673
25,6,75025,126.336222
25,7,75025,127.483635
25,8,75025,122.222406
25,9,75025,104.272010
25,10,75025,106.761803
25,11,75025,107.325598
25,12,75025,99.567068
25,13,75025,98.893890
25,14,75025,101.255116
25,15,75025,97.042952
25,16,75025,98.635665
25,17,75025,91.472111
25,18,75025,93.217513
25,19,75025,91.180781
25,20,75025,93.223543
25,21,75025,89.571131
25,22,75025,90.456535
25,23,75025,90.405468
25,24,75025,92.154015
25,25,75025,88.254412
25,26,75025,93.310859
25,27,75025,91.015838
25,28,75025,93.942335
25,29,75025,99.958349
25,30,75025,90.395716
25,31,75025,94.857123
25,32,75025,95.467754
25,33,75025,100.210353
25,34,75025,95.305056
25,35,75025,102.407854
25,36,75025,98.659916
25,37,75025,94.448969
25,38,75025,102.038580
25,39,75025,104.630187
25,40,75025,102.628229
25,41,75025,95.930502
25,42,75025,98.568365
25,43,75025,97.278658
25,44,75025,107.536413
25,45,75025,105.012743
25,46,75025,104.015775
25,47,75025,100.123934
25,48,75025,104.331738
25,49,75025,109.594571
25,50,75025,101.723770
25,51,75025,110.420309
25,52,75025,112.793277
25,53,75025,118.465934
25,54,75025,105.736669
25,55,75025,113.562499
25,56,75025,121.870132
25,57,75025,117.224855
25,58,75025,115.224499
25,59,75025,113.706975
25,60,75025,118.082416
25,61,75025,118.632546
25,62,75025,131.003697
25,63,75025,121.103157
25,64,75025,124.864249
25,65,75025,130.756956
25,66,75025,126.440345
25,67,75025,138.222360
25,68,75025,130.927288
25,69,75025,125.219539
25,70,75025,127.380024
25,71,75025,124.130057
25,72,75025,135.268918
25,73,75025,144.147337
25,74,75025,122.942291
25,75,75025,131.125335
25,76,75025,138.748753
25,77,75025,132.779315
25,78,75025,148.288613
25,79,75025,146.030097
25,80,75025,158.226105
25,81,75025,137.765834
25,82,75025,158.678397
25,83,75025,149.908528
25,84,75025,145.854825
25,85,75025,145.548934
25,86,75025,155.620192
25,87,75025,149.289687
25,88,75025,148.040846
25,89,75025,155.782821
25,90,75025,151.176745
25,91,75025,162.453989
25,92,75025,144.885953
25,93,75025,160.703390
25,94,75025,155.004879
25,95,75025,158.520962
25,96,75025,156.575845
25,97,75025,157.690859
25,98,75025,159.998133
25,99,75025,165.124058
25,100,75025,170.010300
25,101,75025,161.071897
25,102,75025,170.457204
25,103,75025,172.239945
25,104,75025,177.830804
25,105,75025,166.985838
25,106,75025,174.633893
25,107,75025,162.623871
25,108,75025,173.314414
25,109,75025,178.176472
25,110,75025,174.407554
25,111,75025,176.388598
25,112,75025,171.431720
25,113,75025,197.472072
25,114,75025,191.692919
25,115,75025,179.026977
25,116,75025,188.194800
25,117,75025,193.077000
25,118,75025,194.690821
25,119,75025,191.631971
25,120,75025,182.196366
25,121,75025,186.594451
25,122,75025,198.282928
25,123,75025,184.435441
25,124,75025,192.825576
25,125,75025,198.846531
25,126,75025,200.209825
25,127,75025,207.558213
25,128,75025,207.292994
25,129,75025,213.578717
25,130,75025,214.160858
25,131,75025,201.337736
25,132,75025,211.646109
25,133,75025,201.234188
25,134,75025,214.470534
25,135,75025,209.495566
25,136,75025,216.074285
25,137,75025,202.999802
25,138,75025,211.250915
25,139,75025,221.228953
25,140,75025,208.517009
25,141,75025,217.966729
25,142,75025,214.431403
25,143,75025,218.727097
25,144,75025,227.726708
25,145,75025,223.120434
25,146,75025,228.769932
25,147,75025,227.734275
25,148,75025,239.691049
25,149,75025,225.516755
25,150,75025,233.526389
25,151,75025,226.934840
25,152,75025,227.790989
25,153,75025,250.596642
25,154,75025,219.704884
25,155,75025,244.819414
25,156,75025,220.801037
25,157,75025,254.546349
25,158,75025,243.590779
25,159,75025,253.899731
25,160,75025,262.546808
25,161,75025,241.098740
25,162,75025,241.540000
25,163,75025,256.377656
25,164,75025,254.557190
25,165,75025,260.068498
25,166,75025,252.752318
25,167,75025,259.429063
25,168,75025,226.844703
25,169,75025,263.863526
25,170,75025,257.601863
25,171,75025,270.175488
25,172,75025,263.734639
25,173,75025,268.675285
25,174,75025,280.769992
25,175,75025,270.684495
25,176,75025,248.046607
25,177,75025,257.441347
25,178,75025,286.412879
25,179,75025,273.287779
25,180,75025,270.704062
25,181,75025,270.407664
25,182,75025,277.149016
25,183,75025,283.688790
25,184,75025,281.056508
25,185,75025,266.388350
25,186,75025,267.393981
25,187,75025,271.898244
25,188,75025,293.806559
25,189,75025,283.829740
25,190,75025,305.740880
25,191,75025,272.018341
25,192,75025,296.010736
25,193,75025,271.818564
25,194,75025,289.383773
25,195,75025,289.299409
25,196,75025,287.690399
25,197,75025,305.422221
25,198,75025,286.521815
25,199,75025,277.714735
25,200,75025,300.820890
25,201,75025,304.790869
25,202,75025,302.080639
25,203,75025,294.370995
25,204,75025,298.099239
25,205,75025,308.593085
25,206,75025,292.082904
25,207,75025,322.186068
25,208,75025,322.447502
25,209,75025,307.329358
25,210,75025,274.929570
25,211,75025,319.765819
25,212,75025,339.700981
25,213,75025,316.894686
25,214,75025,325.604124
25,215,75025,315.679974
25,216,75025,340.943024
25,217,75025,342.787994
25,218,75025,316.974111
25,219,75025,342.315108
25,220,75025,330.216873
25,221,75025,335.939570
25,222,75025,324.742647
25,223,75025,338.247741
25,224,75025,343.933163
25,225,75025,314.151480
25,226,75025,332.699738
25,227,75025,329.966091
25,228,75025,323.159493
25,229,75025,363.520860
25,230,75025,329.709855
25,231,75025,352.545532
25,232,75025,348.986594
25,233,75025,339.949004
25,234,75025,325.267180
25,235,75025,349.168665
25,236,75025,349.330017
25,237,75025,356.012985
25,238,75025,355.463755
25,239,75025,357.466996
25,240,75025,364.357122
26,1,121393,225.762536
26,2,121393,403.819293
26,3,121393,338.726594
26,4,121393,354.216580
26,5,121393,190.457934
26,6,121393,181.590228
26,7,121393,176.773014
26,8,121393,173.128814
26,9,121393,166.326067
26,10,121393,147.218377
26,11,121393,147.580789
26,12,121393,142.203440
26,13,121393,135.537214
26,14,121393,134.843634
26,15,121393,135.708444
26,16,121393,134.463003
26,17,121393,121.680744
26,18,121393,118.374193
26,19,121393,111.442557
26,20,121393,117.262705
26,21,121393,116.160265
26,22,121393,110.356027
26,23,121393,123.564210
26,24,121393,117.518426
26,25,121393,120.802076
26,26,121393,113.301257
26,27,121393,108.815793
26,28,121393,105.604702
26,29,121393,115.478618
26,30,121393,115.338889
26,31,121393,119.491518
26,32,121393,113.895206
26,33,121393,110.116087
26,34,121393,108.192718
26,35,121393,112.299669
26,36,121393,117.593298
26,37,121393,117.138759
26,38,121393,117.634356
26,39,121393,111.352163
26,40,121393,119.024853
26,41,121393,118.378684
26,42,121393,115.496582
26,43,121393,125.524019
26,44,121393,117.868137
26,45,121393,120.153918
26,46,121393,120.402776
26,47,121393,120.186766
26,48,121393,128.331381
26,49,121393,124.529038
26,50,121393,113.135867
26,51,121393,114.356738
26,52,121393,118.900906
26,53,121393,122.675919
26,54,121393,122.001970
26,55,121393,123.996936
26,56,121393,125.459736
26,57,121393,120.928014
26,58,121393,118.734103
26,59,121393,132.853991
26,60,121393,119.678272
26,61,121393,128.557784
26,62,121393,123.057384
26,63,121393,135.523805
26,64,121393,128.425497
26,65,121393,133.933016
26,66,121393,131.081259
26,67,121393,134.172122
26,68,121393,138.442862
26,69,121393,133.268949
26,70,121393,138.358370
26,71,121393,138.500023
26,72,121393,142.276256
26,73,121393,139.638520
26,74,121393,139.870184
26,75,121393,150.272737
26,76,121393,152.473705
26,77,121393,147.669837
26,78,121393,148.782991
26,79,121393,144.238246
26,80,121393,141.202172
26,81,121393,154.809526
26,82,121393,149.029987
26,83,121393,155.929289
26,84,121393,153.264159
26,85,121393,149.339409
26,86,121393,152.933374
26,87,121393,147.139979
26,88,121393,156.058111
26,89,121393,153.549262
26,90,121393,162.548424
26,91,121393,161.727302
26,92,121393,163.664659
26,93,121393,177.304156
26,94,121393,161.875950
26,95,121393,171.491193
26,96,121393,161.585586
26,97,121393,169.871981
26,98,121393,168.495471
26,99,121393,170.353915
26,100,121393,165.764519
26,101,121393,176.977606
26,102,121393,170.762133
26,103,121393,176.480275
26,104,121393,173.248464
26,105,121393,164.866539
26,106,121393,192.207056
26,107,121393,183.635941
26,108,121393,176.831717
26,109,121393,178.658020
26,110,121393,183.027621
26,111,121393,190.704610
26,112,121393,187.806469
26,113,121393,189.720728
26,114,121393,190.859222
26,115,121393,200.687139
26,116,121393,188.329076
26,117,121393,192.601868
26,118,121393,191.820011
26,119,121393,194.912926
26,120,121393,198.910301
26,121,121393,193.893437
26,122,121393,195.727695
26,123,121393,206.322329
26,124,121393,201.543674
26,125,121393,216.905670
26,126,121393,218.691556
26,127,121393,206.157449
26,128,121393,204.984888
26,129,121393,205.596928
26,130,121393,194.172512
26,131,121393,206.189335
26,132,121393,217.375156
26,133,121393,232.719702
26,134,121393,213.271927
26,135,121393,213.843997
26,136,121393,217.363865
26,137,121393,207.467496
26,138,121393,231.433714
26,139,121393,204.898215
26,140,121393,223.628673
26,141,121393,223.900754
26,142,121393,212.783513
26,143,121393,228.170146
26,144,121393,240.411254
26,145,121393,226.969677
26,146,121393,219.586904
26,147,121393,226.033846
26,148,121393,237.766846
26,149,121393,232.141858
26,150,121393,243.099095
26,151,121393,240.488625
26,152,121393,236.042872
26,153,121393,259.712116
26,154,121393,249.426966
26,155,121393,239.511930
26,156,121393,240.572798
26,157,121393,254.267660
26,158,121393,236.631880
26,159,121393,236.792267
26,160,121393,241.421248
26,161,121393,242.219209
26,162,121393,241.058707
26,163,121393,270.922445
26,164,121393,246.986636
26,165,121393,270.270821
26,166,121393,271.200751
26,167,121393,260.781965
26,168,121393,278.009784
26,169,121393,262.285440
26,170,121393,266.155851
26,171,121393,254.289409
26,172,121393,269.269232
26,173,121393,277.949349
26,174,121393,262.895362
26,175,121393,277.915796
26,176,121393,274.064890
26,177,121393,280.579707
26,178,121393,266.417090
26,179,121393,241.259128
26,180,121393,278.039487
26,181,121393,280.862697
26,182,121393,273.873065
26,183,121393,281.548256
26,184,121393,280.498809
26,185,121393,285.074478
26,186,121393,282.617659
26,187,121393,290.914512
26,188,121393,304.776886
26,189,121393,294.613310
26,190,121393,309.138466
26,191,121393,288.992747
26,192,121393,286.540741
26,193,121393,296.961961
26,194,121393,295.473887
26,195,121393,296.075212
26,196,121393,287.484655
26,197,121393,327.320014
26,198,121393,301.401877
26,199,121393,291.937145
26,200,121393,300.105947
26,201,121393,304.414794
26,202,121393,322.132306
26,203,121393,302.894574
26,204,121393,320.435021
26,205,121393,283.348897
26,206,121393,305.828962
26,207,121393,319.736114
26,208,121393,321.273655
26,209,121393,342.757331
26,210,121393,287.231371
26,211,121393,320.484226
26,212,121393,317.203464
26,213,121393,326.108318
26,214,121393,328.136451
26,215,121393,326.523081
26,216,121393,349.566749
26,217,121393,333.707615
26,218,121393,332.972718
26,219,121393,321.882615
26,220,121393,334.810951
26,221,121393,319.307367
26,222,121393,315.907405
26,223,121393,344.053581
26,224,121393,317.087087
26,225,121393,342.255379
26,226,121393,351.173641
26,227,121393,351.237795
26,228,121393,335.646573
26,229,121393,328.961230
26,230,121393,348.688081
26,231,121393,356.332092
26,232,121393,360.200066
26,233,121393,363.569747
26,234,121393,334.546314
26,235,121393,359.250763
26,236,121393,342.244730
26,237,121393,359.981168
26,238,121393,354.805395
26,239,121393,364.938624
26,240,121393,359.520663
27,1,196418,354.772545
27,2,196418,806.906832
27,3,196418,726.567231
27,4,196418,716.274769
27,5,196418,390.550997
27,6,196418,329.088320
27,7,196418,302.621466
27,8,196418,283.932388
27,9,196418,234.434569
27,10,196418,203.482888
27,11,196418,196.804345
27,12,196418,211.937373
27,13,196418,182.643910
27,14,196418,192.192043
27,15,196418,189.901133
27,16,196418,177.011415
27,17,196418,174.833353
27,18,196418,165.672392
27,19,196418,167.686155
27,20,196418,164.247057
27,21,196418,156.272260
27,22,196418,146.686338
27,23,196418,146.716813
27,24,196418,142.944558
27,25,196418,141.666270
27,26,196418,147.412638
27,27,196418,140.304192
27,28,196418,145.345625
27,29,196418,139.960066
27,30,196418,139.296188
27,31,196418,151.052027
27,32,196418,139.640316
27,33,196418,134.826311
27,34,196418,140.191150
27,35,196418,135.337370
27,36,196418,133.773143
27,37,196418,140.376432
27,38,196418,141.666396
27,39,196418,136.682574
27,40,196418,142.980422
27,41,196418,138.843447
27,42,196418,141.179717
27,43,196418,139.844009
27,44,196418,136.420180
27,45,196418,144.133096
27,46,196418,146.866230
27,47,196418,131.203025
27,48,196418,141.340683
27,49,196418,141.871117
27,50,196418,140.604631
27,51,196418,146.312763
27,52,196418,140.743974
27,53,196418,148.295349
27,54,196418,137.263818
27,55,196418,148.190582
27,56,196418,146.399372
27,57,196418,148.491406
27,58,196418,151.437601
27,59,196418,144.735705
27,60,196418,149.954271
27,61,196418,149.749423
27,62,196418,152.243387
27,63,196418,162.632980
27,64,196418,150.772952
27,65,196418,139.162041
27,66,196418,148.559988
27,67,196418,157.210145
27,68,196418,153.965310
27,69,196418,164.330781
27,70,196418,154.313543
27,71,196418,167.319637
27,72,196418,160.157236
27,73,196418,151.872123
27,74,196418,157.878833
27,75,196418,169.027701
27,76,196418,166.151821
27,77,196418,164.689792
27,78,196418,176.046587
27,79,196418,169.723271
27,80,196418,159.504972
27,81,196418,170.569734
27,82,196418,163.636941
27,83,196418,168.006802
27,84,196418,168.727007
27,85,196418,171.191396
27,86,196418,165.022372
27,87,196418,179.688351
27,88,196418,172.030865
27,89,196418,164.641035
27,90,196418,173.912084
27,91,196418,173.709033
27,92,196418,176.347860
27,93,196418,172.039589
27,94,196418,181.562449
27,95,196418,184.571255
27,96,196418,191.087425
27,97,196418,169.769719
27,98,196418,176.842431
27,99,196418,181.910554
27,100,196418,184.332985
27,101,196418,201.901275
27,102,196418,192.215912
27,103,196418,182.484613
27,104,196418,179.428650
27,105,196418,185.252455
27,106,196418,191.203287
27,107,196418,199.148830
27,108,196418,191.548955
27,109,196418,190.467364
27,110,196418,190.870965
27,111,196418,204.829827
27,112,196418,191.657635
27,113,196418,212.672525
27,114,196418,207.693963
27,115,196418,196.125393
27,116,196418,206.370253
27,117,196418,192.285776
27,118,196418,199.555892
27,119,196418,203.740921
27,120,196418,210.392777
27,121,196418,210.622900
27,122,196418,209.416719
27,123,196418,221.873967
27,124,196418,214.101835
27,125,196418,217.697214
27,126,196418,224.243470
27,127,196418,223.254200
27,128,196418,225.332246
27,129,196418,217.523291
27,130,196418,213.943311
27,131,196418,207.091420
27,132,196418,212.306136
27,133,196418,230.561717
27,134,196418,248.012925
27,135,196418,223.911469
27,136,196418,245.393729
27,137,196418,225.863000
27,138,196418,222.163949
27,139,196418,230.571085
27,140,196418,210.478037
27,141,196418,252.843673
27,142,196418,231.348965
27,143,196418,235.060080
27,144,196418,227.514930
27,145,196418,260.879161
27,146,196418,230.942092
27,147,196418,258.895293
27,148,196418,247.918553
27,149,196418,252.597318
27,150,196418,239.972050
27,151,196418,238.588801
27,152,196418,232.237962
27,153,196418,273.461446
27,154,196418,262.258622
27,155,196418,285.277913
27,156,196418,278.769509
27,157,196418,254.391607
27,158,196418,252.201161
27,159,196418,254.877774
27,160,196418,276.935507
27,161,196418,289.842224
27,162,196418,277.535485
27,163,196418,283.731198
27,164,196418,291.409982
27,165,196418,251.786848
27,166,196418,280.823112
27,167,196418,282.277765
27,168,196418,299.867162
27,169,196418,286.280016
27,170,196418,279.105616
27,171,196418,301.570030
27,172,196418,298.908299
27,173,196418,293.132739
27,174,196418,284.128573
27,175,196418,304.880751
27,176,196418,289.631540
27,177,196418,278.149386
27,178,196418,285.661302
27,179,196418,298.471082
27,180,196418,286.818211
27,181,196418,299.620292
27,182,196418,306.214538
27,183,196418,292.115046
27,184,196418,295.095113
27,185,196418,312.810125
27,186,196418,300.686357
27,187,196418,308.139123
27,188,196418,312.822957
27,189,196418,342.757328
27,190,196418,313.967356
27,191,196418,314.158666
27,192,196418,318.592744
27,193,196418,317.285326
27,194,196418,300.356729
27,195,196418,304.012220
27,196,196418,305.775586
27,197,196418,308.945681
27,198,196418,338.753731
27,199,196418,315.505024
27,200,196418,305.035814
27,201,196418,296.393806
27,202,196418,321.535921
27,203,196418,324.023792
27,204,196418,322.297826
27,205,196418,335.057886
27,206,196418,336.686141
27,207,196418,334.947668
27,208,196418,331.317453
27,209,196418,338.037632
27,210,196418,326.391627
27,211,196418,333.982006
27,212,196418,349.421565
27,213,196418,340.862701
27,214,196418,331.892410
27,215,196418,334.293991
27,216,196418,320.126112
27,217,196418,367.561284
27,218,196418,335.739662
27,219,196418,334.914307
27,220,196418,359.767918
27,221,196418,341.477564
27,222,196418,350.701010
27,223,196418,337.232038
27,224,196418,326.993978
27,225,196418,354.127467
27,226,196418,340.145640
27,227,196418,361.312003
27,228,196418,372.829890
27,229,196418,355.726085
27,230,196418,371.315318
27,231,196418,367.375426
27,232,196418,355.706132
27,233,196418,365.366154
27,234,196418,368.520338
27,235,196418,345.124394
27,236,196418,381.688422
27,237,196418,380.522020
27,238,196418,383.888620
27,239,196418,379.392312
27,240,196418,355.568455
28,1,317811,563.682763
28,2,317811,1483.919019
28,3,317811,1386.102677
28,4,317811,1304.457841
28,5,317811,795.822055
28,6,317811,686.631084
28,7,317811,622.705366
28,8,317811,664.126895
28,9,317811,473.468413
28,10,317811,437.259675
28,11,317811,371.533381
28,12,317811,425.389639
28,13,317811,349.317955
28,14,317811,321.087478
28,15,317811,328.653029
28,16,317811,267.757483
28,17,317811,247.759064
28,18,317811,228.403029
28,19,317811,228.433055
28,20,317811,221.089800
28,21,317811,213.298679
28,22,317811,209.128535
28,23,317811,206.404575
28,24,317811,205.575951
28,25,317811,198.455376
28,26,317811,189.979786
28,27,317811,188.094588
28,28,317811,192.150088
28,29,317811,193.424658
28,30,317811,175.079320
28,31,317811,181.067683
28,32,317811,188.514741
28,33,317811,177.215172
28,34,317811,191.257820
28,35,317811,182.254873
28,36,317811,175.585056
28,37,317811,180.480280
28,38,317811,174.659683
28,39,317811,177.974896
28,40,317811,178.995411
28,41,317811,166.683154
28,42,317811,165.800318
28,43,317811,170.834052
28,44,317811,169.092948
28,45,317811,181.737398
28,46,317811,168.741825
28,47,317811,173.664510
28,48,317811,167.646956
28,49,317811,167.482654
28,50,317811,174.020057
28,51,317811,166.070026
28,52,317811,167.695266
28,53,317811,164.063254
28,54,317811,167.230527
28,55,317811,170.063228
28,56,317811,176.442554
28,57,317811,173.417705
28,58,317811,164.924984
28,59,317811,167.397907
28,60,317811,173.813030
28,61,317811,175.797473
28,62,317811,171.008745
28,63,317811,181.480265
28,64,317811,187.550554
28,65,317811,169.152932
28,66,317811,170.375279
28,67,317811,172.064032
28,68,317811,178.346355
28,69,317811,175.036466
28,70,317811,168.698907
28,71,317811,174.158504
28,72,317811,175.806327
28,73,317811,179.663393
28,74,317811,172.166232
28,75,317811,174.365789
28,76,317811,170.625291
28,77,317811,179.258512
28,78,317811,178.410958
28,79,317811,177.245966
28,80,317811,183.332486
28,81,317811,197.453275
28,82,317811,184.739344
28,83,317811,189.553348
28,84,317811,188.449750
28,85,317811,196.954596
28,86,317811,182.922728
28,87,317811,186.103024
28,88,317811,201.049935
28,89,317811,186.556600
28,90,317811,192.302714
28,91,317811,205.145531
28,92,317811,178.638196
28,93,317811,196.521678
28,94,317811,208.649426
28,95,317811,204.303496
28,96,317811,194.090265
28,97,317811,190.032458
28,98,317811,187.763292
28,99,317811,194.407833
28,100,317811,202.541220
28,101,317811,204.426035
28,102,317811,216.082560
28,103,317811,198.096813
28,104,317811,207.780124
28,105,317811,204.075169
28,106,317811,210.961190
28,107,317811,212.153962
28,108,317811,206.564898
28,109,317811,201.968572
28,110,317811,207.309995
28,111,317811,199.356305
28,112,317811,208.718392
28,113,317811,217.363158
28,114,317811,209.691559
28,115,317811,212.151845
28,116,317811,229.485709
28,117,317811,219.008996
28,118,317811,218.322855
28,119,317811,222.303294
28,120,317811,234.761054
28,121,317811,234.071964
28,122,317811,225.062731
28,123,317811,233.443757
28,124,317811,224.976443
28,125,317811,206.411249
28,126,317811,220.477312
28,127,317811,228.656890
28,128,317811,237.112338
28,129,317811,228.969646
28,130,317811,228.056978
28,131,317811,235.575952
28,132,317811,237.842998
28,133,317811,260.757650
28,134,317811,236.461806
28,135,317811,235.840976
28,136,317811,243.674054
28,137,317811,247.434566
28,138,317811,224.617107
28,139,317811,267.342464
28,140,317811,249.339330
28,141,317811,260.310234
28,142,317811,250.594911
28,143,317811,252.294635
28,144,317811,252.768100
28,145,317811,270.478684
28,146,317811,249.357422
28,147,317811,273.305933
28,148,317811,253.598395
28,149,317811,275.330282
28,150,317811,249.484834
28,151,317811,276.132800
28,152,317811,294.281498
28,153,317811,249.561500
28,154,317811,285.610492
28,155,317811,289.993503
28,156,317811,289.123174
28,157,317811,283.373662
28,158,317811,270.772065
28,159,317811,275.964264
28,160,317811,261.237852
28,161,317811,289.429515
28,162,317811,315.827212
28,163,317811,302.548264
28,164,317811,310.717130
28,165,317811,303.737507
28,166,317811,299.105320
28,167,317811,317.671283
28,168,317811,294.068761
28,169,317811,315.461525
28,170,317811,305.566184
28,171,317811,312.155167
28,172,317811,311.434768
28,173,317811,320.872301
28,174,317811,314.875404
28,175,317811,305.365059
28,176,317811,322.097534
28,177,317811,304.440584
28,178,317811,317.946189
28,179,317811,306.157372
28,180,317811,309.124482
28,181,317811,295.240745
28,182,317811,318.081812
28,183,317811,320.130091
28,184,317811,318.597683
28,185,317811,339.458667
28,186,317811,318.287430
28,187,317811,329.668090
28,188,317811,321.353337
28,189,317811,338.806531
28,190,317811,318.547192
28,191,317811,340.216531
28,192,317811,348.434988
28,193,317811,314.717391
28,194,317811,325.412106
28,195,317811,325.599889
28,196,317811,348.369679
28,197,317811,344.443581
28,198,317811,340.809901
28,199,317811,319.341882
28,200,317811,327.643548
28,201,317811,306.690437
28,202,317811,367.813286
28,203,317811,315.687417
28,204,317811,349.442607
28,205,317811,341.135680
28,206,317811,344.450125
28,207,317811,341.985222
28,208,317811,338.827767
28,209,317811,345.859290
28,210,317811,346.655839
28,211,317811,336.585033
28,212,317811,333.137661
28,213,317811,357.407269
28,214,317811,357.525121
28,215,317811,337.396980
28,216,317811,360.031916
28,217,317811,353.916139
28,218,317811,343.715613
28,219,317811,361.868097
28,220,317811,345.578163
28,221,317811,368.003760
28,222,317811,368.189940
28,223,317811,356.833209
28,224,317811,344.048898
28,225,317811,378.935849
28,226,317811,358.782240
28,227,317811,360.832187
28,228,317811,401.251615
28,229,317811,338.652110
28,230,317811,374.320021
28,231,317811,378.898511
28,232,317811,390.496401
28,233,317811,372.810901
28,234,317811,373.909493
28,235,317811,361.611800
28,236,317811,398.242869
28,237,317811,384.543709
28,238,317811,379.986644
28,239,317811,382.647093
28,240,317811,384.512850
29,1,514229,901.076150
29,2,514229,2397.023152
29,3,514229,2298.643211
29,4,514229,2260.830465
29,5,514229,1462.958914
29,6,514229,1191.438096
29,7,514229,1075.178583
29,8,514229,1159.254831
29,9,514229,924.045012
29,10,514229,792.056474
29,11,514229,760.166267
29,12,514229,752.086387
29,13,514229,654.780335
29,14,514229,653.357505
29,15,514229,580.639527
29,16,514229,546.146424
29,17,514229,502.263005
29,18,514229,482.624303
29,19,514229,451.308931
29,20,514229,438.318811
29,21,514229,391.690263
29,22,514229,397.138120
29,23,514229,393.611260
29,24,514229,343.863297
29,25,514229,340.720919
29,26,514229,327.744721
29,27,514229,325.200397
29,28,514229,344.785271
29,29,514229,294.789993
29,30,514229,274.900444
29,31,514229,268.490711
29,32,514229,246.415721
29,33,514229,250.121061
29,34,514229,245.919418
29,35,514229,253.686544
29,36,514229,257.347745
29,37,514229,234.356170
29,38,514229,230.855162
29,39,514229,230.173966
29,40,514229,233.720652
29,41,514229,218.546950
29,42,514229,221.680987
29,43,514229,219.353187
29,44,514229,221.853824
29,45,514229,231.585760
29,46,514229,226.027814
29,47,514229,230.339615
29,48,514229,217.233887
29,49,514229,211.558987
29,50,514229,224.985616
29,51,514229,213.021273
29,52,514229,222.353718
29,53,514229,217.963845
29,54,514229,213.102494
29,55,514229,220.057737
29,56,514229,221.498404
29,57,514229,213.417173
29,58,514229,225.555506
29,59,514229,219.382121
29,60,514229,209.325299
29,61,514229,205.865415
29,62,514229,213.961722
29,63,514229,208.122263
29,64,514229,210.562338
29,65,514229,202.183941
29,66,514229,214.588903
29,67,514229,202.798418
29,68,514229,220.068899
29,69,514229,203.221585
29,70,514229,206.779243
29,71,514229,216.471856
29,72,514229,203.185272
29,73,514229,203.087694
29,74,514229,214.678526
29,75,514229,226.404661
29,76,514229,211.254826
29,77,514229,214.276402
29,78,514229,204.988159
29,79,514229,206.205245
29,80,514229,221.077418
29,81,514229,220.155318
29,82,514229,218.562027
29,83,514229,218.854058
29,84,514229,209.757190
29,85,514229,212.260136
29,86,514229,213.213352
29,87,514229,221.735072
29,88,514229,229.365868
29,89,514229,236.275305
29,90,514229,222.618037
29,91,514229,215.003025
29,92,514229,228.153466
29,93,514229,227.655558
29,94,514229,226.602132
29,95,514229,221.270910
29,96,514229,223.319126
29,97,514229,218.280706
29,98,514229,230.714728
29,99,514229,224.357858
29,100,514229,225.129836
29,101,514229,255.474481
29,102,514229,226.833156
29,103,514229,236.135897
29,104,514229,245.538656
29,105,514229,244.175873
29,106,514229,238.154344
29,107,514229,225.798203
29,108,514229,270.041146
29,109,514229,247.381126
29,110,514229,245.930837
29,111,514229,265.346215
29,112,514229,230.592962
29,113,514229,229.912149
29,114,514229,259.155122
29,115,514229,252.223871
29,116,514229,240.961385
29,117,514229,236.942326
29,118,514229,240.990960
29,119,514229,250.058511
29,120,514229,259.745411
29,121,514229,269.881914
29,122,514229,234.438160
29,123,514229,246.715711
29,124,514229,251.149658
29,125,514229,245.740487
29,126,514229,266.524166
29,127,514229,240.607699
29,128,514229,252.896537
29,129,514229,238.592396
29,130,514229,289.441512
29,131,514229,245.990950
29,132,514229,257.923600
29,133,514229,295.495379
29,134,514229,271.391161
29,135,514229,275.107537
29,136,514229,250.553146
29,137,514229,308.135724
29,138,514229,298.585341
29,139,514229,300.307266
29,140,514229,287.608537
29,141,514229,318.269850
29,142,514229,280.414894
29,143,514229,284.221342
29,144,514229,270.570683
29,145,514229,274.193071
29,146,514229,318.947073
29,147,514229,300.654535
29,148,514229,342.581607
29,149,514229,303.654297
29,150,514229,317.131931
29,151,514229,301.643421
29,152,514229,290.455803
29,153,514229,287.670895
29,154,514229,273.636268
29,155,514229,295.156573
29,156,514229,336.987222
29,157,514229,335.819214
29,158,514229,319.382619
29,159,514229,346.538179
29,160,514229,358.902210
29,161,514229,316.626389
29,162,514229,330.593141
29,163,514229,318.410865
29,164,514229,351.880179
29,165,514229,352.906404
29,166,514229,345.205357
29,167,514229,348.833007
29,168,514229,344.833450
29,169,514229,340.749275
29,170,514229,339.632142
29,171,514229,340.951427
29,172,514229,340.109970
29,173,514229,348.011437
29,174,514229,358.030341
29,175,514229,340.531083
29,176,514229,348.872847
29,177,514229,336.802647
29,178,514229,345.246482
29,179,514229,356.110180
29,180,514229,360.065661
29,181,514229,365.904095
29,182,514229,350.184561
29,183,514229,363.091087
29,184,514229,355.040652
29,185,514229,373.340374
29,186,514229,356.859511
29,187,514229,371.794684
29,188,514229,356.220656
29,189,514229,347.556127
29,190,514229,354.213307
29,191,514229,347.965438
29,192,514229,346.506422
29,193,514229,357.480788
29,194,514229,352.372313
29,195,514229,381.306251
29,196,514229,361.824023
29,197,514229,352.885297
29,198,514229,353.340093
29,199,514229,352.196784
29,200,514229,365.103052
29,201,514229,352.299177
29,202,514229,355.937603
29,203,514229,368.091012
29,204,514229,369.859896
29,205,514229,343.361542
29,206,514229,390.911483
29,207,514229,365.026068
29,208,514229,392.239816
29,209,514229,356.797602
29,210,514229,375.510802
29,211,514229,387.526663
29,212,514229,375.800976
29,213,514229,379.154812
29,214,514229,382.441923
29,215,514229,374.479253
29,216,514229,392.729254
29,217,514229,387.567593
29,218,514229,402.852668
29,219,514229,397.999849
29,220,514229,407.613231
29,221,514229,394.213867
29,222,514229,389.757015
29,223,514229,395.692322
29,224,514229,389.522013
29,225,514229,389.992208
29,226,514229,372.765607
29,227,514229,401.852876
29,228,514229,402.541644
29,229,514229,398.858310
29,230,514229,387.814270
29,231,514229,411.258909
29,232,514229,409.809646
29,233,514229,402.004087
29,234,514229,408.518010
29,235,514229,385.385039
29,236,514229,405.797898
29,237,514229,398.738211
29,238,514229,401.698200
29,239,514229,403.610919
29,240,514229,402.568910
30,1,832040,1446.800624
30,2,832040,3878.069821
30,3,832040,3617.609400
30,4,832040,3604.931588
30,5,832040,2383.877267
30,6,832040,2068.870601
30,7,832040,2021.427344
30,8,832040,2018.155758
30,9,832040,1601.123471
30,10,832040,1433.209180
30,11,832040,1384.911703
30,12,832040,1389.333206
30,13,832040,1205.346978
30,14,832040,1073.530695
30,15,832040,1062.606883
30,16,832040,1039.403339
30,17,832040,974.464100
30,18,832040,867.679136
30,19,832040,809.224754
30,20,832040,809.660111
30,21,832040,740.610841
30,22,832040,699.201629
30,23,832040,676.493684
30,24,832040,701.732161
30,25,832040,629.338936
30,26,832040,555.517939
30,27,832040,578.459986
30,28,832040,564.948287
30,29,832040,555.153668
30,30,832040,521.590621
30,31,832040,539.043239
30,32,832040,484.256218
30,33,832040,465.550586
30,34,832040,455.815503
30,35,832040,460.652028
30,36,832040,462.146453
30,37,832040,439.962721
30,38,832040,415.696323
30,39,832040,428.935106
30,40,832040,448.046966
30,41,832040,412.598080
30,42,832040,376.408139
30,43,832040,374.799322
30,44,832040,392.010141
30,45,832040,384.813803
30,46,832040,338.400043
30,47,832040,358.531842
30,48,832040,370.810096
30,49,832040,354.541910
30,50,832040,359.039182
30,51,832040,334.649282
30,52,832040,377.618938
30,53,832040,347.918219
30,54,832040,323.446011
30,55,832040,330.794974
30,56,832040,318.513832
30,57,832040,306.322445
30,58,832040,324.190336
30,59,832040,305.790854
30,60,832040,335.526411
30,61,832040,310.790459
30,62,832040,309.868486
30,63,832040,297.663371
30,64,832040,326.886584
30,65,832040,296.189344
30,66,832040,314.625137
30,67,832040,316.930806
30,68,832040,306.271184
30,69,832040,298.859667
30,70,832040,282.250241
30,71,832040,282.400366
30,72,832040,315.275350
30,73,832040,301.230327
30,74,832040,283.931232
30,75,832040,290.845290
30,76,832040,298.352715
30,77,832040,286.094478
30,78,832040,292.312900
30,79,832040,284.082381
30,80,832040,287.733639
30,81,832040,275.277740
30,82,832040,270.987883
30,83,832040,300.972554
30,84,832040,292.078285
30,85,832040,262.170346
30,86,832040,300.077332
30,87,832040,281.153704
30,88,832040,320.365412
30,89,832040,297.562774
30,90,832040,280.368958
30,91,832040,314.062303
30,92,832040,268.783258
30,93,832040,283.903967
30,94,832040,290.593418
30,95,832040,301.260288
30,96,832040,254.007255
30,97,832040,310.584136
30,98,832040,276.713851
30,99,832040,255.941272
30,100,832040,272.918951
30,101,832040,298.287214
30,102,832040,276.943078
30,103,832040,295.984753
30,104,832040,292.361850
30,105,832040,295.259029
30,106,832040,294.103595
30,107,832040,309.400539
30,108,832040,306.460826
30,109,832040,308.573518
30,110,832040,305.869830
30,111,832040,295.615412
30,112,832040,280.471414
30,113,832040,342.942480
30,114,832040,326.935724
30,115,832040,282.840788
30,116,832040,294.181159
30,117,832040,314.119529
30,118,832040,305.242842
30,119,832040,323.078338
30,120,832040,316.816740
30,121,832040,304.713049
30,122,832040,300.779958
30,123,832040,299.065031
30,124,832040,349.926529
30,125,832040,309.893251
30,126,832040,316.279826
30,127,832040,323.225702
30,128,832040,314.688328
30,129,832040,313.717472
30,130,832040,339.887735
30,131,832040,319.641485
30,132,832040,342.234272
30,133,832040,335.757176
30,134,832040,319.914019
30,135,832040,334.475230
30,136,832040,354.957762
30,137,832040,320.442272
30,138,832040,327.113882
30,139,832040,359.809748
30,140,832040,361.811642
30,141,832040,340.259194
30,142,832040,327.274338
30,143,832040,368.927594
30,144,832040,347.564724
30,145,832040,343.258765
30,146,832040,346.509886
30,147,832040,340.185673
30,148,832040,355.851571
30,149,832040,380.750412
30,150,832040,357.704243
30,151,832040,368.562167
30,152,832040,382.303608
30,153,832040,343.497614
30,154,832040,376.331153
30,155,832040,356.994238
30,156,832040,354.899061
30,157,832040,414.821568
30,158,832040,365.711244
30,159,832040,391.716376
30,160,832040,373.937850
30,161,832040,408.106391
30,162,832040,391.889721
30,163,832040,390.498132
30,164,832040,409.502213
30,165,832040,409.692370
30,166,832040,374.704054
30,167,832040,397.957060
30,168,832040,397.081984
30,169,832040,390.664872
30,170,832040,381.561588
30,171,832040,391.724459
30,172,832040,394.200971
30,173,832040,378.402401
30,174,832040,399.154066
30,175,832040,393.580270
30,176,832040,414.383003
30,177,832040,401.400327
30,178,832040,415.695294
30,179,832040,395.810878
30,180,832040,400.070648
30,181,832040,419.255838
30,182,832040,395.047753
30,183,832040,405.953154
30,184,832040,425.691617
30,185,832040,400.032668
30,186,832040,400.188884
30,187,832040,417.671977
30,188,832040,416.150411
30,189,832040,422.814647
30,190,832040,420.886467
30,191,832040,401.870967
30,192,832040,400.518002
30,193,832040,411.854393
30,194,832040,416.433270
30,195,832040,411.263206
30,196,832040,411.039946
30,197,832040,429.945356
30,198,832040,407.005684
30,199,832040,423.411096
30,200,832040,424.169795
30,201,832040,400.476621
30,202,832040,412.937974
30,203,832040,394.364183
30,204,832040,417.185811
30,205,832040,402.185712
30,206,832040,426.287555
30,207,832040,432.916056
30,208,832040,437.820968
30,209,832040,438.308803
30,210,832040,429.907247
30,211,832040,439.250921
30,212,832040,437.390937
30,213,832040,431.617365
30,214,832040,417.356206
30,215,832040,439.445118
30,216,832040,443.944570
30,217,832040,433.918544
30,218,832040,431.399815
30,219,832040,436.143890
30,220,832040,439.569770
30,221,832040,443.716498
30,222,832040,433.110703
30,223,832040,421.815433
30,224,832040,441.394662
30,225,832040,451.114734
30,226,832040,431.402124
30,227,832040,450.998805
30,228,832040,441.620488
30,229,832040,448.077952
30,230,832040,432.372983
30,231,832040,437.768618
30,232,832040,454.657184
30,233,832040,439.417787
30,234,832040,465.267471
30,235,832040,459.148487
30,236,832040,463.400430
30,237,832040,457.785578
30,238,832040,452.373648
30,239,832040,439.297431
30,240,832040,449.340332
31,1,1346269,2330.245100
31,2,1346269,6484.762850
31,3,1346269,5856.913531
31,4,1346269,5754.731246
31,5,1346269,3821.073364
31,6,1346269,3168.524790
31,7,1346269,3219.763521
31,8,1346269,3108.282984
31,9,1346269,2492.863647
31,10,1346269,2357.543213
31,11,1346269,2349.121833
31,12,1346269,2383.999802
31,13,1346269,1981.487671
31,14,1346269,1858.198684
31,15,1346269,1790.729682
31,16,1346269,1824.892322
31,17,1346269,1610.967877
31,18,1346269,1535.360160
31,19,1346269,1480.200525
31,20,1346269,1461.428686
31,21,1346269,1281.693312
31,22,1346269,1164.946093
31,23,1346269,1253.067317
31,24,1346269,1177.066781
31,25,1346269,1091.376967
31,26,1346269,1030.766976
31,27,1346269,1037.117945
31,28,1346269,1045.649221
31,29,1346269,952.208834
31,30,1346269,912.739542
31,31,1346269,920.927332
31,32,1346269,919.873457
31,33,1346269,893.631660
31,34,1346269,834.763800
31,35,1346269,797.249954
31,36,1346269,760.891415
31,37,1346269,748.109672
31,38,1346269,736.661841
31,39,1346269,762.089959
31,40,1346269,735.887359
31,41,1346269,686.407952
31,42,1346269,675.647222
31,43,1346269,630.057600
31,44,1346269,663.434597
31,45,1346269,614.840852
31,46,1346269,648.325051
31,47,1346269,617.325322
31,48,1346269,621.248660
31,49,1346269,598.987876
31,50,1346269,600.048554
31,51,1346269,606.762445
31,52,1346269,567.098764
31,53,1346269,562.168642
31,54,1346269,565.287858
31,55,1346269,535.468773
31,56,1346269,541.461050
31,57,1346269,542.488685
31,58,1346269,504.991264
31,59,1346269,542.590694
31,60,1346269,528.697334
31,61,1346269,497.600986
31,62,1346269,527.549793
31,63,1346269,527.155303
31,64,1346269,491.811566
31,65,1346269,511.580503
31,66,1346269,489.610920
31,67,1346269,469.525249
31,68,1346269,448.603960
31,69,1346269,459.880176
31,70,1346269,487.490082
31,71,1346269,474.882775
31,72,1346269,495.434148
31,73,1346269,440.778516
31,74,1346269,455.060975
31,75,1346269,496.688058
31,76,1346269,448.703593
31,77,1346269,443.782129
31,78,1346269,468.922833
31,79,1346269,447.451414
31,80,1346269,457.101428
31,81,1346269,455.520133
31,82,1346269,436.024625
31,83,1346269,442.016581
31,84,1346269,455.373603
31,85,1346269,420.983918
31,86,1346269,467.526884
31,87,1346269,421.208460
31,88,1346269,420.338390
31,89,1346269,469.059676
31,90,1346269,429.532068
31,91,1346269,429.314390
31,92,1346269,426.391037
31,93,1346269,410.133756
31,94,1346269,423.335972
31,95,1346269,449.103857
31,96,1346269,414.883988
31,97,1346269,418.827024
31,98,1346269,447.031134
31,99,1346269,439.975488
31,100,1346269,407.750204
31,101,1346269,450.279947
31,102,1346269,426.283768
31,103,1346269,391.333111
31,104,1346269,419.473066
31,105,1346269,437.077603
31,106,1346269,407.463879
31,107,1346269,419.577895
31,108,1346269,472.287447
31,109,1346269,398.238573
31,110,1346269,426.176053
31,111,1346269,435.722776
31,112,1346269,433.888198
31,113,1346269,441.288871
31,114,1346269,446.856697
31,115,1346269,424.190773
31,116,1346269,436.365289
31,117,1346269,437.290405
31,118,1346269,429.366870
31,119,1346269,413.038567
31,120,1346269,411.266606
31,121,1346269,433.533035
31,122,1346269,437.251335
31,123,1346269,449.057664
31,124,1346269,452.145064
31,125,1346269,418.504259
31,126,1346269,398.761949
31,127,1346269,450.787350
31,128,1346269,467.110837
31,129,1346269,441.001264
31,130,1346269,434.611804
31,131,1346269,404.060836
31,132,1346269,425.773927
31,133,1346269,435.255277
31,134,1346269,413.444349
31,135,1346269,466.527735
31,136,1346269,466.930050
31,137,1346269,423.806036
31,138,1346269,449.789352
31,139,1346269,442.614827
31,140,1346269,432.745082
31,141,1346269,436.345272
31,142,1346269,398.364316
31,143,1346269,451.638497
31,144,1346269,470.266753
31,145,1346269,465.689996
31,146,1346269,456.423117
31,147,1346269,477.097471
31,148,1346269,512.506326
31,149,1346269,464.472526
31,150,1346269,412.876899
31,151,1346269,439.453457
31,152,1346269,464.295199
31,153,1346269,454.611186
31,154,1346269,446.830200
31,155,1346269,483.530432
31,156,1346269,491.136015
31,157,1346269,470.146848
31,158,1346269,477.885617
31,159,1346269,452.280752
31,160,1346269,464.470023
31,161,1346269,481.168112
31,162,1346269,485.292834
31,163,1346269,469.452112
31,164,1346269,495.269717
31,165,1346269,439.832678
31,166,1346269,478.555139
31,167,1346269,442.693098
31,168,1346269,461.863787
31,169,1346269,479.553200
31,170,1346269,497.280145
31,171,1346269,481.302967
31,172,1346269,480.945623
31,173,1346269,483.990101
31,174,1346269,479.154992
31,175,1346269,489.065090
31,176,1346269,471.614395
31,177,1346269,486.649393
31,178,1346269,479.228640
31,179,1346269,493.744815
31,180,1346269,494.817616
31,181,1346269,485.467209
31,182,1346269,491.233209
31,183,1346269,477.329009
31,184,1346269,487.275098
31,185,1346269,489.374381
31,186,1346269,468.693607
31,187,1346269,503.892095
31,188,1346269,485.033070
31,189,1346269,485.106657
31,190,1346269,494.515446
31,191,1346269,487.300888
31,192,1346269,476.842073
31,193,1346269,485.117244
31,194,1346269,498.202440
31,195,1346269,492.821689
31,196,1346269,505.038995
31,197,1346269,504.172453
31,198,1346269,497.040720
31,199,1346269,482.110423
31,200,1346269,474.308139
31,201,1346269,489.716454
31,202,1346269,460.125763
31,203,1346269,495.465456
31,204,1346269,507.954459
31,205,1346269,522.258860
31,206,1346269,500.132095
31,207,1346269,513.917929
31,208,1346269,498.042566
31,209,1346269,483.170778
31,210,1346269,484.009541
31,211,1346269,508.367682
31,212,1346269,496.933579
31,213,1346269,505.856395
31,214,1346269,482.046074
31,215,1346269,495.189910
31,216,1346269,507.585632
31,217,1346269,503.899795
31,218,1346269,513.172769
31,219,1346269,495.946168
31,220,1346269,512.225905
31,221,1346269,505.742585
31,222,1346269,515.428910
31,223,1346269,507.985574
31,224,1346269,503.873428
31,225,1346269,513.716676
31,226,1346269,515.402734
31,227,1346269,515.658457
31,228,1346269,513.198237
31,229,1346269,487.128311
31,230,1346269,503.100422
31,231,1346269,525.734845
31,232,1346269,500.570659
31,233,1346269,507.141615
31,234,1346269,524.236311
31,235,1346269,521.109265
31,236,1346269,516.374426
31,237,1346269,499.606153
31,238,1346269,518.187258
31,239,1346269,517.984784
31,240,1346269,486.405798
32,1,2178309,3760.175379
32,2,2178309,10347.878892
32,3,2178309,9487.331106
32,4,2178309,9468.893390
32,5,2178309,5973.598841
32,6,2178309,5133.893820
32,7,2178309,5042.927443
32,8,2178309,4869.208724
32,9,2178309,4148.272509
32,10,2178309,3810.407326
32,11,2178309,3515.026081
32,12,2178309,3652.856388
32,13,2178309,3175.227905
32,14,2178309,2874.414009
32,15,2178309,2965.186059
32,16,2178309,2863.046565
32,17,2178309,2450.922718
32,18,2178309,2443.116199
32,19,2178309,2390.328508
32,20,2178309,2396.636426
32,21,2178309,2164.156022
32,22,2178309,2035.318779
32,23,2178309,2013.592857
32,24,2178309,2032.727812
32,25,2178309,1909.826388
32,26,2178309,1805.444162
32,27,2178309,1842.813401
32,28,2178309,1754.924094
32,29,2178309,1583.559031
32,30,2178309,1564.692370
32,31,2178309,1497.741678
32,32,2178309,1620.375576
32,33,2178309,1446.671736
32,34,2178309,1414.336748
32,35,2178309,1410.800648
32,36,2178309,1403.434106
32,37,2178309,1296.665564
32,38,2178309,1228.827864
32,39,2178309,1278.208728
32,40,2178309,1280.666253
32,41,2178309,1223.658376
32,42,2178309,1193.042935
32,43,2178309,1149.696110
32,44,2178309,1171.442242
32,45,2178309,1055.801634
32,46,2178309,1059.434157
32,47,2178309,1068.535197
32,48,2178309,1045.074007
32,49,2178309,1079.517775
32,50,2178309,989.838029
32,51,2178309,1009.497069
32,52,2178309,988.627231
32,53,2178309,951.126923
32,54,2178309,922.928971
32,55,2178309,906.558393
32,56,2178309,934.839297
32,57,2178309,968.751155
32,58,2178309,880.228894
32,59,2178309,897.553587
32,60,2178309,861.415612
32,61,2178309,861.920385
32,62,2178309,837.075563
32,63,2178309,877.508592
32,64,2178309,835.816457
32,65,2178309,824.319418
32,66,2178309,817.815440
32,67,2178309,788.021054
32,68,2178309,823.392763
32,69,2178309,780.857691
32,70,2178309,778.778618
32,71,2178309,797.077314
32,72,2178309,758.184647
32,73,2178309,756.856766
32,74,2178309,750.733423
32,75,2178309,731.520900
32,76,2178309,769.143874
32,77,2178309,725.192517
32,78,2178309,685.404247
32,79,2178309,688.519809
32,80,2178309,719.986267
32,81,2178309,721.345328
32,82,2178309,684.433003
32,83,2178309,671.800420
32,84,2178309,675.872728
32,85,2178309,694.930185
32,86,2178309,709.426151
32,87,2178309,677.370172
32,88,2178309,682.703574
32,89,2178309,672.821320
32,90,2178309,663.748702
32,91,2178309,646.413361
32,92,2178309,663.653368
32,93,2178309,687.154974
32,94,2178309,653.795749
32,95,2178309,676.355880
32,96,2178309,688.699251
32,97,2178309,650.035426
32,98,2178309,655.204402
32,99,2178309,638.401225
32,100,2178309,663.573751
32,101,2178309,678.713899
32,102,2178309,663.168483
32,103,2178309,651.837993
32,104,2178309,614.943051
32,105,2178309,651.932426
32,106,2178309,619.763984
32,107,2178309,625.951483
32,108,2178309,627.976603
32,109,2178309,596.562879
32,110,2178309,612.708851
32,111,2178309,638.363758
32,112,2178309,606.602378
32,113,2178309,598.448588
32,114,2178309,574.927414
32,115,2178309,634.674970
32,116,2178309,633.069425
32,117,2178309,642.522482
32,118,2178309,660.037909
32,119,2178309,653.209113
32,120,2178309,635.891350
32,121,2178309,597.662496
32,122,2178309,582.324173
32,123,2178309,620.836400
32,124,2178309,610.196602
32,125,2178309,607.999675
32,126,2178309,641.271329
32,127,2178309,608.096421
32,128,2178309,621.713400
32,129,2178309,608.014880
32,130,2178309,599.672604
32,131,2178309,632.507428
32,132,2178309,597.867409
32,133,2178309,591.541140
32,134,2178309,592.641272
32,135,2178309,579.431358
32,136,2178309,600.399738
32,137,2178309,605.424362
32,138,2178309,608.138187
32,139,2178309,622.984055
32,140,2178309,639.546971
32,141,2178309,617.313838
32,142,2178309,653.392082
32,143,2178309,618.475238
32,144,2178309,592.891284
32,145,2178309,606.180303
32,146,2178309,607.517999
32,147,2178309,623.734028
32,148,2178309,588.703561
32,149,2178309,590.780069
32,150,2178309,592.048030
32,151,2178309,624.872973
32,152,2178309,634.551279
32,153,2178309,614.129692
32,154,2178309,597.002855
32,155,2178309,608.467493
32,156,2178309,596.559414
32,157,2178309,610.724342
32,158,2178309,621.186687
32,159,2178309,601.137457
32,160,2178309,620.779943
32,161,2178309,613.420073
32,162,2178309,633.383978
32,163,2178309,608.164555
32,164,2178309,602.552012
32,165,2178309,607.255477
32,166,2178309,634.858901
32,167,2178309,630.416292
32,168,2178309,622.435209
32,169,2178309,617.041756
32,170,2178309,615.479964
32,171,2178309,596.180516
32,172,2178309,636.167923
32,173,2178309,639.976875
32,174,2178309,637.497666
32,175,2178309,608.993503
32,176,2178309,625.804697
32,177,2178309,621.647640
32,178,2178309,613.453499
32,179,2178309,609.410831
32,180,2178309,639.668031
32,181,2178309,619.307777
32,182,2178309,623.554714
32,183,2178309,604.468515
32,184,2178309,599.034068
32,185,2178309,614.293544
32,186,2178309,622.434182
32,187,2178309,630.254686
32,188,2178309,637.382892
32,189,2178309,605.316069
32,190,2178309,628.974278
32,191,2178309,630.216578
32,192,2178309,620.233470
32,193,2178309,610.812107
32,194,2178309,601.280266
32,195,2178309,607.812663
32,196,2178309,627.837322
32,197,2178309,606.109539
32,198,2178309,602.558555
32,199,2178309,607.516715
32,200,2178309,634.413924
32,201,2178309,609.006076
32,202,2178309,603.566239
32,203,2178309,602.271269
32,204,2178309,606.400996
32,205,2178309,606.588520
32,206,2178309,626.906625
32,207,2178309,614.938495
32,208,2178309,594.459105
32,209,2178309,593.697072
32,210,2178309,610.093824
32,211,2178309,614.307529
32,212,2178309,623.891272
32,213,2178309,635.788509
32,214,2178309,606.512561
32,215,2178309,604.107900
32,216,2178309,594.118827
32,217,2178309,618.137588
32,218,2178309,583.814561
32,219,2178309,597.764825
32,220,2178309,581.620713
32,221,2178309,624.561627
32,222,2178309,615.673776
32,223,2178309,627.216815
32,224,2178309,615.433004
32,225,2178309,620.777377
32,226,2178309,632.173885
32,227,2178309,613.350979
32,228,2178309,642.675427
32,229,2178309,638.900351
32,230,2178309,637.580168
32,231,2178309,611.307897
32,232,2178309,623.449052
32,233,2178309,617.579118
32,234,2178309,642.023035
32,235,2178309,620.365243
32,236,2178309,615.349281
32,237,2178309,615.500365
32,238,2178309,596.655262
32,239,2178309,605.657116
32,240,2178309,627.313432
33,1,3524578,6072.323810
33,2,3524578,16869.520455
33,3,3524578,15215.187857
33,4,3524578,15749.236236
33,5,3524578,9558.702150
33,6,3524578,8330.357308
33,7,3524578,8465.181952
33,8,3524578,8167.616290
33,9,3524578,6980.167358
33,10,3524578,6197.913203
33,11,3524578,6037.602058
33,12,3524578,5916.561839
33,13,3524578,5013.035605
33,14,3524578,4714.050192
33,15,3524578,4674.985206
33,16,3524578,4718.198715
33,17,3524578,4048.584894
33,18,3524578,3899.569405
33,19,3524578,3747.025450
33,20,3524578,3712.265528
33,21,3524578,3346.867680
33,22,3524578,3299.254610
33,23,3524578,3197.955673
33,24,3524578,3304.058860
33,25,3524578,2878.656389
33,26,3524578,2729.788843
33,27,3524578,2756.578397
33,28,3524578,2774.144441
33,29,3524578,2474.970028
33,30,3524578,2453.678306
33,31,3524578,2466.545440
33,32,3524578,2457.686009
33,33,3524578,2410.144533
33,34,3524578,2385.299264
33,35,3524578,2306.301210
33,36,3524578,2292.997436
33,37,3524578,2155.146982
33,38,3524578,2186.524714
33,39,3524578,2132.204422
33,40,3524578,2124.691157
33,41,3524578,2063.697585
33,42,3524578,1959.779131
33,43,3524578,1961.035095
33,44,3524578,1845.408858
33,45,3524578,1872.669824
33,46,3524578,1788.017014
33,47,3524578,1809.686672
33,48,3524578,1794.051440
33,49,3524578,1713.767717
33,50,3524578,1754.910942
33,51,3524578,1682.315630
33,52,3524578,1676.595627
33,53,3524578,1614.297780
33,54,3524578,1545.408256
33,55,3524578,1561.085445
33,56,3524578,1553.686697
33,57,3524578,1502.271090
33,58,3524578,1534.216337
33,59,3524578,1492.628775
33,60,3524578,1453.788012
33,61,3524578,1439.899208
33,62,3524578,1408.335298
33,63,3524578,1407.416083
33,64,3524578,1413.444478
33,65,3524578,1370.319695
33,66,3524578,1318.974082
33,67,3524578,1304.580698
33,68,3524578,1334.023321
33,69,3524578,1314.981838
33,70,3524578,1249.523135
33,71,3524578,1281.320827
33,72,3524578,1299.811538
33,73,3524578,1270.527248
33,74,3524578,1218.733897
33,75,3524578,1195.622290
33,76,3524578,1240.930333
33,77,3524578,1205.594617
33,78,3524578,1153.726396
33,79,3524578,1216.171865
33,80,3524578,1181.016938
33,81,3524578,1140.129113
33,82,3524578,1169.290288
33,83,3524578,1184.942523
33,84,3524578,1105.190134
33,85,3524578,1132.479583
33,86,3524578,1132.068476
33,87,3524578,1092.527075
33,88,3524578,1082.397439
33,89,3524578,1124.038572
33,90,3524578,1015.881845
33,91,3524578,1063.768988
33,92,3524578,1066.770612
33,93,3524578,1089.819155
33,94,3524578,1066.942675
33,95,3524578,1085.822744
33,96,3524578,1043.194840
33,97,3524578,1035.068061
33,98,3524578,998.689248
33,99,3524578,1018.126631
33,100,3524578,1051.804772
33,101,3524578,1011.191148
33,102,3524578,1025.940528
33,103,3524578,986.508766
33,104,3524578,1000.562190
33,105,3524578,953.186301
33,106,3524578,985.661663
33,107,3524578,1019.412490
33,108,3524578,977.165157
33,109,3524578,966.949873
33,110,3524578,981.551760
33,111,3524578,970.120993
33,112,3524578,1011.080158
33,113,3524578,934.167274
33,114,3524578,919.454141
33,115,3524578,954.423788
33,116,3524578,943.013552
33,117,3524578,953.246542
33,118,3524578,931.079746
33,119,3524578,969.153152
33,120,3524578,916.668335
33,121,3524578,917.129930
33,122,3524578,927.003717
33,123,3524578,888.722962
33,124,3524578,943.411184
33,125,3524578,927.934799
33,126,3524578,918.358757
33,127,3524578,914.594843
33,128,3524578,918.714945
33,129,3524578,897.213245
33,130,3524578,892.246039
33,131,3524578,859.017303
33,132,3524578,844.093421
33,133,3524578,873.200387
33,134,3524578,911.584880
33,135,3524578,908.529560
33,136,3524578,868.188078
33,137,3524578,870.047486
33,138,3524578,891.102153
33,139,3524578,885.851380
33,140,3524578,893.129517
33,141,3524578,887.107154
33,142,3524578,834.894034
33,143,3524578,872.757715
33,144,3524578,913.006684
33,145,3524578,884.451196
33,146,3524578,875.097579
33,147,3524578,873.943687
33,148,3524578,890.799405
33,149,3524578,861.617060
33,150,3524578,891.002521
33,151,3524578,828.897267
33,152,3524578,822.516019
33,153,3524578,878.571063
33,154,3524578,870.727849
33,155,3524578,883.853272
33,156,3524578,897.488019
33,157,3524578,795.579675
33,158,3524578,823.077311
33,159,3524578,858.455240
33,160,3524578,849.737978
33,161,3524578,832.803284
33,162,3524578,823.562709
33,163,3524578,848.633869
33,164,3524578,869.184855
33,165,3524578,868.892436
33,166,3524578,866.792898
33,167,3524578,830.580310
33,168,3524578,850.292726
33,169,3524578,842.241201
33,170,3524578,839.771680
33,171,3524578,847.438467
33,172,3524578,853.054861
33,173,3524578,826.676540
33,174,3524578,833.727053
33,175,3524578,861.165922
33,176,3524578,830.304572
33,177,3524578,819.820993
33,178,3524578,858.070374
33,179,3524578,846.806667
33,180,3524578,861.953297
33,181,3524578,822.000467
33,182,3524578,840.069425
33,183,3524578,825.697342
33,184,3524578,834.823143
33,185,3524578,825.968781
33,186,3524578,820.948454
33,187,3524578,800.024020
33,188,3524578,839.368787
33,189,3524578,801.162644
33,190,3524578,815.658098
33,191,3524578,806.380056
33,192,3524578,834.750456
33,193,3524578,804.251453
33,194,3524578,808.418774
33,195,3524578,819.938011
33,196,3524578,834.799212
33,197,3524578,806.073203
33,198,3524578,838.172744
33,199,3524578,817.041410
33,200,3524578,834.645433
33,201,3524578,788.528265
33,202,3524578,828.377611
33,203,3524578,780.719886
33,204,3524578,808.231890
33,205,3524578,793.910363
33,206,3524578,803.084601
33,207,3524578,820.125151
33,208,3524578,803.271807
33,209,3524578,790.343340
33,210,3524578,795.041160
33,211,3524578,812.492558
33,212,3524578,818.989606
33,213,3524578,788.946299
33,214,3524578,790.811287
33,215,3524578,787.444365
33,216,3524578,804.589230
33,217,3524578,782.455026
33,218,3524578,782.976670
33,219,3524578,801.116195
33,220,3524578,793.399816
33,221,3524578,810.671196
33,222,3524578,772.729821
33,223,3524578,796.915256
33,224,3524578,800.077524
33,225,3524578,771.591903
33,226,3524578,815.710255
33,227,3524578,799.558253
33,228,3524578,794.123870
33,229,3524578,807.776712
33,230,3524578,784.364407
33,231,3524578,796.090225
33,232,3524578,788.266447
33,233,3524578,783.956705
33,234,3524578,790.453945
33,235,3524578,780.977983
33,236,3524578,785.960586
33,237,3524578,784.800727
33,238,3524578,774.986413
33,239,3524578,799.586675
33,240,3524578,776.500601
34,1,5702887,9815.853517
34,2,5702887,26916.436162
34,3,5702887,25172.257976
34,4,5702887,25132.581912
34,5,5702887,16298.092055
34,6,5702887,14051.168613
34,7,5702887,13391.513710
34,8,5702887,13617.670350
34,9,5702887,11404.010539
34,10,5702887,9747.669569
34,11,5702887,9918.082955
34,12,5702887,9397.429897
34,13,5702887,8155.793731
34,14,5702887,7269.861065
34,15,5702887,7301.715855
34,16,5702887,7632.387842
34,17,5702887,6617.655334
34,18,5702887,6248.348328
34,19,5702887,6157.081451
34,20,5702887,6235.241063
34,21,5702887,5577.617951
34,22,5702887,4921.731966
34,23,5702887,5033.846869
34,24,5702887,4907.012100
34,25,5702887,4902.303051
34,26,5702887,4511.976149
34,27,5702887,4545.941960
34,28,5702887,4487.953923
34,29,5702887,4166.696629
34,30,5702887,3980.007099
34,31,5702887,4096.520796
34,32,5702887,4010.674763
34,33,5702887,3681.356896
34,34,5702887,3601.983148
34,35,5702887,3448.112148
34,36,5702887,3538.950085
34,37,5702887,3338.660899
34,38,5702887,3452.340801
34,39,5702887,3295.400492
34,40,5702887,3127.178770
34,41,5702887,2990.494977
34,42,5702887,3042.370257
34,43,5702887,2933.933813
34,44,5702887,2854.683499
34,45,5702887,2830.658644
34,46,5702887,2754.297877
34,47,5702887,2698.101562
34,48,5702887,2759.216132
34,49,5702887,2514.169548
34,50,5702887,2532.466573
34,51,5702887,2553.704084
34,52,5702887,2502.735830
34,53,5702887,2470.900864
34,54,5702887,2424.754377
34,55,5702887,2485.363340
34,56,5702887,2435.110992
34,57,5702887,2409.459036
34,58,5702887,2403.846112
34,59,5702887,2363.122587
34,60,5702887,2418.722902
34,61,5702887,2349.251813
34,62,5702887,2320.839004
34,63,5702887,2207.154613
34,64,5702887,2241.853653
34,65,5702887,2187.132263
34,66,5702887,2134.810272
34,67,5702887,2104.748553
34,68,5702887,2083.273606
34,69,5702887,2105.016144
34,70,5702887,2074.951410
34,71,5702887,2057.976618
34,72,5702887,2100.607280
34,73,5702887,1934.956444
34,74,5702887,1934.132693
34,75,5702887,1941.774075
34,76,5702887,1918.921075
34,77,5702887,1893.962380
34,78,5702887,1889.207528
34,79,5702887,1879.955146
34,80,5702887,1857.683134
34,81,5702887,1851.463300
34,82,5702887,1801.454613
34,83,5702887,1726.034808
34,84,5702887,1778.053087
34,85,5702887,1770.655624
34,86,5702887,1753.490421
34,87,5702887,1707.608252
34,88,5702887,1711.099831
34,89,5702887,1727.502228
34,90,5702887,1715.347214
34,91,5702887,1675.198779
34,92,5702887,1712.722695
34,93,5702887,1701.516986
34,94,5702887,1635.670144
34,95,5702887,1624.624245
34,96,5702887,1643.956606
34,97,5702887,1591.343288
34,98,5702887,1617.581428
34,99,5702887,1594.182085
34,100,5702887,1568.098107
34,101,5702887,1556.989849
34,102,5702887,1522.613061
34,103,5702887,1551.404636
34,104,5702887,1595.229480
34,105,5702887,1524.297516
34,106,5702887,1538.952201
34,107,5702887,1517.744910
34,108,5702887,1542.033508
34,109,5702887,1529.043130
34,110,5702887,1439.778660
34,111,5702887,1429.991163
34,112,5702887,1456.178107
34,113,5702887,1437.494674
34,114,5702887,1435.330919
34,115,5702887,1480.717359
34,116,5702887,1436.201950
34,117,5702887,1424.307023
34,118,5702887,1447.173237
34,119,5702887,1423.086536
34,120,5702887,1388.403919
34,121,5702887,1382.973964
34,122,5702887,1412.025112
34,123,5702887,1400.569904
34,124,5702887,1432.050155
34,125,5702887,1368.856447
34,126,5702887,1370.803425
34,127,5702887,1313.319131
34,128,5702887,1338.498588
34,129,5702887,1308.713439
34,130,5702887,1321.893650
34,131,5702887,1312.769324
34,132,5702887,1307.785758
34,133,5702887,1298.046504
34,134,5702887,1311.379276
34,135,5702887,1343.884342
34,136,5702887,1319.619096
34,137,5702887,1267.236415
34,138,5702887,1301.938087
34,139,5702887,1297.575221
34,140,5702887,1227.041210
34,141,5702887,1309.674611
34,142,5702887,1291.412293
34,143,5702887,1229.763823
34,144,5702887,1283.648372
34,145,5702887,1280.632444
34,146,5702887,1232.635661
34,147,5702887,1247.356299
34,148,5702887,1271.639634
34,149,5702887,1228.143071
34,150,5702887,1261.754877
34,151,5702887,1213.055788
34,152,5702887,1258.339006
34,153,5702887,1227.637531
34,154,5702887,1260.074914
34,155,5702887,1257.958693
34,156,5702887,1209.083369
34,157,5702887,1284.249314
34,158,5702887,1235.439558
34,159,5702887,1163.999675
34,160,5702887,1248.305216
34,161,5702887,1205.311885
34,162,5702887,1238.658217
34,163,5702887,1221.674059
34,164,5702887,1234.067537
34,165,5702887,1237.434587
34,166,5702887,1205.449178
34,167,5702887,1234.744438
34,168,5702887,1219.743890
34,169,5702887,1229.925300
34,170,5702887,1176.924292
34,171,5702887,1236.284543
34,172,5702887,1190.627560
34,173,5702887,1218.084711
34,174,5702887,1154.314121
34,175,5702887,1211.315197
34,176,5702887,1198.542498
34,177,5702887,1169.330258
34,178,5702887,1145.399773
34,179,5702887,1204.472418
34,180,5702887,1174.377979
34,181,5702887,1164.489564
34,182,5702887,1139.359060
34,183,5702887,1139.858059
34,184,5702887,1159.573040
34,185,5702887,1142.509715
34,186,5702887,1167.425044
34,187,5702887,1134.943137
34,188,5702887,1153.988277
34,189,5702887,1159.647333
34,190,5702887,1175.891780
34,191,5702887,1151.094883
34,192,5702887,1121.683825
34,193,5702887,1169.298308
34,194,5702887,1114.094472
34,195,5702887,1135.208933
34,196,5702887,1134.727642
34,197,5702887,1132.759043
34,198,5702887,1115.455074
34,199,5702887,1070.349053
34,200,5702887,1118.139704
34,201,5702887,1127.924828
34,202,5702887,1127.923098
34,203,5702887,1091.972390
34,204,5702887,1118.863246
34,205,5702887,1107.937636
34,206,5702887,1115.196721
34,207,5702887,1065.260592
34,208,5702887,1066.375737
34,209,5702887,1071.381115
34,210,5702887,1088.894359
34,211,5702887,1093.676221
34,212,5702887,1094.702382
34,213,5702887,1084.881523
34,214,5702887,1089.430309
34,215,5702887,1086.793858
34,216,5702887,1104.093977
34,217,5702887,1097.943881
34,218,5702887,1080.179470
34,219,5702887,1110.264219
34,220,5702887,1094.415545
34,221,5702887,1086.260022
34,222,5702887,1061.399291
34,223,5702887,1072.927639
34,224,5702887,1073.352793
34,225,5702887,1036.378364
34,226,5702887,1077.295700
34,227,5702887,1029.406825
34,228,5702887,1080.926107
34,229,5702887,1062.752322
34,230,5702887,1070.514701
34,231,5702887,1053.404415
34,232,5702887,1055.087523
34,233,5702887,1067.193906
34,234,5702887,1070.848435
34,235,5702887,1070.239539
34,236,5702887,1044.486153
34,237,5702887,1013.067364
34,238,5702887,1053.612534
34,239,5702887,1046.776747
34,240,5702887,1105.011269
35,1,9227465,15872.989446
35,2,9227465,43709.759248
35,3,9227465,40626.757597
35,4,9227465,39883.934947
35,5,9227465,27848.439035
35,6,9227465,22349.610441
35,7,9227465,23177.960209
35,8,9227465,21183.008636
35,9,9227465,17605.867741
35,10,9227465,16007.944517
35,11,9227465,15591.049587
35,12,9227465,14936.036818
35,13,9227465,13424.421542
35,14,9227465,12142.866869
35,15,9227465,11731.590639
35,16,9227465,11999.853280
35,17,9227465,10300.927902
35,18,9227465,10012.199730
35,19,9227465,9549.124374
35,20,9227465,9675.326770
35,21,9227465,8840.064549
35,22,9227465,8337.747590
35,23,9227465,8132.498319
35,24,9227465,8216.335075
35,25,9227465,7565.213824
35,26,9227465,7415.634862
35,27,9227465,7143.629864
35,28,9227465,7201.336646
35,29,9227465,7126.182316
35,30,9227465,6539.630707
35,31,9227465,6106.517053
35,32,9227465,6488.150751
35,33,9227465,6036.530733
35,34,9227465,5839.362629
35,35,9227465,5573.105668
35,36,9227465,5686.106745
35,37,9227465,5375.113427
35,38,9227465,5213.532526
35,39,9227465,5287.785093
35,40,9227465,5075.225735
35,41,9227465,5119.845269
35,42,9227465,4770.543416
35,43,9227465,4819.924090
35,44,9227465,4762.920447
35,45,9227465,4735.047699
35,46,9227465,4478.927433
35,47,9227465,4452.636043
35,48,9227465,4608.467366
35,49,9227465,4142.868792
35,50,9227465,4223.799261
35,51,9227465,4062.510844
35,52,9227465,4160.738098
35,53,9227465,3885.872168
35,54,9227465,3961.746833
35,55,9227465,3884.827210
35,56,9227465,3954.337883
35,57,9227465,3734.787357
35,58,9227465,3633.701610
35,59,9227465,3694.055110
35,60,9227465,3691.471841
35,61,9227465,3646.182848
35,62,9227465,3441.617793
35,63,9227465,3465.222563
35,64,9227465,3397.910034
35,65,9227465,3293.276318
35,66,9227465,3332.802066
35,67,9227465,3191.001520
35,68,9227465,3177.542107
35,69,9227465,3167.632456
35,70,9227465,3150.024905
35,71,9227465,3085.989353
35,72,9227465,3088.763228
35,73,9227465,2990.790154
35,74,9227465,2966.778579
35,75,9227465,3044.840483
35,76,9227465,2881.423848
35,77,9227465,2852.661910
35,78,9227465,2839.142320
35,79,9227465,2836.277473
35,80,9227465,2709.182682
35,81,9227465,2829.725766
35,82,9227465,2625.254311
35,83,9227465,2596.872171
35,84,9227465,2758.127359
35,85,9227465,2681.085904
35,86,9227465,2578.108608
35,87,9227465,2666.979167
35,88,9227465,2587.261100
35,89,9227465,2539.442282
35,90,9227465,2545.568643
35,91,9227465,2543.772365
35,92,9227465,2573.752737
35,93,9227465,2513.282988
35,94,9227465,2510.428727
35,95,9227465,2495.190038
35,96,9227465,2485.814609
35,97,9227465,2456.240851
35,98,9227465,2488.362141
35,99,9227465,2451.673330
35,100,9227465,2455.628362
35,101,9227465,2406.151073
35,102,9227465,2421.942395
35,103,9227465,2432.570325
35,104,9227465,2405.922489
35,105,9227465,2367.897071
35,106,9227465,2367.436632
35,107,9227465,2431.140629
35,108,9227465,2347.066240
35,109,9227465,2365.380589
35,110,9227465,2358.385825
35,111,9227465,2307.535745
35,112,9227465,2272.308259
35,113,9227465,2255.069982
35,114,9227465,2259.952697
35,115,9227465,2272.323913
35,116,9227465,2260.169862
35,117,9227465,2227.869580
35,118,9227465,2210.571448
35,119,9227465,2157.387407
35,120,9227465,2132.482087
35,121,9227465,2184.402145
35,122,9227465,2155.282992
35,123,9227465,2196.090557
35,124,9227465,2083.067989
35,125,9227465,2092.956915
35,126,9227465,2099.661890
35,127,9227465,2128.068281
35,128,9227465,2121.808861
35,129,9227465,2071.467532
35,130,9227465,2036.923425
35,131,9227465,2035.024051
35,132,9227465,2036.854909
35,133,9227465,2059.131024
35,134,9227465,2014.357969
35,135,9227465,2067.828463
35,136,9227465,2056.749269
35,137,9227465,1978.641044
35,138,9227465,1997.625430
35,139,9227465,2034.292811
35,140,9227465,1996.502586
35,141,9227465,1960.901974
35,142,9227465,1911.522199
35,143,9227465,1966.877185
35,144,9227465,1971.900143
35,145,9227465,1978.321361
35,146,9227465,1973.889527
35,147,9227465,1917.511076
35,148,9227465,1921.387517
35,149,9227465,1874.294680
35,150,9227465,1908.940793
35,151,9227465,1877.715490
35,152,9227465,1920.500703
35,153,9227465,1926.440050
35,154,9227465,1865.075018
35,155,9227465,1890.503265
35,156,9227465,1894.037440
35,157,9227465,1861.755314
35,158,9227465,1887.307060
35,159,9227465,1804.323884
35,160,9227465,1829.713962
35,161,9227465,1836.725534
35,162,9227465,1765.410241
35,163,9227465,1834.617270
35,164,9227465,1851.826931
35,165,9227465,1824.405065
35,166,9227465,1828.167247
35,167,9227465,1829.856450
35,168,9227465,1803.520343
35,169,9227465,1751.006015
35,170,9227465,1725.102314
35,171,9227465,1766.537125
35,172,9227465,1737.503876
35,173,9227465,1693.742865
35,174,9227465,1733.422202
35,175,9227465,1711.160903
35,176,9227465,1727.101643
35,177,9227465,1727.392844
35,178,9227465,1686.708647
35,179,9227465,1707.157179
35,180,9227465,1728.714631
35,181,9227465,1670.929772
35,182,9227465,1659.049729
35,183,9227465,1695.160051
35,184,9227465,1752.621504
35,185,9227465,1662.606036
35,186,9227465,1682.334811
35,187,9227465,1651.014177
35,188,9227465,1654.500042
35,189,9227465,1675.069313
35,190,9227465,1635.685156
35,191,9227465,1718.212638
35,192,9227465,1657.787284
35,193,9227465,1612.455695
35,194,9227465,1648.620487
35,195,9227465,1613.434187
35,196,9227465,1632.451100
35,197,9227465,1655.730472
35,198,9227465,1594.537952
35,199,9227465,1614.263327
35,200,9227465,1600.118738
35,201,9227465,1600.292984
35,202,9227465,1579.544849
35,203,9227465,1578.115280
35,204,9227465,1537.236567
35,205,9227465,1536.592448
35,206,9227465,1539.984394
35,207,9227465,1543.365814
35,208,9227465,1591.615560
35,209,9227465,1545.880436
35,210,9227465,1538.395786
35,211,9227465,1543.759984
35,212,9227465,1592.937797
35,213,9227465,1541.751608
35,214,9227465,1523.362197
35,215,9227465,1559.556180
35,216,9227465,1507.817488
35,217,9227465,1510.700424
35,218,9227465,1522.544156
35,219,9227465,1504.504971
35,220,9227465,1548.177701
35,221,9227465,1526.197210
35,222,9227465,1540.944344
35,223,9227465,1536.997844
35,224,9227465,1532.064897
35,225,9227465,1446.919313
35,226,9227465,1467.053419
35,227,9227465,1498.947665
35,228,9227465,1494.763792
35,229,9227465,1469.002515
35,230,9227465,1461.015081
35,231,9227465,1505.168334
35,232,9227465,1491.537817
35,233,9227465,1466.070693
35,234,9227465,1455.750450
35,235,9227465,1481.926425
35,236,9227465,1537.791060
35,237,9227465,1478.821449
35,238,9227465,1492.851649
35,239,9227465,1440.384603
35,240,9227465,1499.071290
