2,1,0,16.250993
2,2,0,21.022656
2,3,0,20.982621
2,4,0,24.229509
2,5,0,26.391022
2,6,0,26.569244
2,7,0,28.592248
2,8,0,28.586283
2,9,0,39.263291
2,10,0,30.006674
2,11,0,30.731112
2,12,0,31.940502
2,13,0,32.041544
2,14,0,36.487042
2,15,0,35.600548
2,16,0,33.129808
2,17,0,36.442584
2,18,0,35.095713
2,19,0,37.911157
2,20,0,38.346386
2,21,0,42.563812
2,22,0,40.554539
2,23,0,39.226273
2,24,0,40.202198
2,25,0,42.819727
2,26,0,44.561152
2,27,0,44.939473
2,28,0,46.110239
2,29,0,48.710188
2,30,0,51.008415
2,31,0,48.792307
2,32,0,49.091912
2,33,0,48.809629
2,34,0,50.947853
2,35,0,51.781804
2,36,0,49.590076
2,37,0,54.492357
2,38,0,67.888641
2,39,0,53.615612
2,40,0,57.096346
2,41,0,58.197890
2,42,0,58.933876
2,43,0,63.044355
2,44,0,57.809622
2,45,0,57.645836
2,46,0,61.341102
2,47,0,60.649447
2,48,0,62.284183
2,49,0,67.245743
2,50,0,65.141264
2,51,0,62.569608
2,52,0,65.984711
2,53,0,71.373352
2,54,0,71.970764
2,55,0,69.240196
2,56,0,85.471621
2,57,0,71.239076
2,58,0,70.049768
2,59,0,72.765645
2,60,0,72.465400
2,61,0,75.202640
2,62,0,75.670973
2,63,0,75.745328
2,64,0,80.016131
2,65,0,97.262234
2,66,0,73.707634
2,67,0,76.655303
2,68,0,78.606709
2,69,0,88.046934
2,70,0,82.025275
2,71,0,84.261849
2,72,0,81.450190
2,73,0,85.717785
2,74,0,95.402763
2,75,0,82.208374
2,76,0,81.397453
2,77,0,95.092956
2,78,0,85.435440
2,79,0,92.357450
2,80,0,94.872971
2,81,0,94.106766
2,82,0,93.621883
2,83,0,90.906261
2,84,0,89.809211
2,85,0,97.148551
2,86,0,94.481880
2,87,0,109.734684
2,88,0,101.202702
2,89,0,102.982556
2,90,0,100.456065
2,91,0,105.902767
2,92,0,108.891367
2,93,0,108.628460
2,94,0,106.170422
2,95,0,99.737144
2,96,0,110.646265
2,97,0,112.014564
2,98,0,111.477585
2,99,0,120.514920
2,100,0,107.099772
2,101,0,116.112341
2,102,0,108.469869
2,103,0,112.044589
2,104,0,112.035543
2,105,0,130.966872
2,106,0,113.191362
2,107,0,113.776648
2,108,0,115.114986
2,109,0,114.382399
2,110,0,136.451361
2,111,0,116.691725
2,112,0,119.538799
2,113,0,117.233900
2,114,0,116.706866
2,115,0,127.079010
2,116,0,128.787138
2,117,0,130.888730
2,118,0,127.345765
2,119,0,126.338596
2,120,0,129.755301
2,121,0,144.590971
2,122,0,120.848718
2,123,0,137.976582
2,124,0,133.910946
2,125,0,130.633906
2,126,0,140.004011
2,127,0,139.799998
2,128,0,149.958249
2,129,0,146.214415
2,130,0,159.604733
2,131,0,139.799997
2,132,0,138.173090
2,133,0,137.271456
2,134,0,138.751639
2,135,0,147.745924
2,136,0,137.500168
2,137,0,140.436159
2,138,0,150.115749
2,139,0,158.775656
2,140,0,149.869650
2,141,0,146.319244
2,142,0,151.402057
2,143,0,164.716352
2,144,0,147.211192
2,145,0,153.919502
2,146,0,146.826903
2,147,0,150.562654
2,148,0,157.844062
2,149,0,154.625787
2,150,0,173.726035
2,151,0,175.558112
2,152,0,175.314386
2,153,0,158.879781
2,154,0,164.163528
2,155,0,177.314164
2,156,0,157.774132
2,157,0,160.136131
2,158,0,163.584401
2,159,0,159.178871
2,160,0,174.595015
2,161,0,167.104012
2,162,0,167.863866
2,163,0,161.997076
2,164,0,168.563797
2,165,0,164.170842
2,166,0,178.133102
2,167,0,187.745072
2,168,0,173.271304
2,169,0,189.403931
2,170,0,176.150711
2,171,0,180.449294
2,172,0,167.728369
2,173,0,187.695095
2,174,0,176.909729
2,175,0,175.405487
2,176,0,192.177419
2,177,0,199.194123
2,178,0,185.232888
2,179,0,201.510955
2,180,0,190.918504
2,181,0,187.280525
2,182,0,211.400524
2,183,0,199.556214
2,184,0,207.614861
2,185,0,209.354297
2,186,0,197.403235
2,187,0,203.848508
2,188,0,198.574513
2,189,0,208.023207
2,190,0,212.157039
2,191,0,218.215588
2,192,0,203.550574
2,193,0,214.615847
2,194,0,208.610676
2,195,0,222.949270
2,196,0,224.964573
2,197,0,223.171889
2,198,0,217.445087
2,199,0,221.333653
2,200,0,222.118078
2,201,0,232.881438
2,202,0,208.545237
2,203,0,231.389769
2,204,0,213.444438
2,205,0,217.415767
2,206,0,231.183318
2,207,0,227.882603
2,208,0,221.306644
2,209,0,228.194718
2,210,0,224.890540
2,211,0,227.341969
2,212,0,224.853585
2,213,0,218.631570
2,214,0,231.465856
2,215,0,229.541269
2,216,0,227.428001
2,217,0,222.739483
2,218,0,222.075606
2,219,0,234.951529
2,220,0,232.038569
2,221,0,229.316468
2,222,0,241.699874
2,223,0,235.131420
2,224,0,233.672215
2,225,0,233.700762
2,226,0,239.088506
2,227,0,245.527429
2,228,0,237.234038
2,229,0,237.529986
2,230,0,251.704729
2,231,0,245.697441
2,232,0,240.358583
2,233,0,249.102278
2,234,0,233.746891
2,235,0,245.776800
2,236,0,247.789216
2,237,0,235.552535
2,238,0,250.024444
2,239,0,229.518814
2,240,0,237.851724
3,1,0,16.392005
3,2,0,21.374224
3,3,0,22.639298
3,4,0,25.614106
3,5,0,26.107392
3,6,0,29.710470
3,7,0,27.153571
3,8,0,29.840706
3,9,0,31.069210
3,10,0,30.336688
3,11,0,30.876554
3,12,0,30.788852
3,13,0,32.138998
3,14,0,33.186522
3,15,0,37.194866
3,16,0,36.674566
3,17,0,38.771860
3,18,0,36.412110
3,19,0,36.777665
3,20,0,39.234740
3,21,0,41.576851
3,22,0,44.311653
3,23,0,44.076717
3,24,0,44.097759
3,25,0,40.819628
3,26,0,43.568737
3,27,0,45.683927
3,28,0,47.148589
3,29,0,48.650781
3,30,0,44.505720
3,31,0,62.662312
3,32,0,46.376738
3,33,0,52.332190
3,34,0,55.058910
3,35,0,51.104904
3,36,0,50.889984
3,37,0,52.368374
3,38,0,50.980508
3,39,0,53.161845
3,40,0,60.175406
3,41,0,54.589744
3,42,0,55.291215
3,43,0,57.970203
3,44,0,61.952821
3,45,0,63.009904
3,46,0,60.152245
3,47,0,63.495815
3,48,0,65.655147
3,49,0,65.243465
3,50,0,64.636684
3,51,0,67.659992
3,52,0,67.448088
3,53,0,64.125947
3,54,0,69.995238
3,55,0,68.155847
3,56,0,67.273587
3,57,0,72.543476
3,58,0,74.305366
3,59,0,71.825516
3,60,0,80.348903
3,61,0,79.637232
3,62,0,80.750899
3,63,0,77.999994
3,64,0,81.900494
3,65,0,78.199580
3,66,0,80.230087
3,67,0,81.169061
3,68,0,79.599189
3,69,0,78.422904
3,70,0,82.212351
3,71,0,83.638904
3,72,0,85.154696
3,73,0,81.751335
3,74,0,85.462447
3,75,0,88.524571
3,76,0,83.557683
3,77,0,89.360446
3,78,0,92.292845
3,79,0,93.640423
3,80,0,100.321533
3,81,0,95.958603
3,82,0,92.602007
3,83,0,92.752839
3,84,0,97.498388
3,85,0,97.583652
3,86,0,94.864116
3,87,0,91.358235
3,88,0,99.471543
3,89,0,97.465541
3,90,0,116.430358
3,91,0,104.399357
3,92,0,101.244402
3,93,0,101.614129
3,94,0,105.358923
3,95,0,107.236358
3,96,0,108.404109
3,97,0,104.316853
3,98,0,110.008627
3,99,0,112.978238
3,100,0,121.192910
3,101,0,111.738505
3,102,0,114.247097
3,103,0,117.993946
3,104,0,117.824255
3,105,0,112.744007
3,106,0,119.672948
3,107,0,116.771278
3,108,0,110.756932
3,109,0,120.370377
3,110,0,114.125138
3,111,0,122.245759
3,112,0,130.768632
3,113,0,140.537077
3,114,0,127.561840
3,115,0,122.421030
3,116,0,120.190936
3,117,0,128.303409
3,118,0,134.945897
3,119,0,127.766303
3,120,0,128.002328
3,121,0,156.041559
3,122,0,136.915778
3,123,0,132.276597
3,124,0,131.398570
3,125,0,142.748244
3,126,0,132.749804
3,127,0,147.877956
3,128,0,132.579793
3,129,0,159.055887
3,130,0,142.834918
3,131,0,151.727517
3,132,0,139.276363
3,133,0,139.805709
3,134,0,138.628463
3,135,0,156.324291
3,136,0,137.994161
3,137,0,148.671039
3,138,0,157.227659
3,139,0,146.587154
3,140,0,147.244810
3,141,0,142.573549
3,142,0,161.636909
3,143,0,141.584149
3,144,0,160.161791
3,145,0,157.173576
3,146,0,154.579275
3,147,0,167.351843
3,148,0,163.166109
3,149,0,158.156305
3,150,0,152.249481
3,151,0,158.535332
3,152,0,158.542196
3,153,0,178.026478
3,154,0,173.371129
3,155,0,162.350058
3,156,0,159.049214
3,157,0,169.529651
3,158,0,155.443571
3,159,0,161.326270
3,160,0,179.778361
3,161,0,162.189157
3,162,0,159.428307
3,163,0,168.222556
3,164,0,167.553289
3,165,0,167.715345
3,166,0,175.761675
3,167,0,173.250387
3,168,0,169.697158
3,169,0,173.443815
3,170,0,178.247940
3,171,0,171.738126
3,172,0,191.957816
3,173,0,182.553708
3,174,0,194.117467
3,175,0,174.697535
3,176,0,175.477917
3,177,0,184.754356
3,178,0,187.917521
3,179,0,180.119407
3,180,0,184.402464
3,181,0,193.768400
3,182,0,208.342700
3,183,0,185.293708
3,184,0,205.998796
3,185,0,191.534392
3,186,0,212.551337
3,187,0,212.795704
3,188,0,219.188500
3,189,0,196.689123
3,190,0,218.374757
3,191,0,222.377521
3,192,0,217.446881
3,193,0,219.190746
3,194,0,211.684153
3,195,0,213.463879
3,196,0,219.572597
3,197,0,232.019772
3,198,0,215.293260
3,199,0,218.865928
3,200,0,225.535040
3,201,0,218.702462
3,202,0,218.245036
3,203,0,231.237016
3,204,0,216.049969
3,205,0,228.000584
3,206,0,216.961870
3,207,0,215.745105
3,208,0,220.989847
3,209,0,225.085699
3,210,0,227.948619
3,211,0,224.023354
3,212,0,229.526320
3,213,0,217.360015
3,214,0,214.950417
3,215,0,232.177143
3,216,0,234.106801
3,217,0,240.735880
3,218,0,234.634539
3,219,0,236.557204
3,220,0,234.452339
3,221,0,232.274403
3,222,0,227.840902
3,223,0,229.059784
3,224,0,233.999467
3,225,0,239.017356
3,226,0,238.397746
3,227,0,233.003398
3,228,0,235.310606
3,229,0,232.616864
3,230,0,244.626948
3,231,0,243.065928
3,232,0,239.794470
3,233,0,233.221396
3,234,0,235.397406
3,235,0,253.040694
3,236,0,236.305842
3,237,0,259.690495
3,238,0,261.952154
3,239,0,246.239038
3,240,0,242.030977
4,1,2,16.253751
4,2,2,21.522422
4,3,2,22.023602
4,4,2,24.067134
4,5,2,28.526873
4,6,2,29.417154
4,7,2,28.207125
4,8,2,32.076318
4,9,2,29.667488
4,10,2,34.255664
4,11,2,35.398524
4,12,2,35.924787
4,13,2,37.892230
4,14,2,37.661979
4,15,2,37.121086
4,16,2,38.026638
4,17,2,43.074038
4,18,2,41.588525
4,19,2,42.076232
4,20,2,47.765826
4,21,2,42.806381
4,22,2,45.324787
4,23,2,43.871805
4,24,2,52.806811
4,25,2,49.188401
4,26,2,45.649865
4,27,2,47.727974
4,28,2,50.551823
4,29,2,51.892536
4,30,2,53.146961
4,31,2,52.823235
4,32,2,60.156416
4,33,2,50.976658
4,34,2,53.705493
4,35,2,50.883632
4,36,2,61.979959
4,37,2,54.848736
4,38,2,53.324991
4,39,2,60.436066
4,40,2,57.280216
4,41,2,59.404069
4,42,2,61.506879
4,43,2,61.710508
4,44,2,64.056723
4,45,2,64.899913
4,46,2,64.440370
4,47,2,70.145938
4,48,2,65.477885
4,49,2,65.866473
4,50,2,66.847726
4,51,2,65.097126
4,52,2,69.085325
4,53,2,71.304771
4,54,2,75.081836
4,55,2,73.428752
4,56,2,73.393467
4,57,2,71.738716
4,58,2,77.517548
4,59,2,76.940345
4,60,2,69.990810
4,61,2,86.182653
4,62,2,81.183944
4,63,2,83.004219
4,64,2,81.028307
4,65,2,82.703331
4,66,2,76.448213
4,67,2,96.824441
4,68,2,83.152159
4,69,2,86.625707
4,70,2,90.402580
4,71,2,84.738393
4,72,2,89.370454
4,73,2,86.716038
4,74,2,90.197541
4,75,2,90.620515
4,76,2,94.732214
4,77,2,97.311634
4,78,2,87.019942
4,79,2,90.794632
4,80,2,90.342466
4,81,2,95.331293
4,82,2,96.294197
4,83,2,98.517557
4,84,2,94.407590
4,85,2,102.075084
4,86,2,95.577457
4,87,2,104.093787
4,88,2,100.529844
4,89,2,106.046091
4,90,2,100.403329
4,91,2,102.515316
4,92,2,102.298342
4,93,2,104.147998
4,94,2,106.578770
4,95,2,100.235052
4,96,2,106.047760
4,97,2,104.172824
4,98,2,105.667638
4,99,2,107.599475
4,100,2,116.360108
4,101,2,117.364200
4,102,2,119.807032
4,103,2,109.301063
4,104,2,122.837653
4,105,2,111.010024
4,106,2,116.752160
4,107,2,114.936827
4,108,2,126.118737
4,109,2,120.362680
4,110,2,126.988872
4,111,2,122.869473
4,112,2,125.442927
4,113,2,131.933495
4,114,2,125.695184
4,115,2,131.433728
4,116,2,123.816082
4,117,2,124.580363
4,118,2,127.982184
4,119,2,131.672385
4,120,2,129.605181
4,121,2,135.256343
4,122,2,139.174550
4,123,2,132.384634
4,124,2,122.841566
4,125,2,128.641058
4,126,2,138.212095
4,127,2,138.133119
4,128,2,144.215085
4,129,2,152.835733
4,130,2,145.892485
4,131,2,137.422988
4,132,2,135.321652
4,133,2,141.307834
4,134,2,155.004815
4,135,2,154.261258
4,136,2,145.439357
4,137,2,147.878468
4,138,2,143.715574
4,139,2,156.166856
4,140,2,164.699032
4,141,2,150.150009
4,142,2,158.040697
4,143,2,145.407217
4,144,2,157.710682
4,145,2,149.015683
4,146,2,152.489871
4,147,2,149.610079
4,148,2,153.797096
4,149,2,163.418175
4,150,2,153.710293
4,151,2,150.549371
4,152,2,158.027672
4,153,2,161.348209
4,154,2,154.770005
4,155,2,161.537083
4,156,2,157.544906
4,157,2,159.684542
4,158,2,158.885233
4,159,2,157.929965
4,160,2,157.372328
4,161,2,168.113620
4,162,2,178.849265
4,163,2,192.655310
4,164,2,175.953562
4,165,2,177.618450
4,166,2,171.856554
4,167,2,174.714279
4,168,2,183.213222
4,169,2,172.669594
4,170,2,172.327454
4,171,2,167.541422
4,172,2,191.563006
4,173,2,180.274279
4,174,2,181.053826
4,175,2,175.745698
4,176,2,186.655655
4,177,2,198.677354
4,178,2,189.524670
4,179,2,206.836724
4,180,2,187.190132
4,181,2,216.776461
4,182,2,209.499993
4,183,2,205.997448
4,184,2,200.009534
4,185,2,205.083430
4,186,2,207.299089
4,187,2,207.114130
4,188,2,221.671687
4,189,2,207.659577
4,190,2,226.980776
4,191,2,217.461059
4,192,2,204.929137
4,193,2,211.339639
4,194,2,212.819827
4,195,2,210.976522
4,196,2,207.426885
4,197,2,209.485688
4,198,2,214.375521
4,199,2,231.664480
4,200,2,227.966389
4,201,2,223.705337
4,202,2,217.047005
4,203,2,225.171538
4,204,2,216.709613
4,205,2,228.556874
4,206,2,224.329247
4,207,2,227.964080
4,208,2,218.432303
4,209,2,219.613207
4,210,2,225.340522
4,211,2,238.662709
4,212,2,227.223153
4,213,2,242.153192
4,214,2,231.118394
4,215,2,234.395240
4,216,2,227.662423
4,217,2,235.195833
4,218,2,236.854498
4,219,2,227.713940
4,220,2,235.074771
4,221,2,224.011037
4,222,2,236.472583
4,223,2,229.261359
4,224,2,236.503248
4,225,2,229.846903
4,226,2,234.539847
4,227,2,236.613146
4,228,2,242.779155
4,229,2,257.113963
4,230,2,232.096307
4,231,2,237.352725
4,232,2,241.286909
4,233,2,239.946643
4,234,2,258.881114
4,235,2,249.124155
4,236,2,248.452644
4,237,2,232.550846
4,238,2,246.943845
4,239,2,251.420393
4,240,2,247.131691
5,1,10,16.654335
5,2,10,22.068510
5,3,10,21.477835
5,4,10,23.905078
5,5,10,27.605544
5,6,10,26.670161
5,7,10,31.626398
5,8,10,31.570517
5,9,10,29.643172
5,10,10,34.947385
5,11,10,34.308208
5,12,10,36.803776
5,13,10,36.371306
5,14,10,38.774364
5,15,10,41.026400
5,16,10,40.442716
5,17,10,39.662846
5,18,10,42.216346
5,19,10,44.144464
5,20,10,48.862940
5,21,10,47.089758
5,22,10,48.531322
5,23,10,55.633417
5,24,10,57.674832
5,25,10,52.424766
5,26,10,57.426296
5,27,10,62.458299
5,28,10,61.245768
5,29,10,57.817962
5,30,10,57.538825
5,31,10,62.202064
5,32,10,60.498362
5,33,10,63.770591
5,34,10,69.977017
5,35,10,67.417807
5,36,10,69.194005
5,37,10,68.605895
5,38,10,68.306805
5,39,10,77.224552
5,40,10,68.659721
5,41,10,75.744237
5,42,10,75.189040
5,43,10,83.413334
5,44,10,78.547107
5,45,10,83.402172
5,46,10,78.381652
5,47,10,85.976588
5,48,10,79.411534
5,49,10,90.862187
5,50,10,88.189489
5,51,10,87.812576
5,52,10,78.630509
5,53,10,83.436301
5,54,10,89.334654
5,55,10,84.090042
5,56,10,90.936030
5,57,10,86.022392
5,58,10,99.004301
5,59,10,92.212714
5,60,10,91.878082
5,61,10,96.067986
5,62,10,95.527353
5,63,10,90.729323
5,64,10,98.042807
5,65,10,97.554973
5,66,10,80.789648
5,67,10,98.591462
5,68,10,100.008134
5,69,10,100.415649
5,70,10,100.336995
5,71,10,92.975262
5,72,10,100.222349
5,73,10,103.885026
5,74,10,96.160433
5,75,10,108.737138
5,76,10,107.448841
5,77,10,102.548741
5,78,10,111.729842
5,79,10,101.110126
5,80,10,113.977837
5,81,10,114.501536
5,82,10,110.265312
5,83,10,112.607935
5,84,10,112.683445
5,85,10,110.768481
5,86,10,110.604823
5,87,10,114.732493
5,88,10,117.756891
5,89,10,120.561816
5,90,10,114.635298
5,91,10,112.662531
5,92,10,119.372893
5,93,10,126.277199
5,94,10,125.619738
5,95,10,130.577579
5,96,10,130.761318
5,97,10,136.618932
5,98,10,122.381318
5,99,10,127.603927
5,100,10,143.479612
5,101,10,138.449470
5,102,10,125.492134
5,103,10,131.161839
5,104,10,134.684080
5,105,10,134.382423
5,106,10,134.762221
5,107,10,130.896237
5,108,10,131.863823
5,109,10,143.158131
5,110,10,142.305383
5,111,10,131.247422
5,112,10,149.783362
5,113,10,138.753950
5,114,10,140.424420
5,115,10,137.927376
5,116,10,143.353161
5,117,10,149.169268
5,118,10,147.546081
5,119,10,153.184608
5,120,10,158.086375
5,121,10,145.011892
5,122,10,138.797703
5,123,10,154.940530
5,124,10,149.119741
5,125,10,153.475230
5,126,10,147.594837
5,127,10,164.310380
5,128,10,155.463009
5,129,10,159.734711
5,130,10,160.531708
5,131,10,160.987147
5,132,10,154.364484
5,133,10,165.854718
5,134,10,160.943009
5,135,10,184.422738
5,136,10,159.301280
5,137,10,165.913742
5,138,10,171.361341
5,139,10,174.222658
5,140,10,180.423889
5,141,10,157.716841
5,142,10,164.488537
5,143,10,168.807906
5,144,10,158.770076
5,145,10,161.364122
5,146,10,161.470940
5,147,10,181.083980
5,148,10,169.097631
5,149,10,171.420943
5,150,10,178.129060
5,151,10,179.089334
5,152,10,179.847839
5,153,10,175.304634
5,154,10,175.395927
5,155,10,179.646842
5,156,10,172.510808
5,157,10,174.471195
5,158,10,182.082361
5,159,10,174.537787
5,160,10,172.225962
5,161,10,173.066264
5,162,10,181.473978
5,163,10,184.725292
5,164,10,175.793944
5,165,10,184.612573
5,166,10,185.940776
5,167,10,189.906329
5,168,10,188.282498
5,169,10,194.463198
5,170,10,189.146348
5,171,10,215.165849
5,172,10,189.344907
5,173,10,200.308624
5,174,10,191.176278
5,175,10,206.359988
5,176,10,194.246548
5,177,10,198.919025
5,178,10,200.460544
5,179,10,201.371418
5,180,10,203.293568
5,181,10,198.751902
5,182,10,209.634719
5,183,10,213.469846
5,184,10,209.828724
5,185,10,228.739522
5,186,10,229.222482
5,187,10,214.764558
5,188,10,223.905501
5,189,10,222.266148
5,190,10,223.023882
5,191,10,226.627601
5,192,10,228.414642
5,193,10,220.383837
5,194,10,231.823521
5,195,10,226.680080
5,196,10,236.590500
5,197,10,217.595337
5,198,10,244.620599
5,199,10,228.630267
5,200,10,238.116685
5,201,10,224.823241
5,202,10,222.234903
5,203,10,239.517703
5,204,10,209.499736
5,205,10,236.457185
5,206,10,240.716953
5,207,10,240.552716
5,208,10,243.766373
5,209,10,240.369939
5,210,10,237.848129
5,211,10,239.728836
5,212,10,245.049475
5,213,10,249.678584
5,214,10,226.203344
5,215,10,229.717823
5,216,10,235.006766
5,217,10,243.461507
5,218,10,251.401404
5,219,10,237.996266
5,220,10,243.019221
5,221,10,241.117152
5,222,10,255.053110
5,223,10,244.481061
5,224,10,245.385198
5,225,10,245.507093
5,226,10,253.759231
5,227,10,238.524132
5,228,10,242.911569
5,229,10,252.343842
5,230,10,236.742291
5,231,10,248.645814
5,232,10,257.039030
5,233,10,256.024226
5,234,10,249.999422
5,235,10,253.082265
5,236,10,255.907912
5,237,10,257.930465
5,238,10,253.298404
5,239,10,253.577352
5,240,10,257.841162
6,1,4,16.919296
6,2,4,20.517177
6,3,4,22.537291
6,4,4,24.812104
6,5,4,27.577829
6,6,4,29.418115
6,7,4,29.457186
6,8,4,27.825658
6,9,4,32.486075
6,10,4,33.875419
6,11,4,33.995965
6,12,4,35.360223
6,13,4,38.434982
6,14,4,39.419379
6,15,4,39.709681
6,16,4,41.007024
6,17,4,44.763689
6,18,4,43.255979
6,19,4,43.786863
6,20,4,47.192729
6,21,4,47.491306
6,22,4,48.492509
6,23,4,49.128287
6,24,4,53.596111
6,25,4,54.873887
6,26,4,55.783669
6,27,4,62.093257
6,28,4,53.720764
6,29,4,53.401785
6,30,4,58.815447
6,31,4,65.707112
6,32,4,61.862042
6,33,4,57.672650
6,34,4,66.583021
6,35,4,63.664287
6,36,4,66.736928
6,37,4,72.337667
6,38,4,70.326469
6,39,4,73.661765
6,40,4,75.576984
6,41,4,73.081610
6,42,4,70.272836
6,43,4,76.164709
6,44,4,70.251601
6,45,4,75.988797
6,46,4,80.216166
6,47,4,82.398658
6,48,4,83.685416
6,49,4,80.809280
6,50,4,85.200054
6,51,4,89.008171
6,52,4,92.389656
6,53,4,88.555493
6,54,4,87.458441
6,55,4,85.505753
6,56,4,87.006532
6,57,4,98.096378
6,58,4,93.578577
6,59,4,105.246976
6,60,4,98.152128
6,61,4,106.009585
6,62,4,107.092909
6,63,4,102.441214
6,64,4,109.655454
6,65,4,105.050338
6,66,4,105.821547
6,67,4,104.348290
6,68,4,113.502577
6,69,4,110.193267
6,70,4,108.767161
6,71,4,104.204262
6,72,4,120.026379
6,73,4,125.129658
6,74,4,118.142657
6,75,4,118.336918
6,76,4,123.364302
6,77,4,128.317909
6,78,4,119.075280
6,79,4,129.784237
6,80,4,131.461828
6,81,4,126.313189
6,82,4,125.645528
6,83,4,126.151455
6,84,4,140.727295
6,85,4,126.498406
6,86,4,138.891626
6,87,4,138.256426
6,88,4,141.078608
6,89,4,139.732892
6,90,4,139.340774
6,91,4,140.794850
6,92,4,143.291510
6,93,4,145.719908
6,94,4,146.645921
6,95,4,138.996200
6,96,4,149.439745
6,97,4,151.189063
6,98,4,164.402313
6,99,4,151.750805
6,100,4,158.681990
6,101,4,150.250282
6,102,4,148.608875
6,103,4,157.823723
6,104,4,155.244048
6,105,4,153.881395
6,106,4,152.902131
6,107,4,164.475450
6,108,4,164.670739
6,109,4,173.032006
6,110,4,172.222369
6,111,4,171.304180
6,112,4,167.441018
6,113,4,185.572654
6,114,4,171.237010
6,115,4,181.526841
6,116,4,168.532874
6,117,4,183.718122
6,118,4,178.369514
6,119,4,171.890044
6,120,4,176.351389
6,121,4,171.092789
6,122,4,184.211026
6,123,4,177.985675
6,124,4,178.950439
6,125,4,176.164954
6,126,4,182.069594
6,127,4,202.345548
6,128,4,190.726293
6,129,4,195.828613
6,130,4,215.823118
6,131,4,206.821071
6,132,4,192.668910
6,133,4,202.888557
6,134,4,195.280343
6,135,4,199.496422
6,136,4,189.784306
6,137,4,220.245903
6,138,4,217.761305
6,139,4,207.523697
6,140,4,192.495499
6,141,4,199.282977
6,142,4,212.981946
6,143,4,206.449290
6,144,4,209.050651
6,145,4,211.756392
6,146,4,214.962348
6,147,4,197.951054
6,148,4,207.178028
6,149,4,231.160863
6,150,4,220.450944
6,151,4,214.147451
6,152,4,224.917740
6,153,4,225.526638
6,154,4,204.746359
6,155,4,206.180481
6,156,4,255.831890
6,157,4,232.259005
6,158,4,227.923662
6,159,4,226.197892
6,160,4,235.110379
6,161,4,200.621958
6,162,4,237.380762
6,163,4,235.498067
6,164,4,243.136241
6,165,4,237.083787
6,166,4,229.341169
6,167,4,227.530775
6,168,4,243.126362
6,169,4,235.140146
6,170,4,249.132879
6,171,4,250.549938
6,172,4,251.147349
6,173,4,238.398839
6,174,4,201.138598
6,175,4,235.168054
6,176,4,253.981592
6,177,4,248.859452
6,178,4,269.144516
6,179,4,270.000280
6,180,4,227.616488
6,181,4,253.867782
6,182,4,271.197605
6,183,4,247.324669
6,184,4,265.943755
6,185,4,265.154327
6,186,4,287.148224
6,187,4,248.292640
6,188,4,265.510387
6,189,4,257.965045
6,190,4,280.039586
6,191,4,278.108905
6,192,4,287.031269
6,193,4,295.384197
6,194,4,283.123071
6,195,4,284.934362
6,196,4,266.024590
6,197,4,278.136104
6,198,4,279.774947
6,199,4,297.418683
6,200,4,290.834253
6,201,4,284.098742
6,202,4,301.793415
6,203,4,278.921427
6,204,4,287.065400
6,205,4,278.268843
6,206,4,286.963715
6,207,4,289.655020
6,208,4,310.727972
6,209,4,266.696743
6,210,4,301.273888
6,211,4,262.662991
6,212,4,302.360097
6,213,4,304.223997
6,214,4,287.525777
6,215,4,296.601924
6,216,4,290.971996
6,217,4,274.966010
6,218,4,300.960299
6,219,4,297.264773
6,220,4,304.642672
6,221,4,322.133654
6,222,4,304.223546
6,223,4,291.351025
6,224,4,327.478670
6,225,4,285.194318
6,226,4,303.278736
6,227,4,301.766150
6,228,4,310.442803
6,229,4,311.336742
6,230,4,335.271843
6,231,4,308.845982
6,232,4,276.961296
6,233,4,327.453328
6,234,4,256.710428
6,235,4,309.219366
6,236,4,307.252951
6,237,4,330.800108
6,238,4,326.981211
6,239,4,325.432443
6,240,4,309.190624
7,1,40,18.813989
7,2,40,22.705635
7,3,40,22.944227
7,4,40,25.030937
7,5,40,28.380215
7,6,40,27.447786
7,7,40,31.418341
7,8,40,31.073381
7,9,40,32.357639
7,10,40,32.743914
7,11,40,37.276343
7,12,40,35.095135
7,13,40,37.311885
7,14,40,39.471410
7,15,40,39.063639
7,16,40,42.634255
7,17,40,41.687453
7,18,40,39.815664
7,19,40,42.212817
7,20,40,45.965185
7,21,40,49.452590
7,22,40,47.682294
7,23,40,47.959575
7,24,40,55.679161
7,25,40,51.200751
7,26,40,56.161413
7,27,40,51.978630
7,28,40,52.782944
7,29,40,56.601006
7,30,40,60.571755
7,31,40,58.770665
7,32,40,69.102390
7,33,40,58.383299
7,34,40,60.586959
7,35,40,63.661335
7,36,40,63.325740
7,37,40,68.220386
7,38,40,68.242392
7,39,40,67.848801
7,40,40,67.596735
7,41,40,72.160343
7,42,40,72.202749
7,43,40,71.477349
7,44,40,79.361685
7,45,40,82.055236
7,46,40,80.837700
7,47,40,78.975344
7,48,40,87.201948
7,49,40,85.631434
7,50,40,86.399947
7,51,40,88.184867
7,52,40,89.927897
7,53,40,90.000971
7,54,40,92.460804
7,55,40,87.205157
7,56,40,90.212490
7,57,40,88.600978
7,58,40,95.189063
7,59,40,101.587440
7,60,40,100.801734
7,61,40,93.578000
7,62,40,102.691484
7,63,40,98.200758
7,64,40,103.732915
7,65,40,98.681921
7,66,40,100.915096
7,67,40,102.860021
7,68,40,103.529094
7,69,40,112.177326
7,70,40,101.324662
7,71,40,109.507961
7,72,40,105.338074
7,73,40,117.572062
7,74,40,106.628041
7,75,40,121.779800
7,76,40,123.072654
7,77,40,113.114758
7,78,40,114.349873
7,79,40,122.378239
7,80,40,112.678889
7,81,40,122.036613
7,82,40,125.744519
7,83,40,123.045900
7,84,40,129.291975
7,85,40,133.616027
7,86,40,128.329263
7,87,40,121.133567
7,88,40,132.638431
7,89,40,126.073826
7,90,40,122.175829
7,91,40,135.941904
7,92,40,139.586106
7,93,40,136.948112
7,94,40,135.961921
7,95,40,140.200647
7,96,40,132.985637
7,97,40,145.208142
7,98,40,135.902898
7,99,40,135.660649
7,100,40,144.983214
7,101,40,147.589963
7,102,40,152.339106
7,103,40,143.752335
7,104,40,155.237954
7,105,40,154.060709
7,106,40,150.313153
7,107,40,138.970344
7,108,40,154.464053
7,109,40,146.463143
7,110,40,158.242144
7,111,40,160.450297
7,112,40,163.670368
7,113,40,156.124384
7,114,40,162.789133
7,115,40,161.264360
7,116,40,156.063565
7,117,40,157.658974
7,118,40,157.098066
7,119,40,167.994741
7,120,40,176.398991
7,121,40,190.343417
7,122,40,174.399340
7,123,40,163.091434
7,124,40,191.522459
7,125,40,182.765420
7,126,40,189.591777
7,127,40,182.281819
7,128,40,183.923739
7,129,40,193.781679
7,130,40,195.108278
7,131,40,186.540241
7,132,40,192.780668
7,133,40,195.539978
7,134,40,195.020900
7,135,40,189.900875
7,136,40,189.792261
7,137,40,179.077336
7,138,40,218.616430
7,139,40,225.131057
7,140,40,188.539568
7,141,40,193.024908
7,142,40,186.475699
7,143,40,193.424656
7,144,40,211.437605
7,145,40,206.705974
7,146,40,199.365160
7,147,40,215.786356
7,148,40,222.160098
7,149,40,209.621631
7,150,40,222.882869
7,151,40,210.898381
7,152,40,236.243227
7,153,40,229.477113
7,154,40,229.708329
7,155,40,213.027560
7,156,40,228.157122
7,157,40,237.008598
7,158,40,232.742733
7,159,40,230.312925
7,160,40,221.191164
7,161,40,227.414656
7,162,40,224.482318
7,163,40,226.252807
7,164,40,229.884626
7,165,40,234.704789
7,166,40,221.208678
7,167,40,245.627575
7,168,40,242.875836
7,169,40,251.606892
7,170,40,247.437518
7,171,40,263.269514
7,172,40,255.495844
7,173,40,248.742817
7,174,40,243.229265
7,175,40,235.994755
7,176,40,250.414570
7,177,40,253.340941
7,178,40,261.906410
7,179,40,244.124165
7,180,40,265.976154
7,181,40,256.563063
7,182,40,259.016290
7,183,40,275.327332
7,184,40,304.308360
7,185,40,285.887770
7,186,40,265.267110
7,187,40,282.854454
7,188,40,257.926872
7,189,40,282.339931
7,190,40,280.943981
7,191,40,287.653703
7,192,40,273.880636
7,193,40,266.070268
7,194,40,290.524771
7,195,40,277.159922
7,196,40,267.451592
7,197,40,295.190639
7,198,40,291.845596
7,199,40,284.545325
7,200,40,285.400319
7,201,40,300.777008
7,202,40,305.813116
7,203,40,303.996566
7,204,40,307.425846
7,205,40,308.620222
7,206,40,311.495461
7,207,40,328.201248
7,208,40,324.144851
7,209,40,296.107096
7,210,40,283.478170
7,211,40,285.956802
7,212,40,321.807810
7,213,40,301.795278
7,214,40,280.316160
7,215,40,316.315494
7,216,40,306.643861
7,217,40,325.571019
7,218,40,310.763962
7,219,40,345.396412
7,220,40,343.341781
7,221,40,315.139211
7,222,40,314.683388
7,223,40,315.055744
7,224,40,334.462912
7,225,40,329.589757
7,226,40,306.902856
7,227,40,308.834371
7,228,40,328.284072
7,229,40,323.693071
7,230,40,320.737061
7,231,40,321.909305
7,232,40,331.990504
7,233,40,346.624724
7,234,40,343.858037
7,235,40,312.474338
7,236,40,352.919235
7,237,40,336.488865
7,238,40,349.956940
7,239,40,311.347326
7,240,40,330.560038
8,1,92,27.314920
8,2,92,31.451896
8,3,92,29.683267
8,4,92,30.794114
8,5,92,30.071857
8,6,92,32.369443
8,7,92,33.155984
8,8,92,34.073464
8,9,92,31.826433
8,10,92,41.131230
8,11,92,34.364281
8,12,92,37.196725
8,13,92,40.036356
8,14,92,36.011911
8,15,92,40.499430
8,16,92,39.586246
8,17,92,41.525396
8,18,92,44.461583
8,19,92,46.570038
8,20,92,50.273005
8,21,92,50.702651
8,22,92,56.035605
8,23,92,48.855757
8,24,92,49.245948
8,25,92,54.769122
8,26,92,60.442418
8,27,92,53.331535
8,28,92,52.447797
8,29,92,55.077835
8,30,92,55.034339
8,31,92,58.729863
8,32,92,54.360904
8,33,92,59.939057
8,34,92,65.428742
8,35,92,66.617473
8,36,92,65.728091
8,37,92,67.242727
8,38,92,69.078781
8,39,92,84.782212
8,40,92,68.258432
8,41,92,70.946079
8,42,92,78.455558
8,43,92,72.002585
8,44,92,79.762398
8,45,92,79.196871
8,46,92,75.564220
8,47,92,75.839956
8,48,92,81.387447
8,49,92,83.912525
8,50,92,87.730266
8,51,92,81.625333
8,52,92,86.166871
8,53,92,80.830066
8,54,92,82.963351
8,55,92,98.741521
8,56,92,94.235910
8,57,92,94.669085
8,58,92,99.902856
8,59,92,94.829025
8,60,92,97.847201
8,61,92,88.869083
8,62,92,100.856521
8,63,92,100.747650
8,64,92,98.108118
8,65,92,100.674193
8,66,92,101.583463
8,67,92,111.256314
8,68,92,102.321053
8,69,92,102.569719
8,70,92,110.407160
8,71,92,102.646704
8,72,92,109.991177
8,73,92,104.837920
8,74,92,111.897481
8,75,92,102.611932
8,76,92,103.358891
8,77,92,114.272824
8,78,92,113.685675
8,79,92,117.004483
8,80,92,119.685649
8,81,92,123.549968
8,82,92,118.131751
8,83,92,114.769960
8,84,92,121.023796
8,85,92,122.476588
8,86,92,116.461729
8,87,92,128.609748
8,88,92,129.016813
8,89,92,123.188646
8,90,92,126.833615
8,91,92,128.311428
8,92,92,134.127214
8,93,92,127.827699
8,94,92,138.117594
8,95,92,134.548072
8,96,92,138.054465
8,97,92,140.090492
8,98,92,144.714082
8,99,92,139.000497
8,100,92,144.634083
8,101,92,145.889983
8,102,92,138.400006
8,103,92,141.019200
8,104,92,153.932527
8,105,92,153.073489
8,106,92,155.720464
8,107,92,154.453529
8,108,92,145.836925
8,109,92,140.818267
8,110,92,155.371204
8,111,92,158.609110
8,112,92,151.541018
8,113,92,151.295561
8,114,92,150.516333
8,115,92,162.497869
8,116,92,155.339960
8,117,92,176.158538
8,118,92,153.017096
8,119,92,145.686226
8,120,92,171.840259
8,121,92,165.139968
8,122,92,182.943642
8,123,92,177.486932
8,124,92,166.007538
8,125,92,158.144756
8,126,92,171.175165
8,127,92,166.899678
8,128,92,171.913013
8,129,92,181.130107
8,130,92,176.875920
8,131,92,179.453863
8,132,92,179.086896
8,133,92,171.927062
8,134,92,184.215004
8,135,92,169.278163
8,136,92,178.648716
8,137,92,202.716171
8,138,92,195.953010
8,139,92,190.374852
8,140,92,168.612683
8,141,92,187.907258
8,142,92,186.683563
8,143,92,185.081738
8,144,92,183.235677
8,145,92,194.273750
8,146,92,193.170731
8,147,92,204.923556
8,148,92,195.148569
8,149,92,196.798316
8,150,92,206.542188
8,151,92,188.264022
8,152,92,203.966812
8,153,92,208.842981
8,154,92,216.423737
8,155,92,206.571506
8,156,92,198.441776
8,157,92,211.984526
8,158,92,209.391892
8,159,92,208.876471
8,160,92,226.343330
8,161,92,215.950081
8,162,92,223.992689
8,163,92,208.318385
8,164,92,209.948888
8,165,92,215.242128
8,166,92,220.436764
8,167,92,228.376468
8,168,92,219.289029
8,169,92,223.520058
8,170,92,221.015443
8,171,92,258.463979
8,172,92,241.037023
8,173,92,228.035550
8,174,92,231.531614
8,175,92,224.018672
8,176,92,242.057668
8,177,92,243.880183
8,178,92,224.959763
8,179,92,228.966311
8,180,92,238.425974
8,181,92,247.705109
8,182,92,256.611694
8,183,92,237.445430
8,184,92,258.147245
8,185,92,264.674447
8,186,92,246.879689
8,187,92,270.078549
8,188,92,258.385837
8,189,92,260.972249
8,190,92,260.519636
8,191,92,273.896931
8,192,92,246.624546
8,193,92,269.854198
8,194,92,260.106412
8,195,92,278.912639
8,196,92,267.085201
8,197,92,256.233949
8,198,92,266.529233
8,199,92,275.147698
8,200,92,263.715328
8,201,92,273.584238
8,202,92,282.145285
8,203,92,282.212134
8,204,92,277.168069
8,205,92,278.891787
8,206,92,265.641327
8,207,92,304.253121
8,208,92,269.125975
8,209,92,295.464581
8,210,92,288.425489
8,211,92,304.437312
8,212,92,293.344963
8,213,92,257.191849
8,214,92,280.958478
8,215,92,287.318045
8,216,92,308.695349
8,217,92,270.045125
8,218,92,288.362679
8,219,92,293.154487
8,220,92,292.020993
8,221,92,306.319171
8,222,92,324.153835
8,223,92,299.768620
8,224,92,313.050579
8,225,92,288.945210
8,226,92,294.526122
8,227,92,299.159400
8,228,92,305.542575
8,229,92,284.275617
8,230,92,326.227581
8,231,92,325.407424
8,232,92,306.081414
8,233,92,313.571198
8,234,92,327.961566
8,235,92,307.453690
8,236,92,317.075669
8,237,92,313.067581
8,238,92,309.323940
8,239,92,326.741975
8,240,92,328.695370
9,1,352,66.202004
9,2,352,71.082216
9,3,352,56.030219
9,4,352,48.790832
9,5,352,47.820743
9,6,352,48.471019
9,7,352,45.365977
9,8,352,41.167541
9,9,352,44.840546
9,10,352,43.306407
9,11,352,43.000194
9,12,352,41.637348
9,13,352,44.789479
9,14,352,43.571494
9,15,352,46.598460
9,16,352,44.952176
9,17,352,48.894185
9,18,352,46.046663
9,19,352,48.649945
9,20,352,49.914570
9,21,352,50.985192
9,22,352,49.378425
9,23,352,56.001413
9,24,352,50.803824
9,25,352,51.903890
9,26,352,55.080146
9,27,352,54.557218
9,28,352,57.594577
9,29,352,56.881361
9,30,352,56.767360
9,31,352,65.513878
9,32,352,60.089180
9,33,352,61.100008
9,34,352,67.540214
9,35,352,66.022112
9,36,352,65.933129
9,37,352,71.054438
9,38,352,66.426290
9,39,352,73.096622
9,40,352,70.575071
9,41,352,70.131695
9,42,352,74.374335
9,43,352,73.579452
9,44,352,74.916252
9,45,352,76.569913
9,46,352,79.426611
9,47,352,81.229431
9,48,352,81.138524
9,49,352,79.196358
9,50,352,81.016438
9,51,352,88.447712
9,52,352,87.707748
9,53,352,80.404398
9,54,352,87.009803
9,55,352,100.166662
9,56,352,82.940062
9,57,352,94.373716
9,58,352,89.188510
9,59,352,96.509694
9,60,352,93.841228
9,61,352,97.333446
9,62,352,97.961716
9,63,352,108.054593
9,64,352,91.477756
9,65,352,95.763507
9,66,352,99.920242
9,67,352,106.816657
9,68,352,102.463863
9,69,352,104.107004
9,70,352,105.307343
9,71,352,107.314949
9,72,352,110.059437
9,73,352,115.273256
9,74,352,107.638868
9,75,352,114.601168
9,76,352,121.740538
9,77,352,110.203660
9,78,352,123.331199
9,79,352,102.281470
9,80,352,117.774599
9,81,352,115.446797
9,82,352,131.181148
9,83,352,121.364397
9,84,352,120.420675
9,85,352,133.148464
9,86,352,122.480757
9,87,352,124.597298
9,88,352,125.312242
9,89,352,123.055398
9,90,352,131.501986
9,91,352,129.478346
9,92,352,131.037505
9,93,352,131.224644
9,94,352,140.124367
9,95,352,143.473133
9,96,352,130.472620
9,97,352,135.063235
9,98,352,138.038300
9,99,352,139.554798
9,100,352,139.538502
9,101,352,137.134228
9,102,352,141.904926
9,103,352,147.300046
9,104,352,140.054756
9,105,352,151.600041
9,106,352,149.419730
9,107,352,151.248917
9,108,352,156.510791
9,109,352,165.077931
9,110,352,150.435303
9,111,352,154.259974
9,112,352,148.842848
9,113,352,155.255212
9,114,352,164.767805
9,115,352,165.647756
9,116,352,154.863288
9,117,352,155.379929
9,118,352,157.754371
9,119,352,161.846439
9,120,352,164.619286
9,121,352,162.445456
9,122,352,164.175076
9,123,352,173.304471
9,124,352,158.530008
9,125,352,168.720463
9,126,352,187.864336
9,127,352,179.102037
9,128,352,166.598213
9,129,352,169.135546
9,130,352,171.955739
9,131,352,177.290297
9,132,352,184.917373
9,133,352,163.508185
9,134,352,171.080471
9,135,352,192.243242
9,136,352,176.855263
9,137,352,187.840599
9,138,352,182.264305
9,139,352,191.980590
9,140,352,176.741579
9,141,352,175.036017
9,142,352,184.561249
9,143,352,185.911071
9,144,352,186.823100
9,145,352,184.338053
9,146,352,196.009402
9,147,352,190.686583
9,148,352,184.410869
9,149,352,187.270838
9,150,352,183.743272
9,151,352,184.493051
9,152,352,196.544711
9,153,352,203.887580
9,154,352,201.745058
9,155,352,204.453619
9,156,352,211.032210
9,157,352,201.220459
9,158,352,211.399627
9,159,352,218.224505
9,160,352,223.747870
9,161,352,205.733706
9,162,352,208.376960
9,163,352,217.994959
9,164,352,219.828126
9,165,352,217.833609
9,166,352,214.140200
9,167,352,225.059140
9,168,352,213.992197
9,169,352,217.921436
9,170,352,230.285339
9,171,352,212.549283
9,172,352,227.125380
9,173,352,232.314437
9,174,352,215.758770
9,175,352,227.935081
9,176,352,215.222884
9,177,352,232.714058
9,178,352,238.923561
9,179,352,231.436857
9,180,352,232.269140
9,181,352,254.556807
9,182,352,248.087859
9,183,352,244.142899
9,184,352,242.965717
9,185,352,230.752772
9,186,352,261.593013
9,187,352,259.111047
9,188,352,257.548422
9,189,352,267.473276
9,190,352,244.753782
9,191,352,253.432682
9,192,352,247.331598
9,193,352,256.955628
9,194,352,262.902419
9,195,352,270.467585
9,196,352,274.120191
9,197,352,244.147454
9,198,352,255.336292
9,199,352,273.358350
9,200,352,256.952486
9,201,352,260.840026
9,202,352,265.896729
9,203,352,259.474805
9,204,352,271.337016
9,205,352,279.388091
9,206,352,282.336723
9,207,352,268.866403
9,208,352,291.907186
9,209,352,280.129018
9,210,352,268.959492
9,211,352,270.715480
9,212,352,278.803767
9,213,352,277.489358
9,214,352,309.789001
9,215,352,296.468224
9,216,352,283.953109
9,217,352,281.952627
9,218,352,274.142004
9,219,352,280.997999
9,220,352,293.035608
9,221,352,282.650954
9,222,352,296.217761
9,223,352,305.087459
9,224,352,298.925621
9,225,352,292.930201
9,226,352,303.026094
9,227,352,283.005540
9,228,352,301.871941
9,229,352,299.262885
9,230,352,283.015677
9,231,352,310.106951
9,232,352,301.452432
9,233,352,296.574080
9,234,352,284.872965
9,235,352,296.244580
9,236,352,302.077176
9,237,352,305.394634
9,238,352,311.924594
9,239,352,294.279511
9,240,352,286.825845
10,1,724,253.396883
10,2,724,304.854704
10,3,724,180.555920
10,4,724,147.130933
10,5,724,123.661597
10,6,724,112.043177
10,7,724,100.004479
10,8,724,93.102162
10,9,724,85.435759
10,10,724,81.216665
10,11,724,79.825590
10,12,724,79.729936
10,13,724,77.822477
10,14,724,74.738158
10,15,724,77.541477
10,16,724,74.151074
10,17,724,71.799599
10,18,724,76.217702
10,19,724,71.921045
10,20,724,70.069657
10,21,724,70.606828
10,22,724,71.336079
10,23,724,73.786930
10,24,724,72.295453
10,25,724,76.607317
10,26,724,73.807589
10,27,724,74.463445
10,28,724,78.048431
10,29,724,75.671358
10,30,724,73.757931
10,31,724,74.597144
10,32,724,73.427148
10,33,724,81.168677
10,34,724,76.010865
10,35,724,76.483881
10,36,724,82.513688
10,37,724,81.763523
10,38,724,82.210812
10,39,724,82.068709
10,40,724,86.420283
10,41,724,96.232480
10,42,724,84.285715
10,43,724,90.468084
10,44,724,84.137774
10,45,724,91.208882
10,46,724,85.971134
10,47,724,90.187469
10,48,724,94.908898
10,49,724,90.944563
10,50,724,91.857427
10,51,724,93.840137
10,52,724,102.295519
10,53,724,96.907070
10,54,724,98.576835
10,55,724,96.614333
10,56,724,101.423653
10,57,724,93.636638
10,58,724,102.521154
10,59,724,101.311124
10,60,724,98.548607
10,61,724,109.138106
10,62,724,110.869718
10,63,724,104.681768
10,64,724,101.214443
10,65,724,104.429060
10,66,724,111.262153
10,67,724,113.346233
10,68,724,110.603023
10,69,724,106.616108
10,70,724,106.533091
10,71,724,122.039307
10,72,724,105.448741
10,73,724,108.419635
10,74,724,124.417407
10,75,724,122.512131
10,76,724,123.207380
10,77,724,124.077642
10,78,724,121.777301
10,79,724,132.674168
10,80,724,118.056239
10,81,724,120.918261
10,82,724,136.845720
10,83,724,131.546834
10,84,724,117.820341
10,85,724,134.160510
10,86,724,131.569095
10,87,724,132.663003
10,88,724,134.245579
10,89,724,128.593391
10,90,724,128.823002
10,91,724,135.293489
10,92,724,137.176697
10,93,724,143.589767
10,94,724,141.272164
10,95,724,130.454979
10,96,724,138.638599
10,97,724,131.411851
10,98,724,147.852036
10,99,724,153.283598
10,100,724,141.845710
10,101,724,151.687677
10,102,724,146.620388
10,103,724,153.484532
10,104,724,151.982019
10,105,724,146.594598
10,106,724,166.692200
10,107,724,163.004182
10,108,724,154.170542
10,109,724,146.201841
10,110,724,160.538703
10,111,724,159.183106
10,112,724,168.503747
10,113,724,155.405525
10,114,724,160.724943
10,115,724,155.318788
10,116,724,151.411040
10,117,724,156.931454
10,118,724,165.696193
10,119,724,159.188623
10,120,724,166.594493
10,121,724,160.764722
10,122,724,168.657463
10,123,724,167.866879
10,124,724,166.361802
10,125,724,181.991133
10,126,724,173.232426
10,127,724,158.952597
10,128,724,165.923302
10,129,724,184.957919
10,130,724,174.776830
10,131,724,182.855622
10,132,724,188.396632
10,133,724,180.355755
10,134,724,177.267780
10,135,724,192.322281
10,136,724,175.608023
10,137,724,181.698650
10,138,724,198.131649
10,139,724,190.553653
10,140,724,187.091717
10,141,724,196.997901
10,142,724,187.731856
10,143,724,180.169770
10,144,724,200.134251
10,145,724,197.633806
10,146,724,181.759469
10,147,724,207.952315
10,148,724,211.395455
10,149,724,207.203434
10,150,724,207.265279
10,151,724,186.139206
10,152,724,203.279837
10,153,724,196.958574
10,154,724,189.030933
10,155,724,213.935867
10,156,724,198.217556
10,157,724,206.133265
10,158,724,198.682550
10,159,724,203.734569
10,160,724,221.859340
10,161,724,219.986654
10,162,724,221.037642
10,163,724,221.758552
10,164,724,205.946125
10,165,724,226.073815
10,166,724,218.708557
10,167,724,225.154859
10,168,724,218.336009
10,169,724,227.860214
10,170,724,245.397066
10,171,724,206.957594
10,172,724,259.905992
10,173,724,225.411412
10,174,724,225.981817
10,175,724,236.177277
10,176,724,252.856890
10,177,724,234.891095
10,178,724,228.994411
10,179,724,273.402616
10,180,724,252.090301
10,181,724,219.873356
10,182,724,266.406697
10,183,724,232.424909
10,184,724,256.276997
10,185,724,263.969254
10,186,724,278.666218
10,187,724,259.563660
10,188,724,261.398624
10,189,724,274.063349
10,190,724,280.977340
10,191,724,274.968193
10,192,724,270.650107
10,193,724,263.389741
10,194,724,262.565798
10,195,724,277.596881
10,196,724,267.185154
10,197,724,279.048840
10,198,724,283.267293
10,199,724,267.073653
10,200,724,277.543184
10,201,724,295.081643
10,202,724,267.445882
10,203,724,291.213923
10,204,724,281.870764
10,205,724,278.604436
10,206,724,261.852907
10,207,724,280.645788
10,208,724,295.458682
10,209,724,275.668187
10,210,724,272.839976
10,211,724,283.779380
10,212,724,299.453295
10,213,724,279.059682
10,214,724,293.870203
10,215,724,294.390756
10,216,724,285.170453
10,217,724,284.614998
10,218,724,308.488449
10,219,724,309.202302
10,220,724,301.023684
10,221,724,294.037580
10,222,724,295.238887
10,223,724,303.859723
10,224,724,318.701549
10,225,724,316.239344
10,226,724,305.394505
10,227,724,306.680366
10,228,724,308.168248
10,229,724,321.290979
10,230,724,320.786719
10,231,724,293.805084
10,232,724,300.172282
10,233,724,310.798414
10,234,724,303.931960
10,235,724,304.804728
10,236,724,304.700027
10,237,724,310.346379
10,238,724,311.204067
10,239,724,316.727050
10,240,724,322.048200
11,1,2680,1252.486266
11,2,2680,2512.846606
11,3,2680,1752.057710
11,4,2680,1252.058993
11,5,2680,962.669254
11,6,2680,761.021392
11,7,2680,601.515651
11,8,2680,500.963610
11,9,2680,429.180562
11,10,2680,362.797255
11,11,2680,307.257056
11,12,2680,269.046936
11,13,2680,232.876048
11,14,2680,222.279877
11,15,2680,213.929836
11,16,2680,204.564418
11,17,2680,195.913231
11,18,2680,188.355508
11,19,2680,186.159223
11,20,2680,177.105402
11,21,2680,170.560880
11,22,2680,166.622656
11,23,2680,166.040257
11,24,2680,165.537794
11,25,2680,157.603030
11,26,2680,155.693327
11,27,2680,146.965093
11,28,2680,151.586696
11,29,2680,148.587253
11,30,2680,146.211398
11,31,2680,145.427167
11,32,2680,141.434476
11,33,2680,139.493978
11,34,2680,139.542094
11,35,2680,142.661379
11,36,2680,143.166793
11,37,2680,141.589860
11,38,2680,142.932433
11,39,2680,143.631660
11,40,2680,135.447717
11,41,2680,137.713932
11,42,2680,140.412680
11,43,2680,137.699690
11,44,2680,139.814561
11,45,2680,134.006602
11,46,2680,135.186863
11,47,2680,136.675838
11,48,2680,137.748128
11,49,2680,133.048831
11,50,2680,132.928541
11,51,2680,132.512175
11,52,2680,142.568418
11,53,2680,138.216843
11,54,2680,141.025232
11,55,2680,136.916163
11,56,2680,135.715950
11,57,2680,136.923606
11,58,2680,134.765813
11,59,2680,141.658443
11,60,2680,144.583657
11,61,2680,142.572458
11,62,2680,139.951147
11,63,2680,140.891597
11,64,2680,145.112488
11,65,2680,139.949671
11,66,2680,139.345010
11,67,2680,150.571827
11,68,2680,145.349219
11,69,2680,142.521328
11,70,2680,154.308153
11,71,2680,146.589849
11,72,2680,140.927845
11,73,2680,149.332223
11,74,2680,153.642481
11,75,2680,158.893766
11,76,2680,145.241310
11,77,2680,154.694367
11,78,2680,155.554688
11,79,2680,164.173665
11,80,2680,160.025461
11,81,2680,158.302257
11,82,2680,158.910190
11,83,2680,154.641246
11,84,2680,163.396041
11,85,2680,154.968503
11,86,2680,165.050793
11,87,2680,157.691756
11,88,2680,163.962788
11,89,2680,165.144845
11,90,2680,155.253799
11,91,2680,167.358067
11,92,2680,164.773772
11,93,2680,164.153455
11,94,2680,169.127334
11,95,2680,167.305202
11,96,2680,162.537581
11,97,2680,179.602383
11,98,2680,161.265836
11,99,2680,173.554227
11,100,2680,187.826228
11,101,2680,183.032433
11,102,2680,183.118721
11,103,2680,173.925428
11,104,2680,164.522670
11,105,2680,176.460259
11,106,2680,182.387164
11,107,2680,180.104396
11,108,2680,185.630393
11,109,2680,183.463043
11,110,2680,178.901425
11,111,2680,177.506758
11,112,2680,187.792804
11,113,2680,178.006331
11,114,2680,188.372060
11,115,2680,189.064677
11,116,2680,178.584048
11,117,2680,198.278116
11,118,2680,186.421681
11,119,2680,201.080219
11,120,2680,195.542224
11,121,2680,198.591001
11,122,2680,178.058492
11,123,2680,194.381785
11,124,2680,195.026289
11,125,2680,191.327235
11,126,2680,202.617051
11,127,2680,220.479941
11,128,2680,197.267289
11,129,2680,205.738197
11,130,2680,205.734284
11,131,2680,203.190022
11,132,2680,209.549777
11,133,2680,188.901340
11,134,2680,196.906352
11,135,2680,202.361329
11,136,2680,195.123482
11,137,2680,212.260458
11,138,2680,200.425900
11,139,2680,224.966177
11,140,2680,210.290384
11,141,2680,225.616259
11,142,2680,208.421355
11,143,2680,219.043637
11,144,2680,201.807736
11,145,2680,225.289649
11,146,2680,221.412308
11,147,2680,229.029569
11,148,2680,211.212998
11,149,2680,229.361185
11,150,2680,211.478216
11,151,2680,221.830405
11,152,2680,243.164340
11,153,2680,225.079154
11,154,2680,226.870236
11,155,2680,225.874293
11,156,2680,264.636082
11,157,2680,270.666403
11,158,2680,284.903567
11,159,2680,237.541791
11,160,2680,234.316459
11,161,2680,229.688954
11,162,2680,228.357927
11,163,2680,231.951319
11,164,2680,229.028735
11,165,2680,239.834565
11,166,2680,258.100027
11,167,2680,241.784494
11,168,2680,252.863690
11,169,2680,238.864221
11,170,2680,271.937185
11,171,2680,233.434326
11,172,2680,290.429307
11,173,2680,278.265635
11,174,2680,270.845267
11,175,2680,295.700417
11,176,2680,298.726164
11,177,2680,301.931800
11,178,2680,246.476091
11,179,2680,327.637389
11,180,2680,284.005140
11,181,2680,316.466002
11,182,2680,323.601587
11,183,2680,331.785463
11,184,2680,242.921386
11,185,2680,332.378193
11,186,2680,314.106186
11,187,2680,341.469286
11,188,2680,336.651690
11,189,2680,326.947724
11,190,2680,272.630189
11,191,2680,332.516767
11,192,2680,343.333954
11,193,2680,338.846050
11,194,2680,339.187099
11,195,2680,334.171968
11,196,2680,318.635855
11,197,2680,326.300206
11,198,2680,326.352106
11,199,2680,347.819292
11,200,2680,352.809980
11,201,2680,347.351088
11,202,2680,352.767638
11,203,2680,353.587667
11,204,2680,343.886843
11,205,2680,348.028438
11,206,2680,344.455000
11,207,2680,355.555304
11,208,2680,355.579489
11,209,2680,368.095952
11,210,2680,346.403197
11,211,2680,317.191468
11,212,2680,371.110854
11,213,2680,361.508125
11,214,2680,372.880188
11,215,2680,341.731425
11,216,2680,367.171926
11,217,2680,349.127157
11,218,2680,373.378865
11,219,2680,367.199000
11,220,2680,356.558432
11,221,2680,359.755087
11,222,2680,384.389031
11,223,2680,391.300649
11,224,2680,365.452570
11,225,2680,373.764886
11,226,2680,364.373418
11,227,2680,380.499180
11,228,2680,364.479466
11,229,2680,387.904792
11,230,2680,391.942776
11,231,2680,368.751231
11,232,2680,388.378321
11,233,2680,391.053138
11,234,2680,406.908359
11,235,2680,374.738568
11,236,2680,371.761195
11,237,2680,397.753174
11,238,2680,397.711922
11,239,2680,402.416285
11,240,2680,398.977765
12,1,14200,6967.770802
12,2,14200,15386.843479
12,3,14200,10156.609912
12,4,14200,7776.823750
12,5,14200,6432.453947
12,6,14200,4959.305089
12,7,14200,4515.416143
12,8,14200,3797.126392
12,9,14200,3293.831387
12,10,14200,2946.303743
12,11,14200,2656.147994
12,12,14200,2452.041518
12,13,14200,2376.296895
12,14,14200,2286.838613
12,15,14200,2096.477875
12,16,14200,1935.013798
12,17,14200,1846.819179
12,18,14200,1736.069433
12,19,14200,1626.239221
12,20,14200,1580.298350
12,21,14200,1449.062541
12,22,14200,1405.099122
12,23,14200,1359.042259
12,24,14200,1250.816181
12,25,14200,1192.659799
12,26,14200,1154.090475
12,27,14200,1112.365877
12,28,14200,1096.387159
12,29,14200,1009.769151
12,30,14200,976.314845
12,31,14200,961.390643
12,32,14200,920.227660
12,33,14200,899.141875
12,34,14200,877.104543
12,35,14200,827.325789
12,36,14200,828.807321
12,37,14200,803.871142
12,38,14200,765.140724
12,39,14200,721.396011
12,40,14200,740.416579
12,41,14200,724.014693
12,42,14200,692.723057
12,43,14200,664.616077
12,44,14200,667.414328
12,45,14200,643.208235
12,46,14200,640.363985
12,47,14200,619.174078
12,48,14200,602.377701
12,49,14200,588.344420
12,50,14200,582.328666
12,51,14200,575.912774
12,52,14200,564.098678
12,53,14200,564.800344
12,54,14200,553.819756
12,55,14200,530.372936
12,56,14200,522.309285
12,57,14200,521.149746
12,58,14200,500.004555
12,59,14200,507.715803
12,60,14200,510.498656
12,61,14200,496.773258
12,62,14200,487.173669
12,63,14200,473.704760
12,64,14200,468.081505
12,65,14200,470.925820
12,66,14200,467.249219
12,67,14200,470.492195
12,68,14200,475.825727
12,69,14200,474.731691
12,70,14200,467.192122
12,71,14200,456.104778
12,72,14200,473.985312
12,73,14200,462.425786
12,74,14200,463.281614
12,75,14200,455.257034
12,76,14200,460.679229
12,77,14200,417.157710
12,78,14200,466.587011
12,79,14200,463.285592
12,80,14200,441.762464
12,81,14200,465.761079
12,82,14200,454.945562
12,83,14200,454.721146
12,84,14200,428.615420
12,85,14200,450.899364
12,86,14200,447.279799
12,87,14200,429.220660
12,88,14200,449.048876
12,89,14200,451.218663
12,90,14200,443.776548
12,91,14200,442.866828
12,92,14200,422.096751
12,93,14200,456.183754
12,94,14200,452.171816
12,95,14200,439.001998
12,96,14200,466.688120
12,97,14200,475.499499
12,98,14200,439.896962
12,99,14200,444.088662
12,100,14200,450.239080
12,101,14200,452.126202
12,102,14200,437.630555
12,103,14200,441.845351
12,104,14200,451.605775
12,105,14200,430.996088
12,106,14200,427.765045
12,107,14200,453.940251
12,108,14200,439.356071
12,109,14200,461.872511
12,110,14200,463.152405
12,111,14200,451.747878
12,112,14200,447.251571
12,113,14200,454.517006
12,114,14200,413.044792
12,115,14200,441.780940
12,116,14200,475.899825
12,117,14200,446.286936
12,118,14200,481.989363
12,119,14200,448.299799
12,120,14200,459.545673
12,121,14200,501.599002
12,122,14200,444.343999
12,123,14200,462.196431
12,124,14200,433.784523
12,125,14200,463.623561
12,126,14200,473.730550
12,127,14200,438.860601
12,128,14200,467.801659
12,129,14200,475.936137
12,130,14200,512.551876
12,131,14200,448.356706
12,132,14200,472.413126
12,133,14200,475.458309
12,134,14200,490.771806
12,135,14200,502.053734
12,136,14200,472.075028
12,137,14200,514.620749
12,138,14200,516.789639
12,139,14200,512.417085
12,140,14200,496.918374
12,141,14200,463.070994
12,142,14200,520.053272
12,143,14200,520.487474
12,144,14200,517.643929
12,145,14200,484.724806
12,146,14200,495.637583
12,147,14200,521.218008
12,148,14200,533.167082
12,149,14200,500.636804
12,150,14200,490.203137
12,151,14200,520.110369
12,152,14200,523.246399
12,153,14200,522.410907
12,154,14200,566.215605
12,155,14200,528.238817
12,156,14200,558.023900
12,157,14200,511.974545
12,158,14200,516.910701
12,159,14200,553.016469
12,160,14200,537.937974
12,161,14200,531.888856
12,162,14200,514.639610
12,163,14200,560.937568
12,164,14200,517.830876
12,165,14200,624.787199
12,166,14200,574.459659
12,167,14200,550.848477
12,168,14200,569.977146
12,169,14200,612.660863
12,170,14200,500.767744
12,171,14200,552.098409
12,172,14200,536.032119
12,173,14200,565.773192
12,174,14200,592.031414
12,175,14200,569.863912
12,176,14200,670.523479
12,177,14200,553.457278
12,178,14200,617.586368
12,179,14200,591.369013
12,180,14200,608.486933
12,181,14200,614.651210
12,182,14200,590.563418
12,183,14200,669.021928
12,184,14200,678.325824
12,185,14200,651.915107
12,186,14200,635.971736
12,187,14200,682.241337
12,188,14200,675.829165
12,189,14200,617.090450
12,190,14200,673.629801
12,191,14200,670.412105
12,192,14200,672.130881
12,193,14200,671.283394
12,194,14200,687.652305
12,195,14200,644.388433
12,196,14200,679.352690
12,197,14200,686.405002
12,198,14200,689.046137
12,199,14200,681.035094
12,200,14200,685.268752
12,201,14200,681.529151
12,202,14200,671.081368
12,203,14200,693.090537
12,204,14200,700.694388
12,205,14200,689.099707
12,206,14200,717.787096
12,207,14200,703.344121
12,208,14200,687.139577
12,209,14200,681.676773
12,210,14200,680.134421
12,211,14200,713.008764
12,212,14200,716.639298
12,213,14200,702.238601
12,214,14200,697.645164
12,215,14200,713.330629
12,216,14200,714.082205
12,217,14200,704.358606
12,218,14200,706.070135
12,219,14200,717.659685
12,220,14200,694.309355
12,221,14200,705.170296
12,222,14200,711.572587
12,223,14200,708.576545
12,224,14200,719.696031
12,225,14200,711.965923
12,226,14200,705.535917
12,227,14200,743.314015
12,228,14200,733.350926
12,229,14200,723.329902
12,230,14200,720.487833
12,231,14200,708.319091
12,232,14200,706.546486
12,233,14200,730.580516
12,234,14200,702.752997
12,235,14200,763.481675
12,236,14200,735.553368
12,237,14200,722.026270
12,238,14200,730.859526
12,239,14200,753.816392
12,240,14200,756.725955
13,1,73712,41450.751621
13,2,73712,91178.392108
13,3,73712,59813.142072
13,4,73712,46352.537004
13,5,73712,37097.144448
13,6,73712,30599.452107
13,7,73712,26019.097300
13,8,73712,22711.379161
13,9,73712,20037.733515
13,10,73712,18204.006460
13,11,73712,16761.464899
13,12,73712,15338.096336
13,13,73712,14380.422068
13,14,73712,13218.410237
13,15,73712,11989.841046
13,16,73712,11498.537075
13,17,73712,11299.931252
13,18,73712,10743.311129
13,19,73712,9484.160563
13,20,73712,9408.658253
13,21,73712,9097.630997
13,22,73712,8490.628807
13,23,73712,8131.799348
13,24,73712,7570.653084
13,25,73712,7204.372913
13,26,73712,7135.803907
13,27,73712,7031.742071
13,28,73712,6740.364359
13,29,73712,6478.133965
13,30,73712,6217.717362
13,31,73712,5893.213175
13,32,73712,5673.766772
13,33,73712,5606.056355
13,34,73712,5461.595747
13,35,73712,5214.255040
13,36,73712,5099.237376
13,37,73712,5025.832683
13,38,73712,4852.539117
13,39,73712,4806.940322
13,40,73712,4757.393679
13,41,73712,4670.154008
13,42,73712,4516.143020
13,43,73712,4500.591575
13,44,73712,4369.910772
13,45,73712,4323.472186
13,46,73712,4106.585376
13,47,73712,4140.986932
13,48,73712,3960.894404
13,49,73712,3948.865328
13,50,73712,3880.743933
13,51,73712,3782.827830
13,52,73712,3673.479039
13,53,73712,3503.464375
13,54,73712,3504.080391
13,55,73712,3465.662538
13,56,73712,3362.357666
13,57,73712,3310.468852
13,58,73712,3233.271823
13,59,73712,3171.968635
13,60,73712,3234.190906
13,61,73712,3167.786045
13,62,73712,3154.298725
13,63,73712,3049.860425
13,64,73712,3039.920431
13,65,73712,3020.590379
13,66,73712,3040.685672
13,67,73712,2979.652385
13,68,73712,2926.051207
13,69,73712,2959.515967
13,70,73712,2960.774048
13,71,73712,2907.109742
13,72,73712,2870.194592
13,73,73712,2840.168031
13,74,73712,2833.777031
13,75,73712,2855.426158
13,76,73712,2798.730525
13,77,73712,2801.960798
13,78,73712,2737.609474
13,79,73712,2737.005710
13,80,73712,2754.427022
13,81,73712,2774.567738
13,82,73712,2727.563304
13,83,73712,2715.907417
13,84,73712,2715.788152
13,85,73712,2657.961850
13,86,73712,2737.202988
13,87,73712,2598.326952
13,88,73712,2568.055060
13,89,73712,2561.856268
13,90,73712,2637.095798
13,91,73712,2550.468165
13,92,73712,2557.609138
13,93,73712,2577.550781
13,94,73712,2537.402215
13,95,73712,2537.114608
13,96,73712,2534.363959
13,97,73712,2507.539696
13,98,73712,2507.072008
13,99,73712,2502.212710
13,100,73712,2512.570162
13,101,73712,2496.004167
13,102,73712,2489.697336
13,103,73712,2487.762228
13,104,73712,2513.870713
13,105,73712,2508.455573
13,106,73712,2485.652296
13,107,73712,2468.045000
13,108,73712,2479.733541
13,109,73712,2490.068474
13,110,73712,2481.901405
13,111,73712,2457.030601
13,112,73712,2475.390049
13,113,73712,2464.754999
13,114,73712,2449.868072
13,115,73712,2457.489631
13,116,73712,2448.528258
13,117,73712,2462.112965
13,118,73712,2448.373259
13,119,73712,2429.390607
13,120,73712,2425.806647
13,121,73712,2465.761144
13,122,73712,2454.500902
13,123,73712,2459.902952
13,124,73712,2452.213004
13,125,73712,2431.521004
13,126,73712,2427.696657
13,127,73712,2443.761086
13,128,73712,2446.694513
13,129,73712,2454.774909
13,130,73712,2413.736512
13,131,73712,2440.894572
13,132,73712,2442.706955
13,133,73712,2471.940753
13,134,73712,2479.059722
13,135,73712,2485.919373
13,136,73712,2500.071340
13,137,73712,2505.147163
13,138,73712,2526.010134
13,139,73712,2522.756445
13,140,73712,2505.688117
13,141,73712,2521.451980
13,142,73712,2501.522079
13,143,73712,2497.005432
13,144,73712,2483.261556
13,145,73712,2507.608215
13,146,73712,2501.723653
13,147,73712,2489.804156
13,148,73712,2479.978165
13,149,73712,2483.345922
13,150,73712,2446.298163
13,151,73712,2424.580902
13,152,73712,2449.939092
13,153,73712,2443.951499
13,154,73712,2424.925992
13,155,73712,2450.703433
13,156,73712,2443.985051
13,157,73712,2455.962547
13,158,73712,2447.664666
13,159,73712,2456.546037
13,160,73712,2452.007836
13,161,73712,2458.604004
13,162,73712,2447.932386
13,163,73712,2450.428981
13,164,73712,2448.575346
13,165,73712,2437.039559
13,166,73712,2447.112933
13,167,73712,2490.857711
13,168,73712,2489.112370
13,169,73712,2465.433569
13,170,73712,2461.304676
13,171,73712,2466.590927
13,172,73712,2468.445520
13,173,73712,2461.065827
13,174,73712,2478.486944
13,175,73712,2438.070724
13,176,73712,2466.336743
13,177,73712,2474.540188
13,178,73712,2450.616056
13,179,73712,2446.879278
13,180,73712,2443.151678
13,181,73712,2482.134673
13,182,73712,2477.266971
13,183,73712,2477.974409
13,184,73712,2495.161746
13,185,73712,2466.668746
13,186,73712,2519.656730
13,187,73712,2491.645278
13,188,73712,2509.027261
13,189,73712,2480.641784
13,190,73712,2484.128229
13,191,73712,2480.800377
13,192,73712,2482.780587
13,193,73712,2498.973712
13,194,73712,2464.463928
13,195,73712,2496.620183
13,196,73712,2474.593758
13,197,73712,2492.481540
13,198,73712,2474.322702
13,199,73712,2511.070600
13,200,73712,2479.182192
13,201,73712,2482.047872
13,202,73712,2509.819832
13,203,73712,2498.826475
13,204,73712,2464.290838
13,205,73712,2488.972384
13,206,73712,2480.191867
13,207,73712,2523.013194
13,208,73712,2488.676759
13,209,73712,2487.492713
13,210,73712,2490.480477
13,211,73712,2491.116384
13,212,73712,2488.941078
13,213,73712,2498.156312
13,214,73712,2493.445214
13,215,73712,2494.396825
13,216,73712,2524.996678
13,217,73712,2515.130845
13,218,73712,2484.372016
13,219,73712,2509.200607
13,220,73712,2510.934463
13,221,73712,2471.982198
13,222,73712,2517.677739
13,223,73712,2518.878401
13,224,73712,2526.097450
13,225,73712,2500.807392
13,226,73712,2507.046602
13,227,73712,2514.341676
13,228,73712,2514.778251
13,229,73712,2483.939739
13,230,73712,2487.568094
13,231,73712,2501.305620
13,232,73712,2501.843687
13,233,73712,2516.446730
13,234,73712,2500.636227
13,235,73712,2494.942719
13,236,73712,2493.359310
13,237,73712,2493.665585
13,238,73712,2502.565241
13,239,73712,2497.385875
13,240,73712,2501.438677
