2,1,0,0.531525
2,2,0,3.212246
2,3,0,3.279222
2,4,0,6.741608
2,5,0,6.217716
2,6,0,8.627382
2,7,0,9.222869
2,8,0,8.495158
2,9,0,11.401447
2,10,0,12.176247
2,11,0,14.175257
2,12,0,13.089494
2,13,0,15.159716
2,14,0,15.906096
2,15,0,17.897854
2,16,0,19.564026
2,17,0,21.641495
2,18,0,23.471328
2,19,0,21.417786
2,20,0,23.295669
2,21,0,26.109896
2,22,0,27.054130
2,23,0,26.274903
2,24,0,28.863239
2,25,0,28.667565
2,26,0,30.392118
2,27,0,32.862472
2,28,0,34.639055
2,29,0,35.631471
2,30,0,36.622539
2,31,0,36.441492
2,32,0,37.403178
2,33,0,38.040429
2,34,0,40.321143
2,35,0,41.208278
2,36,0,43.397057
2,37,0,42.453592
2,38,0,44.547423
2,39,0,44.645707
2,40,0,49.622665
2,41,0,49.158825
2,42,0,49.315300
2,43,0,51.167199
2,44,0,52.185341
2,45,0,52.158074
2,46,0,53.816739
2,47,0,54.793691
2,48,0,56.445622
2,49,0,59.340812
2,50,0,58.474975
2,51,0,60.359081
2,52,0,62.504235
2,53,0,61.516566
2,54,0,63.615785
2,55,0,63.871121
2,56,0,65.215684
2,57,0,64.653429
2,58,0,67.499541
2,59,0,69.919471
2,60,0,71.358468
2,61,0,75.851955
2,62,0,73.428046
2,63,0,73.563736
2,64,0,74.638524
2,65,0,76.773991
2,66,0,76.859254
2,67,0,77.226412
2,68,0,76.164003
2,69,0,81.987939
2,70,0,77.914667
2,71,0,84.077659
2,72,0,85.451285
2,73,0,82.609985
2,74,0,84.594107
2,75,0,86.472441
2,76,0,93.563373
2,77,0,92.639861
2,78,0,90.212298
2,79,0,91.935245
2,80,0,91.508550
2,81,0,91.741175
2,82,0,95.097771
2,83,0,97.740511
2,84,0,97.167541
2,85,0,98.491060
2,86,0,100.872817
2,87,0,100.903035
2,88,0,106.966009
2,89,0,104.620308
2,90,0,105.113339
2,91,0,110.953952
2,92,0,107.970806
2,93,0,111.136347
2,94,0,112.422206
2,95,0,108.879819
2,96,0,112.444724
2,97,0,117.678752
2,98,0,113.325253
2,99,0,117.227677
2,100,0,122.195654
2,101,0,119.213213
2,102,0,120.506514
2,103,0,124.291535
2,104,0,124.561758
2,105,0,124.573177
2,106,0,127.871389
2,107,0,125.827665
2,108,0,129.119590
2,109,0,129.798479
2,110,0,128.534110
2,111,0,132.317720
2,112,0,134.042657
2,113,0,131.890127
2,114,0,135.454776
2,115,0,137.886764
2,116,0,137.686153
2,117,0,137.905884
2,118,0,143.392811
2,119,0,141.231556
2,120,0,142.575025
2,121,0,149.437821
2,122,0,146.814584
2,123,0,145.217957
2,124,0,147.932872
2,125,0,146.387761
2,126,0,148.104037
2,127,0,152.383182
2,128,0,146.170020
2,129,0,153.258319
2,130,0,158.114410
2,131,0,160.462486
2,132,0,162.875167
2,133,0,158.139239
2,134,0,161.023521
2,135,0,162.681418
2,136,0,161.331788
2,137,0,163.490926
2,138,0,165.182503
2,139,0,165.131628
2,140,0,172.370823
2,141,0,166.848803
2,142,0,172.335922
2,143,0,175.280384
2,144,0,175.036723
2,145,0,174.479343
2,146,0,175.725107
2,147,0,181.014756
2,148,0,178.900654
2,149,0,178.567625
2,150,0,185.364726
2,151,0,183.546958
2,152,0,184.333755
2,153,0,183.216430
2,154,0,191.281557
2,155,0,187.902572
2,156,0,192.807998
2,157,0,189.441974
2,158,0,192.590385
2,159,0,188.261521
2,160,0,194.387240
2,161,0,193.181573
2,162,0,197.748259
2,163,0,198.184192
2,164,0,196.097999
2,165,0,197.595442
2,166,0,202.049537
2,167,0,201.059495
2,168,0,208.830726
2,169,0,209.250750
2,170,0,218.288597
2,171,0,208.305104
2,172,0,205.279809
2,173,0,211.105409
2,174,0,215.742602
2,175,0,217.742123
2,176,0,209.865485
2,177,0,221.098718
2,178,0,222.082086
2,179,0,218.235284
2,180,0,230.324153
2,181,0,224.222171
2,182,0,232.959706
2,183,0,222.007922
2,184,0,230.629017
2,185,0,236.232385
2,186,0,243.520082
2,187,0,231.298091
2,188,0,229.589962
2,189,0,238.134904
2,190,0,247.256922
2,191,0,240.806963
2,192,0,241.529477
2,193,0,241.805344
2,194,0,238.704602
2,195,0,248.208855
2,196,0,242.569623
2,197,0,246.528955
2,198,0,244.285130
2,199,0,245.457435
2,200,0,256.420640
2,201,0,260.016660
2,202,0,251.336992
2,203,0,249.804841
2,204,0,259.337323
2,205,0,261.017607
2,206,0,262.658950
2,207,0,262.671780
2,208,0,260.664048
2,209,0,264.758617
2,210,0,265.868243
2,211,0,267.622179
2,212,0,263.364850
2,213,0,270.680581
2,214,0,266.206084
2,215,0,268.646159
2,216,0,277.630306
2,217,0,274.441094
2,218,0,273.922015
2,219,0,278.872926
2,220,0,286.268531
2,221,0,285.693316
2,222,0,285.622296
2,223,0,289.116760
2,224,0,286.702411
2,225,0,289.293507
2,226,0,286.745588
2,227,0,296.918144
2,228,0,297.473663
2,229,0,297.290949
2,230,0,289.745735
2,231,0,298.129904
2,232,0,295.418007
2,233,0,290.956150
2,234,0,309.157456
2,235,0,314.855067
2,236,0,297.528130
2,237,0,305.364287
2,238,0,306.909782
2,239,0,313.996609
2,240,0,307.388443
3,1,0,0.549039
3,2,0,3.358518
3,3,0,3.335743
3,4,0,5.061129
3,5,0,6.047385
3,6,0,6.568966
3,7,0,8.065062
3,8,0,11.600905
3,9,0,12.086047
3,10,0,13.031243
3,11,0,14.821810
3,12,0,16.267032
3,13,0,15.284945
3,14,0,18.239992
3,15,0,17.712895
3,16,0,19.056496
3,17,0,21.142625
3,18,0,21.711744
3,19,0,21.371530
3,20,0,23.768106
3,21,0,23.654297
3,22,0,26.706668
3,23,0,25.229497
3,24,0,27.764261
3,25,0,29.927573
3,26,0,31.298886
3,27,0,32.539131
3,28,0,33.085861
3,29,0,31.957632
3,30,0,34.410088
3,31,0,37.782910
3,32,0,36.531822
3,33,0,40.506036
3,34,0,38.469820
3,35,0,42.341577
3,36,0,43.028358
3,37,0,41.761294
3,38,0,43.000450
3,39,0,44.888663
3,40,0,45.729480
3,41,0,47.348497
3,42,0,47.281712
3,43,0,51.943412
3,44,0,50.677567
3,45,0,52.413025
3,46,0,54.732488
3,47,0,56.254376
3,48,0,55.911916
3,49,0,55.183306
3,50,0,58.902953
3,51,0,59.847187
3,52,0,61.613697
3,53,0,61.918307
3,54,0,61.674774
3,55,0,62.201486
3,56,0,68.601340
3,57,0,65.926971
3,58,0,65.858005
3,59,0,69.213122
3,60,0,68.854752
3,61,0,70.838877
3,62,0,70.331409
3,63,0,72.930459
3,64,0,76.388995
3,65,0,77.959127
3,66,0,77.093739
3,67,0,74.926453
3,68,0,77.534292
3,69,0,78.942817
3,70,0,84.031083
3,71,0,82.570145
3,72,0,85.474700
3,73,0,83.556848
3,74,0,83.633067
3,75,0,86.869560
3,76,0,88.167034
3,77,0,91.137991
3,78,0,91.323463
3,79,0,88.205077
3,80,0,90.499582
3,81,0,92.245051
3,82,0,93.999563
3,83,0,96.622029
3,84,0,98.992946
3,85,0,102.215005
3,86,0,99.486235
3,87,0,102.762633
3,88,0,99.855446
3,89,0,99.100019
3,90,0,111.135384
3,91,0,110.145599
3,92,0,111.470017
3,93,0,109.273731
3,94,0,111.758330
3,95,0,109.477424
3,96,0,111.987234
3,97,0,117.712306
3,98,0,110.623168
3,99,0,115.332729
3,100,0,117.799107
3,101,0,118.067850
3,102,0,120.776993
3,103,0,119.215073
3,104,0,125.844666
3,105,0,123.484720
3,106,0,125.518629
3,107,0,124.786620
3,108,0,128.495682
3,109,0,129.656952
3,110,0,127.752445
3,111,0,131.103329
3,112,0,133.095729
3,113,0,133.290569
3,114,0,134.137222
3,115,0,131.624524
3,116,0,138.657010
3,117,0,140.500378
3,118,0,140.522513
3,119,0,147.817520
3,120,0,142.902088
3,121,0,142.346505
3,122,0,147.873143
3,123,0,147.736944
3,124,0,145.745698
3,125,0,148.070934
3,126,0,151.590289
3,127,0,150.178044
3,128,0,153.774705
3,129,0,151.188356
3,130,0,158.759105
3,131,0,155.832608
3,132,0,156.349888
3,133,0,159.377880
3,134,0,161.096659
3,135,0,167.348700
3,136,0,169.711019
3,137,0,166.651013
3,138,0,164.659575
3,139,0,165.691896
3,140,0,167.906078
3,141,0,178.838102
3,142,0,168.995240
3,143,0,174.269557
3,144,0,170.227530
3,145,0,176.457629
3,146,0,180.714383
3,147,0,177.927485
3,148,0,182.292404
3,149,0,184.979861
3,150,0,181.110603
3,151,0,187.953063
3,152,0,186.083328
3,153,0,182.842791
3,154,0,191.360660
3,155,0,196.592377
3,156,0,186.476470
3,157,0,194.197918
3,158,0,192.470798
3,159,0,190.629293
3,160,0,192.061169
3,161,0,200.347567
3,162,0,194.743172
3,163,0,197.355054
3,164,0,194.062359
3,165,0,200.341023
3,166,0,202.359470
3,167,0,206.208903
3,168,0,211.719117
3,169,0,207.118173
3,170,0,213.116542
3,171,0,213.037119
3,172,0,212.695172
3,173,0,213.740901
3,174,0,213.909500
3,175,0,216.676252
3,176,0,209.881716
3,177,0,213.912259
3,178,0,222.102038
3,179,0,216.530428
3,180,0,235.522895
3,181,0,229.211254
3,182,0,221.224012
3,183,0,220.072429
3,184,0,230.881660
3,185,0,226.587375
3,186,0,233.562444
3,187,0,231.374884
3,188,0,237.208763
3,189,0,238.288748
3,190,0,241.016814
3,191,0,239.449314
3,192,0,246.575850
3,193,0,246.781019
3,194,0,245.997302
3,195,0,251.345268
3,196,0,239.257041
3,197,0,249.596722
3,198,0,245.872007
3,199,0,258.856608
3,200,0,250.407962
3,201,0,248.090617
3,202,0,254.084176
3,203,0,256.772274
3,204,0,259.401669
3,205,0,259.508103
3,206,0,266.339785
3,207,0,253.298149
3,208,0,265.764954
3,209,0,261.393363
3,210,0,267.926403
3,211,0,266.212949
3,212,0,267.016940
3,213,0,275.727853
3,214,0,269.664620
3,215,0,268.640065
3,216,0,278.564148
3,217,0,276.886813
3,218,0,283.039861
3,219,0,285.398459
3,220,0,280.665611
3,221,0,281.604970
3,222,0,281.584952
3,223,0,297.199915
3,224,0,288.237320
3,225,0,291.623362
3,226,0,287.211096
3,227,0,293.301529
3,228,0,295.859587
3,229,0,294.914132
3,230,0,297.379354
3,231,0,297.372874
3,232,0,298.994587
3,233,0,302.781276
3,234,0,300.698033
3,235,0,304.063351
3,236,0,307.079410
3,237,0,302.907022
3,238,0,309.320989
3,239,0,313.649660
3,240,0,313.157013
4,1,2,0.593755
4,2,2,4.168155
4,3,2,3.542066
4,4,2,5.500657
4,5,2,8.241617
4,6,2,6.752257
4,7,2,7.908973
4,8,2,13.669456
4,9,2,11.729728
4,10,2,12.240210
4,11,2,12.897992
4,12,2,13.048437
4,13,2,15.098000
4,14,2,18.565580
4,15,2,17.360106
4,16,2,20.482727
4,17,2,22.602090
4,18,2,21.716620
4,19,2,26.321607
4,20,2,24.342038
4,21,2,25.127361
4,22,2,25.519539
4,23,2,26.027263
4,24,2,28.173250
4,25,2,29.586845
4,26,2,30.243728
4,27,2,31.814309
4,28,2,31.432264
4,29,2,32.883003
4,30,2,35.119001
4,31,2,37.233037
4,32,2,36.908030
4,33,2,37.726904
4,34,2,39.643474
4,35,2,40.994707
4,36,2,41.702850
4,37,2,43.378582
4,38,2,44.498086
4,39,2,45.070542
4,40,2,48.708647
4,41,2,49.300350
4,42,2,50.891654
4,43,2,50.303608
4,44,2,49.307856
4,45,2,53.903927
4,46,2,59.735751
4,47,2,55.163738
4,48,2,56.374474
4,49,2,58.014021
4,50,2,59.470790
4,51,2,61.707493
4,52,2,61.154733
4,53,2,62.236065
4,54,2,65.227681
4,55,2,64.341635
4,56,2,67.146559
4,57,2,67.431794
4,58,2,64.982159
4,59,2,69.831706
4,60,2,70.719869
4,61,2,69.971115
4,62,2,71.828853
4,63,2,75.428402
4,64,2,75.863951
4,65,2,76.383671
4,66,2,78.413603
4,67,2,78.081599
4,68,2,78.525681
4,69,2,78.951220
4,70,2,81.058330
4,71,2,80.949587
4,72,2,83.131693
4,73,2,86.328798
4,74,2,86.217104
4,75,2,88.934264
4,76,2,87.908424
4,77,2,91.167053
4,78,2,90.786357
4,79,2,95.770566
4,80,2,94.842241
4,81,2,96.158445
4,82,2,94.044473
4,83,2,95.889315
4,84,2,100.038610
4,85,2,98.383214
4,86,2,100.374269
4,87,2,101.402224
4,88,2,104.827849
4,89,2,102.984417
4,90,2,107.788542
4,91,2,109.338528
4,92,2,107.962594
4,93,2,108.626791
4,94,2,111.784312
4,95,2,112.405141
4,96,2,111.759420
4,97,2,117.786853
4,98,2,117.622040
4,99,2,119.043908
4,100,2,119.408886
4,101,2,118.997267
4,102,2,118.769965
4,103,2,120.407845
4,104,2,124.497024
4,105,2,120.773528
4,106,2,123.172479
4,107,2,126.923112
4,108,2,128.598522
4,109,2,132.410810
4,110,2,129.972467
4,111,2,133.755115
4,112,2,136.158620
4,113,2,130.076719
4,114,2,135.551713
4,115,2,133.930001
4,116,2,138.390640
4,117,2,136.111659
4,118,2,141.411380
4,119,2,139.534010
4,120,2,146.740231
4,121,2,138.616337
4,122,2,144.854199
4,123,2,144.241774
4,124,2,148.618113
4,125,2,146.952902
4,126,2,147.631150
4,127,2,150.083351
4,128,2,154.541102
4,129,2,153.218352
4,130,2,154.750118
4,131,2,156.638843
4,132,2,159.269075
4,133,2,159.890224
4,134,2,159.696090
4,135,2,164.769216
4,136,2,167.449999
4,137,2,165.996887
4,138,2,165.112509
4,139,2,167.703220
4,140,2,170.496148
4,141,2,175.749229
4,142,2,169.692540
4,143,2,178.830725
4,144,2,173.669192
4,145,2,177.308775
4,146,2,172.597483
4,147,2,181.776599
4,148,2,175.239965
4,149,2,181.079232
4,150,2,183.675651
4,151,2,182.268027
4,152,2,183.901734
4,153,2,189.322261
4,154,2,185.215502
4,155,2,186.249169
4,156,2,189.439151
4,157,2,191.569613
4,158,2,195.344498
4,159,2,188.009327
4,160,2,207.502333
4,161,2,199.599006
4,162,2,199.955836
4,163,2,199.397559
4,164,2,199.844656
4,165,2,199.243521
4,166,2,204.998682
4,167,2,200.878001
4,168,2,207.218703
4,169,2,209.544452
4,170,2,211.114263
4,171,2,206.944119
4,172,2,208.574619
4,173,2,213.926115
4,174,2,215.397962
4,175,2,214.789451
4,176,2,214.121276
4,177,2,218.818260
4,178,2,219.784115
4,179,2,220.738615
4,180,2,230.268336
4,181,2,226.359435
4,182,2,221.498340
4,183,2,227.761671
4,184,2,237.337328
4,185,2,226.931375
4,186,2,228.483736
4,187,2,231.748844
4,188,2,229.690685
4,189,2,244.567157
4,190,2,238.381002
4,191,2,243.408258
4,192,2,241.918964
4,193,2,241.490920
4,194,2,241.788857
4,195,2,254.955529
4,196,2,241.050945
4,197,2,259.552305
4,198,2,244.325676
4,199,2,247.527079
4,200,2,249.926158
4,201,2,258.313278
4,202,2,250.303196
4,203,2,256.337173
4,204,2,256.046616
4,205,2,257.087853
4,206,2,263.542688
4,207,2,260.574553
4,208,2,266.402206
4,209,2,261.398753
4,210,2,274.519811
4,211,2,276.354968
4,212,2,267.029130
4,213,2,273.065930
4,214,2,277.379011
4,215,2,266.711049
4,216,2,270.966134
4,217,2,278.194293
4,218,2,284.582792
4,219,2,283.061097
4,220,2,283.595637
4,221,2,288.547639
4,222,2,285.514774
4,223,2,283.772321
4,224,2,293.964573
4,225,2,283.057826
4,226,2,287.611488
4,227,2,286.573331
4,228,2,291.471379
4,229,2,291.429164
4,230,2,292.745756
4,231,2,299.138038
4,232,2,298.493985
4,233,2,297.773268
4,234,2,301.663631
4,235,2,310.528899
4,236,2,305.439862
4,237,2,303.883719
4,238,2,319.062550
4,239,2,316.486020
4,240,2,307.824442
5,1,10,0.769732
5,2,10,3.454173
5,3,10,3.598458
5,4,10,5.383702
5,5,10,8.037412
5,6,10,7.023761
5,7,10,8.169764
5,8,10,11.629967
5,9,10,11.326642
5,10,10,13.765882
5,11,10,13.846845
5,12,10,14.987396
5,13,10,18.358103
5,14,10,16.398229
5,15,10,18.857548
5,16,10,20.446350
5,17,10,21.153466
5,18,10,21.818112
5,19,10,23.512769
5,20,10,23.586228
5,21,10,26.131965
5,22,10,27.398770
5,23,10,26.872377
5,24,10,27.937866
5,25,10,30.773071
5,26,10,30.806112
5,27,10,35.694855
5,28,10,34.605118
5,29,10,48.687862
5,30,10,36.285339
5,31,10,35.939864
5,32,10,37.452448
5,33,10,38.970485
5,34,10,39.662398
5,35,10,41.294503
5,36,10,42.879390
5,37,10,43.508624
5,38,10,42.988517
5,39,10,44.701907
5,40,10,46.723884
5,41,10,49.555046
5,42,10,46.986660
5,43,10,51.941998
5,44,10,50.222131
5,45,10,53.642942
5,46,10,57.359126
5,47,10,54.952604
5,48,10,53.113150
5,49,10,56.735218
5,50,10,92.414868
5,51,10,59.688790
5,52,10,59.356979
5,53,10,65.771459
5,54,10,63.777968
5,55,10,65.982274
5,56,10,67.951385
5,57,10,68.597491
5,58,10,67.274741
5,59,10,70.015894
5,60,10,69.160003
5,61,10,72.383153
5,62,10,71.918349
5,63,10,76.174846
5,64,10,76.472783
5,65,10,75.616762
5,66,10,77.143460
5,67,10,78.409623
5,68,10,79.467348
5,69,10,79.525794
5,70,10,78.672211
5,71,10,82.367992
5,72,10,86.136525
5,73,10,84.481068
5,74,10,86.376786
5,75,10,89.062381
5,76,10,91.386977
5,77,10,90.881049
5,78,10,91.154800
5,79,10,92.665395
5,80,10,91.063056
5,81,10,95.246738
5,82,10,123.623103
5,83,10,100.501359
5,84,10,96.010502
5,85,10,97.644405
5,86,10,101.406780
5,87,10,102.662810
5,88,10,103.334255
5,89,10,106.606548
5,90,10,107.128129
5,91,10,105.896094
5,92,10,110.689377
5,93,10,110.421594
5,94,10,115.746786
5,95,10,119.424026
5,96,10,112.508494
5,97,10,114.983147
5,98,10,117.707108
5,99,10,116.578813
5,100,10,118.985975
5,101,10,120.877716
5,102,10,125.792701
5,103,10,120.375830
5,104,10,118.629208
5,105,10,129.305061
5,106,10,126.990731
5,107,10,131.187437
5,108,10,129.719953
5,109,10,128.919681
5,110,10,131.847719
5,111,10,129.318085
5,112,10,133.881692
5,113,10,132.014267
5,114,10,147.899448
5,115,10,137.347413
5,116,10,142.534415
5,117,10,146.648873
5,118,10,145.074700
5,119,10,144.524251
5,120,10,142.644378
5,121,10,144.178581
5,122,10,145.539825
5,123,10,148.686053
5,124,10,146.700196
5,125,10,154.407403
5,126,10,152.717238
5,127,10,151.955588
5,128,10,157.552798
5,129,10,183.129950
5,130,10,161.452014
5,131,10,155.479754
5,132,10,157.620929
5,133,10,162.347426
5,134,10,165.854398
5,135,10,167.363391
5,136,10,166.907825
5,137,10,167.237902
5,138,10,162.962096
5,139,10,167.813889
5,140,10,166.979037
5,141,10,170.589172
5,142,10,177.116501
5,143,10,173.906952
5,144,10,174.419934
5,145,10,178.832650
5,146,10,175.414918
5,147,10,177.728476
5,148,10,174.870240
5,149,10,182.214456
5,150,10,178.761116
5,151,10,185.207867
5,152,10,181.837866
5,153,10,182.929465
5,154,10,184.664219
5,155,10,188.389318
5,156,10,184.541747
5,157,10,192.364301
5,158,10,205.991096
5,159,10,191.942867
5,160,10,200.812307
5,161,10,192.730627
5,162,10,197.191074
5,163,10,198.154554
5,164,10,203.206188
5,165,10,211.475199
5,166,10,204.745782
5,167,10,207.827663
5,168,10,209.406264
5,169,10,210.737737
5,170,10,211.051647
5,171,10,213.951586
5,172,10,213.456117
5,173,10,216.235248
5,174,10,211.596901
5,175,10,215.723227
5,176,10,228.522292
5,177,10,225.324161
5,178,10,223.203581
5,179,10,220.390318
5,180,10,219.906460
5,181,10,228.533071
5,182,10,231.158425
5,183,10,228.130948
5,184,10,229.444907
5,185,10,224.364852
5,186,10,228.921402
5,187,10,228.093736
5,188,10,236.493819
5,189,10,237.727777
5,190,10,243.301567
5,191,10,236.422670
5,192,10,249.535132
5,193,10,242.577901
5,194,10,243.299966
5,195,10,251.691257
5,196,10,240.073350
5,197,10,257.224310
5,198,10,248.037816
5,199,10,258.991461
5,200,10,263.347976
5,201,10,256.774199
5,202,10,260.216889
5,203,10,252.329663
5,204,10,255.117587
5,205,10,255.341295
5,206,10,260.096468
5,207,10,257.429093
5,208,10,263.012701
5,209,10,269.792803
5,210,10,272.579185
5,211,10,258.826583
5,212,10,268.827653
5,213,10,273.781965
5,214,10,272.268033
5,215,10,273.466769
5,216,10,273.829760
5,217,10,291.287188
5,218,10,272.435606
5,219,10,275.583631
5,220,10,285.575335
5,221,10,291.375723
5,222,10,279.276270
5,223,10,283.215198
5,224,10,291.330045
5,225,10,291.497042
5,226,10,288.345550
5,227,10,290.800060
5,228,10,288.590046
5,229,10,296.020359
5,230,10,299.898403
5,231,10,297.354784
5,232,10,295.448480
5,233,10,299.364248
5,234,10,305.218014
5,235,10,308.984045
5,236,10,304.698743
5,237,10,303.439892
5,238,10,303.811927
5,239,10,309.369681
5,240,10,310.237765
6,1,4,1.497251
6,2,4,3.568049
6,3,4,3.760449
6,4,4,5.572060
6,5,4,8.795980
6,6,4,7.174975
6,7,4,7.781689
6,8,4,11.773933
6,9,4,10.643519
6,10,4,12.844873
6,11,4,15.503652
6,12,4,15.233557
6,13,4,14.497442
6,14,4,19.296499
6,15,4,17.877518
6,16,4,18.400252
6,17,4,21.388084
6,18,4,21.486816
6,19,4,21.945973
6,20,4,26.012250
6,21,4,25.871175
6,22,4,26.139216
6,23,4,26.959117
6,24,4,28.798058
6,25,4,30.671772
6,26,4,31.240504
6,27,4,33.036783
6,28,4,34.859686
6,29,4,32.923294
6,30,4,35.877057
6,31,4,37.600388
6,32,4,37.776880
6,33,4,40.182249
6,34,4,40.794286
6,35,4,42.836982
6,36,4,43.529024
6,37,4,43.667151
6,38,4,46.106455
6,39,4,46.793362
6,40,4,47.651503
6,41,4,47.031056
6,42,4,47.471097
6,43,4,50.405678
6,44,4,50.392975
6,45,4,52.665990
6,46,4,53.981554
6,47,4,53.921889
6,48,4,58.218034
6,49,4,55.555984
6,50,4,59.755704
6,51,4,63.824160
6,52,4,62.881851
6,53,4,61.856204
6,54,4,63.009198
6,55,4,66.402362
6,56,4,65.201058
6,57,4,67.888385
6,58,4,68.456221
6,59,4,70.586299
6,60,4,71.180953
6,61,4,70.553514
6,62,4,73.101947
6,63,4,75.483448
6,64,4,73.623206
6,65,4,74.110207
6,66,4,79.772855
6,67,4,78.549354
6,68,4,79.123478
6,69,4,82.484884
6,70,4,77.882910
6,71,4,81.647146
6,72,4,85.533404
6,73,4,84.855091
6,74,4,85.509087
6,75,4,88.075611
6,76,4,91.713718
6,77,4,92.444958
6,78,4,92.194432
6,79,4,96.283099
6,80,4,91.550955
6,81,4,97.367512
6,82,4,96.111741
6,83,4,95.964250
6,84,4,99.305766
6,85,4,102.884527
6,86,4,101.001448
6,87,4,104.784737
6,88,4,106.197111
6,89,4,106.296422
6,90,4,107.304941
6,91,4,109.355528
6,92,4,110.411458
6,93,4,107.352288
6,94,4,115.514929
6,95,4,117.526126
6,96,4,108.178090
6,97,4,114.310481
6,98,4,115.374750
6,99,4,117.910351
6,100,4,117.706274
6,101,4,117.744829
6,102,4,124.749347
6,103,4,173.342707
6,104,4,123.468684
6,105,4,143.757724
6,106,4,127.135593
6,107,4,126.204254
6,108,4,128.863675
6,109,4,130.375232
6,110,4,134.118103
6,111,4,134.670095
6,112,4,137.174195
6,113,4,136.838152
6,114,4,136.199102
6,115,4,136.031850
6,116,4,137.827679
6,117,4,142.395199
6,118,4,141.995320
6,119,4,141.565738
6,120,4,144.727301
6,121,4,147.337064
6,122,4,147.822654
6,123,4,147.226075
6,124,4,152.044378
6,125,4,151.258159
6,126,4,153.084395
6,127,4,153.978012
6,128,4,155.370755
6,129,4,155.411430
6,130,4,156.885519
6,131,4,160.109120
6,132,4,198.421823
6,133,4,163.137882
6,134,4,164.835938
6,135,4,158.433134
6,136,4,165.102567
6,137,4,171.387901
6,138,4,169.503988
6,139,4,166.904874
6,140,4,167.464562
6,141,4,170.218485
6,142,4,169.956346
6,143,4,174.067788
6,144,4,173.514515
6,145,4,178.203995
6,146,4,177.370299
6,147,4,194.533064
6,148,4,179.580953
6,149,4,181.434138
6,150,4,189.603132
6,151,4,188.657101
6,152,4,191.527270
6,153,4,192.096711
6,154,4,188.554132
6,155,4,189.882270
6,156,4,190.993501
6,157,4,200.377463
6,158,4,192.159583
6,159,4,194.983241
6,160,4,199.558588
6,161,4,197.694882
6,162,4,204.040653
6,163,4,204.610927
6,164,4,207.475965
6,165,4,193.279088
6,166,4,202.924805
6,167,4,209.244078
6,168,4,204.377083
6,169,4,208.606248
6,170,4,210.062506
6,171,4,209.665064
6,172,4,208.993617
6,173,4,213.399147
6,174,4,217.112377
6,175,4,217.085690
6,176,4,220.316219
6,177,4,216.829197
6,178,4,220.902466
6,179,4,226.715749
6,180,4,226.315487
6,181,4,227.590888
6,182,4,231.038455
6,183,4,238.755348
6,184,4,231.980957
6,185,4,233.634811
6,186,4,235.688930
6,187,4,238.045023
6,188,4,233.890022
6,189,4,235.227845
6,190,4,238.204706
6,191,4,242.852034
6,192,4,246.924021
6,193,4,243.801337
6,194,4,247.266032
6,195,4,245.408421
6,196,4,249.734335
6,197,4,256.394335
6,198,4,251.051952
6,199,4,253.377509
6,200,4,252.435649
6,201,4,256.667637
6,202,4,270.481636
6,203,4,257.019207
6,204,4,264.017370
6,205,4,272.214206
6,206,4,260.978281
6,207,4,259.685363
6,208,4,264.461195
6,209,4,270.249522
6,210,4,263.632054
6,211,4,269.964544
6,212,4,275.350555
6,213,4,273.609580
6,214,4,268.976814
6,215,4,279.307899
6,216,4,271.275298
6,217,4,272.845365
6,218,4,281.816362
6,219,4,281.426811
6,220,4,276.150633
6,221,4,273.298683
6,222,4,285.316535
6,223,4,292.432292
6,224,4,283.654469
6,225,4,294.464276
6,226,4,289.712183
6,227,4,289.225566
6,228,4,305.187992
6,229,4,298.164742
6,230,4,298.476150
6,231,4,301.056660
6,232,4,299.133100
6,233,4,300.642602
6,234,4,303.787805
6,235,4,310.651820
6,236,4,306.888484
6,237,4,309.468736
6,238,4,317.002210
6,239,4,314.734841
6,240,4,316.099165
7,1,40,4.381342
7,2,40,5.483270
7,3,40,4.916139
7,4,40,7.326381
7,5,40,7.807737
7,6,40,9.895279
7,7,40,10.543759
7,8,40,12.429789
7,9,40,13.438178
7,10,40,14.183724
7,11,40,14.521758
7,12,40,18.034056
7,13,40,15.678922
7,14,40,16.932128
7,15,40,18.471849
7,16,40,23.195781
7,17,40,23.738276
7,18,40,22.488983
7,19,40,24.606807
7,20,40,27.248520
7,21,40,25.745173
7,22,40,27.394023
7,23,40,29.833584
7,24,40,30.953733
7,25,40,31.930302
7,26,40,32.091714
7,27,40,34.980681
7,28,40,34.578172
7,29,40,37.285580
7,30,40,35.850879
7,31,40,40.909251
7,32,40,40.476461
7,33,40,42.273316
7,34,40,39.996839
7,35,40,41.163241
7,36,40,45.029033
7,37,40,45.654932
7,38,40,45.806464
7,39,40,47.846468
7,40,40,48.558525
7,41,40,48.919718
7,42,40,50.172667
7,43,40,53.308824
7,44,40,51.901388
7,45,40,54.540217
7,46,40,55.448202
7,47,40,58.085105
7,48,40,56.677094
7,49,40,58.665902
7,50,40,58.471831
7,51,40,62.435396
7,52,40,61.622680
7,53,40,64.827162
7,54,40,66.387284
7,55,40,66.071641
7,56,40,66.892763
7,57,40,66.759896
7,58,40,69.601902
7,59,40,69.816373
7,60,40,73.273562
7,61,40,72.942072
7,62,40,72.872784
7,63,40,75.878640
7,64,40,76.185046
7,65,40,78.697873
7,66,40,79.841115
7,67,40,79.466709
7,68,40,80.516349
7,69,40,81.252014
7,70,40,81.066286
7,71,40,82.534732
7,72,40,81.170728
7,73,40,86.094440
7,74,40,87.920615
7,75,40,90.154428
7,76,40,92.112504
7,77,40,90.611534
7,78,40,126.363616
7,79,40,95.738871
7,80,40,95.989332
7,81,40,95.390253
7,82,40,97.393945
7,83,40,97.126034
7,84,40,99.701794
7,85,40,101.269167
7,86,40,107.264138
7,87,40,103.132553
7,88,40,107.757749
7,89,40,107.109395
7,90,40,108.706280
7,91,40,106.635097
7,92,40,110.097291
7,93,40,112.189834
7,94,40,111.563811
7,95,40,115.651389
7,96,40,113.773504
7,97,40,116.041449
7,98,40,116.853525
7,99,40,138.979070
7,100,40,117.834392
7,101,40,123.478435
7,102,40,127.028390
7,103,40,123.390094
7,104,40,123.621499
7,105,40,125.502783
7,106,40,184.373850
7,107,40,131.402034
7,108,40,128.949193
7,109,40,132.062833
7,110,40,131.530089
7,111,40,130.396726
7,112,40,132.567924
7,113,40,132.592432
7,114,40,134.394227
7,115,40,136.684820
7,116,40,139.659433
7,117,40,142.012835
7,118,40,141.979923
7,119,40,142.724122
7,120,40,141.565929
7,121,40,147.118489
7,122,40,145.810301
7,123,40,165.189944
7,124,40,152.042068
7,125,40,148.435721
7,126,40,154.424789
7,127,40,154.079762
7,128,40,159.213773
7,129,40,154.388348
7,130,40,160.334176
7,131,40,159.561108
7,132,40,161.345195
7,133,40,156.960004
7,134,40,165.721021
7,135,40,164.522155
7,136,40,177.444204
7,137,40,166.060979
7,138,40,167.544885
7,139,40,168.428555
7,140,40,173.981371
7,141,40,173.044964
7,142,40,168.282669
7,143,40,174.014989
7,144,40,177.955715
7,145,40,180.868868
7,146,40,262.408168
7,147,40,182.248522
7,148,40,184.766159
7,149,40,189.016111
7,150,40,185.970607
7,151,40,181.040867
7,152,40,189.416440
7,153,40,195.421099
7,154,40,187.888908
7,155,40,195.878975
7,156,40,189.405149
7,157,40,194.216009
7,158,40,202.207488
7,159,40,203.351627
7,160,40,205.192686
7,161,40,195.888981
7,162,40,223.844811
7,163,40,203.606516
7,164,40,200.795754
7,165,40,211.761845
7,166,40,216.319101
7,167,40,204.547863
7,168,40,207.124331
7,169,40,216.505149
7,170,40,208.920607
7,171,40,212.820083
7,172,40,215.494708
7,173,40,215.517354
7,174,40,213.535988
7,175,40,220.679271
7,176,40,222.151502
7,177,40,222.550931
7,178,40,219.399441
7,179,40,228.459164
7,180,40,227.959524
7,181,40,227.716058
7,182,40,322.234762
7,183,40,234.246914
7,184,40,229.348290
7,185,40,230.316005
7,186,40,229.361250
7,187,40,232.999289
7,188,40,234.294259
7,189,40,239.451110
7,190,40,231.659091
7,191,40,243.860103
7,192,40,255.860694
7,193,40,243.838866
7,194,40,245.759928
7,195,40,248.696240
7,196,40,247.806410
7,197,40,247.374454
7,198,40,254.270226
7,199,40,248.842514
7,200,40,258.243221
7,201,40,246.382358
7,202,40,262.409003
7,203,40,254.757356
7,204,40,259.502007
7,205,40,260.373171
7,206,40,258.618336
7,207,40,264.729747
7,208,40,258.703791
7,209,40,266.629059
7,210,40,273.782606
7,211,40,271.737535
7,212,40,270.029086
7,213,40,266.781427
7,214,40,268.776008
7,215,40,286.539329
7,216,40,274.155283
7,217,40,278.387336
7,218,40,279.805870
7,219,40,280.040935
7,220,40,278.066498
7,221,40,282.854711
7,222,40,282.414993
7,223,40,280.498231
7,224,40,291.794208
7,225,40,292.874129
7,226,40,287.576651
7,227,40,286.886280
7,228,40,293.827795
7,229,40,296.962669
7,230,40,303.553128
7,231,40,303.779016
7,232,40,300.167535
7,233,40,301.292431
7,234,40,300.734536
7,235,40,308.121610
7,236,40,320.155947
7,237,40,305.166563
7,238,40,313.242145
7,239,40,314.504973
7,240,40,316.537021
8,1,92,18.445930
8,2,92,12.368006
8,3,92,9.379216
8,4,92,10.376185
8,5,92,10.789088
8,6,92,11.291036
8,7,92,12.669343
8,8,92,17.921271
8,9,92,15.648961
8,10,92,18.536325
8,11,92,18.382225
8,12,92,19.554915
8,13,92,21.564189
8,14,92,21.115233
8,15,92,41.847969
8,16,92,23.996434
8,17,92,25.675246
8,18,92,43.750167
8,19,92,26.880397
8,20,92,27.571540
8,21,92,47.816379
8,22,92,30.740865
8,23,92,60.209726
8,24,92,29.215387
8,25,92,35.108799
8,26,92,35.358749
8,27,92,35.747399
8,28,92,38.030936
8,29,92,38.642590
8,30,92,40.995348
8,31,92,39.725976
8,32,92,63.090932
8,33,92,42.637012
8,34,92,48.541266
8,35,92,43.201576
8,36,92,44.134583
8,37,92,48.412573
8,38,92,47.198437
8,39,92,50.920522
8,40,92,53.072220
8,41,92,51.800154
8,42,92,56.277986
8,43,92,52.666951
8,44,92,56.397505
8,45,92,103.764800
8,46,92,60.971313
8,47,92,58.433851
8,48,92,59.416259
8,49,92,71.575633
8,50,92,66.744114
8,51,92,65.925432
8,52,92,66.700745
8,53,92,104.909069
8,54,92,117.223572
8,55,92,70.116361
8,56,92,68.338111
8,57,92,72.432488
8,58,92,74.378312
8,59,92,76.926808
8,60,92,76.473618
8,61,92,76.950867
8,62,92,77.809709
8,63,92,82.071787
8,64,92,77.204406
8,65,92,79.744434
8,66,92,82.889188
8,67,92,83.258464
8,68,92,93.865030
8,69,92,84.846816
8,70,92,87.045601
8,71,92,86.643287
8,72,92,103.986713
8,73,92,89.262416
8,74,92,90.751584
8,75,92,119.613349
8,76,92,96.592711
8,77,92,95.553528
8,78,92,93.875294
8,79,92,102.644010
8,80,92,115.732737
8,81,92,107.328870
8,82,92,102.356275
8,83,92,104.131445
8,84,92,105.088702
8,85,92,102.876573
8,86,92,102.894471
8,87,92,119.557340
8,88,92,108.881615
8,89,92,117.906886
8,90,92,114.806336
8,91,92,148.420706
8,92,92,115.489074
8,93,92,116.989534
8,94,92,142.173223
8,95,92,118.016270
8,96,92,119.180366
8,97,92,123.015618
8,98,92,120.962786
8,99,92,120.000586
8,100,92,121.071591
8,101,92,120.554633
8,102,92,124.511203
8,103,92,127.536563
8,104,92,127.005038
8,105,92,126.504629
8,106,92,126.774979
8,107,92,133.418495
8,108,92,132.588388
8,109,92,132.258954
8,110,92,133.525758
8,111,92,137.026061
8,112,92,140.147461
8,113,92,138.060431
8,114,92,139.129256
8,115,92,139.239795
8,116,92,159.243990
8,117,92,143.972133
8,118,92,146.280365
8,119,92,142.263811
8,120,92,153.291233
8,121,92,148.361684
8,122,92,146.640982
8,123,92,150.209414
8,124,92,152.622991
8,125,92,155.257072
8,126,92,158.734597
8,127,92,178.200274
8,128,92,170.234715
8,129,92,156.290419
8,130,92,233.199005
8,131,92,185.375570
8,132,92,163.263239
8,133,92,161.572111
8,134,92,162.149507
8,135,92,163.900813
8,136,92,187.333581
8,137,92,173.822588
8,138,92,170.721266
8,139,92,166.845851
8,140,92,173.951091
8,141,92,181.949368
8,142,92,174.067661
8,143,92,299.697084
8,144,92,179.795490
8,145,92,175.743069
8,146,92,179.793821
8,147,92,185.212037
8,148,92,214.813958
8,149,92,184.185108
8,150,92,186.897840
8,151,92,183.827058
8,152,92,192.394904
8,153,92,201.810688
8,154,92,190.133694
8,155,92,200.365338
8,156,92,195.115848
8,157,92,195.487371
8,158,92,201.353518
8,159,92,204.094030
8,160,92,218.010035
8,161,92,205.533156
8,162,92,204.039243
8,163,92,198.054536
8,164,92,251.832655
8,165,92,210.320665
8,166,92,203.828492
8,167,92,292.599739
8,168,92,269.145606
8,169,92,212.849466
8,170,92,261.049557
8,171,92,252.842841
8,172,92,221.437007
8,173,92,216.632946
8,174,92,215.086488
8,175,92,223.987044
8,176,92,246.834203
8,177,92,293.095144
8,178,92,223.339526
8,179,92,273.237224
8,180,92,224.642001
8,181,92,225.417188
8,182,92,226.827445
8,183,92,229.098279
8,184,92,234.496541
8,185,92,228.195167
8,186,92,241.901706
8,187,92,232.277802
8,188,92,235.523666
8,189,92,236.385653
8,190,92,236.526794
8,191,92,239.565371
8,192,92,240.836410
8,193,92,241.096302
8,194,92,249.201078
8,195,92,246.909587
8,196,92,247.810387
8,197,92,274.761934
8,198,92,253.877661
8,199,92,263.862435
8,200,92,260.494037
8,201,92,252.672379
8,202,92,298.787046
8,203,92,257.461170
8,204,92,262.440310
8,205,92,264.083642
8,206,92,265.520331
8,207,92,263.377101
8,208,92,262.963495
8,209,92,262.205951
8,210,92,269.283219
8,211,92,266.589860
8,212,92,291.974995
8,213,92,341.703775
8,214,92,276.010455
8,215,92,294.431110
8,216,92,280.425221
8,217,92,276.553785
8,218,92,283.674357
8,219,92,306.929289
8,220,92,455.569724
8,221,92,292.948163
8,222,92,346.039373
8,223,92,291.605526
8,224,92,281.503476
8,225,92,296.084706
8,226,92,291.323308
8,227,92,296.908842
8,228,92,297.696025
8,229,92,303.377276
8,230,92,353.012067
8,231,92,312.064772
8,232,92,331.933856
8,233,92,320.219394
8,234,92,362.754784
8,235,92,311.163391
8,236,92,315.937943
8,237,92,309.648178
8,238,92,315.476025
8,239,92,332.225053
8,240,92,381.255506
9,1,352,53.254996
9,2,352,43.247832
9,3,352,29.594478
9,4,352,28.221624
9,5,352,28.294633
9,6,352,28.499095
9,7,352,34.925573
9,8,352,39.084810
9,9,352,42.789124
9,10,352,27.940047
9,11,352,36.135985
9,12,352,61.400895
9,13,352,49.956015
9,14,352,53.789346
9,15,352,49.263395
9,16,352,67.988082
9,17,352,78.147935
9,18,352,89.312971
9,19,352,70.013394
9,20,352,74.190401
9,21,352,61.567890
9,22,352,105.876014
9,23,352,70.950121
9,24,352,55.761024
9,25,352,63.580628
9,26,352,65.587975
9,27,352,103.318794
9,28,352,95.605622
9,29,352,64.119147
9,30,352,45.735638
9,31,352,82.405139
9,32,352,59.434800
9,33,352,73.712382
9,34,352,73.919155
9,35,352,47.256753
9,36,352,50.814408
9,37,352,55.809331
9,38,352,134.153134
9,39,352,79.993485
9,40,352,106.457196
9,41,352,110.568254
9,42,352,94.325214
9,43,352,87.185653
9,44,352,102.187290
9,45,352,63.392397
9,46,352,99.174953
9,47,352,81.304237
9,48,352,71.695796
9,49,352,64.859496
9,50,352,91.171351
9,51,352,76.227710
9,52,352,112.427402
9,53,352,73.369537
9,54,352,72.863097
9,55,352,73.412714
9,56,352,111.839997
9,57,352,111.046015
9,58,352,155.431381
9,59,352,98.578055
9,60,352,98.287818
9,61,352,90.422276
9,62,352,169.834130
9,63,352,114.060471
9,64,352,122.289448
9,65,352,114.782600
9,66,352,114.540862
9,67,352,127.287514
9,68,352,116.590811
9,69,352,144.789467
9,70,352,140.794017
9,71,352,130.789355
9,72,352,122.039181
9,73,352,95.673497
9,74,352,116.542759
9,75,352,123.329146
9,76,352,144.041097
9,77,352,155.308332
9,78,352,141.889144
9,79,352,129.590295
9,80,352,122.263658
9,81,352,135.017108
9,82,352,118.797487
9,83,352,113.963915
9,84,352,122.415772
9,85,352,120.492529
9,86,352,131.332298
9,87,352,121.929472
9,88,352,141.640284
9,89,352,146.665360
9,90,352,127.555106
9,91,352,140.703621
9,92,352,186.819636
9,93,352,160.577581
9,94,352,146.348369
9,95,352,137.937641
9,96,352,174.398124
9,97,352,149.194996
9,98,352,154.267865
9,99,352,153.822244
9,100,352,170.984367
9,101,352,162.315221
9,102,352,169.449201
9,103,352,151.379090
9,104,352,171.808632
9,105,352,282.176206
9,106,352,139.767150
9,107,352,171.266970
9,108,352,161.597069
9,109,352,174.146700
9,110,352,155.584648
9,111,352,176.254706
9,112,352,164.570976
9,113,352,151.653224
9,114,352,211.465641
9,115,352,142.418231
9,116,352,192.323884
9,117,352,184.355312
9,118,352,164.203496
9,119,352,159.811313
9,120,352,197.893506
9,121,352,180.843141
9,122,352,185.843260
9,123,352,178.044248
9,124,352,189.161681
9,125,352,225.882182
9,126,352,168.352726
9,127,352,219.853084
9,128,352,209.413064
9,129,352,207.814383
9,130,352,204.056050
9,131,352,197.337347
9,132,352,187.795947
9,133,352,206.947394
9,134,352,202.230584
9,135,352,204.749247
9,136,352,187.622985
9,137,352,232.248484
9,138,352,186.330837
9,139,352,307.854852
9,140,352,214.299884
9,141,352,227.358138
9,142,352,222.705417
9,143,352,212.753490
9,144,352,239.566331
9,145,352,231.844117
9,146,352,208.383052
9,147,352,233.214275
9,148,352,195.430208
9,149,352,227.073607
9,150,352,196.608672
9,151,352,218.692261
9,152,352,254.545260
9,153,352,241.407969
9,154,352,231.782526
9,155,352,255.181869
9,156,352,204.759190
9,157,352,251.628129
9,158,352,249.325987
9,159,352,269.412298
9,160,352,261.259537
9,161,352,294.410388
9,162,352,247.996629
9,163,352,263.364978
9,164,352,251.535872
9,165,352,253.903193
9,166,352,272.175329
9,167,352,262.256762
9,168,352,225.457990
9,169,352,266.531415
9,170,352,246.736047
9,171,352,254.351574
9,172,352,258.150518
9,173,352,289.690242
9,174,352,273.263080
9,175,352,283.811264
9,176,352,270.114283
9,177,352,264.537603
9,178,352,265.045713
9,179,352,276.769218
9,180,352,274.478882
9,181,352,281.342191
9,182,352,264.526569
9,183,352,288.888559
9,184,352,285.992215
9,185,352,269.733458
9,186,352,280.314810
9,187,352,293.516833
9,188,352,323.054537
9,189,352,297.366909
9,190,352,317.898456
9,191,352,318.015157
9,192,352,313.445454
9,193,352,305.661902
9,194,352,284.135760
9,195,352,344.991401
9,196,352,273.002095
9,197,352,319.782949
9,198,352,279.580236
9,199,352,285.640131
9,200,352,312.651919
9,201,352,300.583323
9,202,352,280.365430
9,203,352,309.865985
9,204,352,297.814071
9,205,352,314.949313
9,206,352,304.940543
9,207,352,345.769731
9,208,352,323.245976
9,209,352,305.793805
9,210,352,304.030955
9,211,352,338.186536
9,212,352,339.202880
9,213,352,297.929807
9,214,352,296.842571
9,215,352,362.329823
9,216,352,344.824470
9,217,352,293.640781
9,218,352,341.982528
9,219,352,354.190597
9,220,352,315.360546
9,221,352,360.812041
9,222,352,356.918598
9,223,352,328.907276
9,224,352,342.934011
9,225,352,359.339810
9,226,352,338.109485
9,227,352,324.768566
9,228,352,324.912467
9,229,352,370.413041
9,230,352,360.581404
9,231,352,384.924211
9,232,352,345.255528
9,233,352,338.926821
9,234,352,391.408944
9,235,352,356.524173
9,236,352,381.965831
9,237,352,369.546498
9,238,352,411.866521
9,239,352,313.361409
9,240,352,376.405894
10,1,724,260.757330
10,2,724,190.087374
10,3,724,128.624507
10,4,724,103.323861
10,5,724,96.943640
10,6,724,85.178691
10,7,724,76.761928
10,8,724,76.343253
10,9,724,77.911139
10,10,724,85.699630
10,11,724,111.611926
10,12,724,64.265548
10,13,724,65.187198
10,14,724,63.667816
10,15,724,61.557114
10,16,724,89.270501
10,17,724,62.967689
10,18,724,64.138584
10,19,724,58.191346
10,20,724,80.320676
10,21,724,61.060489
10,22,724,86.985104
10,23,724,68.536607
10,24,724,57.917402
10,25,724,58.932657
10,26,724,56.021045
10,27,724,67.142324
10,28,724,70.334683
10,29,724,123.559975
10,30,724,69.419830
10,31,724,100.267001
10,32,724,109.585332
10,33,724,74.700307
10,34,724,122.473894
10,35,724,125.867697
10,36,724,93.893771
10,37,724,92.159019
10,38,724,105.158569
10,39,724,129.269776
10,40,724,92.101279
10,41,724,86.006098
10,42,724,104.526834
10,43,724,92.942802
10,44,724,109.169351
10,45,724,101.193209
10,46,724,98.340295
10,47,724,89.172279
10,48,724,96.170122
10,49,724,102.486318
10,50,724,103.081355
10,51,724,95.705319
10,52,724,94.420614
10,53,724,106.819478
10,54,724,194.599401
10,55,724,117.631469
10,56,724,112.350994
10,57,724,113.842471
10,58,724,112.170717
10,59,724,116.152759
10,60,724,127.367709
10,61,724,151.247635
10,62,724,123.341462
10,63,724,131.140732
10,64,724,99.620573
10,65,724,124.203898
10,66,724,121.139725
10,67,724,125.965020
10,68,724,128.613151
10,69,724,145.205448
10,70,724,118.011718
10,71,724,126.774273
10,72,724,245.035296
10,73,724,134.680552
10,74,724,121.060622
10,75,724,118.079786
10,76,724,148.695421
10,77,724,108.250586
10,78,724,162.086187
10,79,724,120.085274
10,80,724,157.108268
10,81,724,134.069731
10,82,724,133.600179
10,83,724,162.718756
10,84,724,132.188449
10,85,724,135.641657
10,86,724,136.586534
10,87,724,165.581291
10,88,724,150.548477
10,89,724,177.357724
10,90,724,161.588600
10,91,724,177.048561
10,92,724,150.735037
10,93,724,184.625404
10,94,724,265.168184
10,95,724,168.856664
10,96,724,205.198332
10,97,724,152.618632
10,98,724,183.438472
10,99,724,221.173136
10,100,724,168.874628
10,101,724,182.736550
10,102,724,182.458502
10,103,724,183.886209
10,104,724,186.820407
10,105,724,169.460941
10,106,724,229.247760
10,107,724,191.473767
10,108,724,180.395917
10,109,724,194.978044
10,110,724,181.271762
10,111,724,170.310995
10,112,724,193.040113
10,113,724,202.839414
10,114,724,182.164735
10,115,724,212.682792
10,116,724,179.027104
10,117,724,192.704517
10,118,724,187.391129
10,119,724,213.360462
10,120,724,195.854788
10,121,724,216.682218
10,122,724,240.955481
10,123,724,202.510554
10,124,724,207.233524
10,125,724,209.505255
10,126,724,213.716202
10,127,724,209.373544
10,128,724,215.788153
10,129,724,210.267801
10,130,724,207.802513
10,131,724,218.169974
10,132,724,219.005593
10,133,724,238.226326
10,134,724,198.448770
10,135,724,244.490620
10,136,724,266.888246
10,137,724,219.226222
10,138,724,256.766244
10,139,724,228.566687
10,140,724,251.296703
10,141,724,249.033311
10,142,724,242.856590
10,143,724,329.518352
10,144,724,300.141616
10,145,724,239.603156
10,146,724,260.963204
10,147,724,252.289373
10,148,724,235.475550
10,149,724,235.160356
10,150,724,226.970447
10,151,724,287.777779
10,152,724,343.135459
10,153,724,252.859584
10,154,724,290.748222
10,155,724,260.731540
10,156,724,268.240955
10,157,724,260.044182
10,158,724,295.021015
10,159,724,268.384726
10,160,724,253.940469
10,161,724,271.805155
10,162,724,276.867439
10,163,724,294.829834
10,164,724,265.848228
10,165,724,289.768512
10,166,724,338.389009
10,167,724,267.710393
10,168,724,284.227438
10,169,724,296.690394
10,170,724,292.532760
10,171,724,364.007542
10,172,724,303.552677
10,173,724,279.200374
10,174,724,290.951852
10,175,724,331.211083
10,176,724,293.639306
10,177,724,328.022063
10,178,724,342.473122
10,179,724,462.115980
10,180,724,466.284970
10,181,724,296.260363
10,182,724,272.640904
10,183,724,321.322413
10,184,724,290.243579
10,185,724,299.374706
10,186,724,314.614810
10,187,724,298.714036
10,188,724,306.206260
10,189,724,335.795927
10,190,724,393.597915
10,191,724,292.853279
10,192,724,364.060470
10,193,724,294.800898
10,194,724,358.122724
10,195,724,343.811588
10,196,724,358.081345
10,197,724,309.634128
10,198,724,324.095900
10,199,724,335.200951
10,200,724,372.094225
10,201,724,337.895657
10,202,724,453.877956
10,203,724,334.826928
10,204,724,429.464834
10,205,724,333.644936
10,206,724,335.968311
10,207,724,335.716566
10,208,724,347.143417
10,209,724,398.722876
10,210,724,302.177130
10,211,724,427.174433
10,212,724,484.247363
10,213,724,422.753059
10,214,724,346.509759
10,215,724,378.203198
10,216,724,364.327356
10,217,724,328.876673
10,218,724,366.912676
10,219,724,344.395143
10,220,724,438.492736
10,221,724,346.107057
10,222,724,376.455038
10,223,724,385.530798
10,224,724,427.778775
10,225,724,377.244146
10,226,724,377.370337
10,227,724,358.605749
10,228,724,488.721601
10,229,724,376.738411
10,230,724,370.916657
10,231,724,362.406230
10,232,724,463.628502
10,233,724,377.757514
10,234,724,506.616570
10,235,724,403.610597
10,236,724,377.942152
10,237,724,515.759052
10,238,724,368.888588
10,239,724,408.080667
10,240,724,384.083396
11,1,2680,1415.332498
11,2,2680,970.896501
11,3,2680,636.395672
11,4,2680,486.756213
11,5,2680,404.664536
11,6,2680,338.148043
11,7,2680,302.072619
11,8,2680,268.922603
11,9,2680,247.039051
11,10,2680,256.311640
11,11,2680,236.629827
11,12,2680,233.944294
11,13,2680,197.082523
11,14,2680,175.724529
11,15,2680,176.335991
11,16,2680,157.673921
11,17,2680,168.364852
11,18,2680,166.003304
11,19,2680,175.387009
11,20,2680,178.211180
11,21,2680,168.442351
11,22,2680,153.290142
11,23,2680,170.172485
11,24,2680,145.776556
11,25,2680,151.427206
11,26,2680,134.889759
11,27,2680,141.685259
11,28,2680,182.337184
11,29,2680,196.526300
11,30,2680,219.016178
11,31,2680,173.205545
11,32,2680,151.377870
11,33,2680,147.871411
11,34,2680,146.570538
11,35,2680,167.081108
11,36,2680,133.851668
11,37,2680,152.501292
11,38,2680,135.477550
11,39,2680,145.116079
11,40,2680,134.164553
11,41,2680,138.290558
11,42,2680,127.989818
11,43,2680,164.402314
11,44,2680,128.934953
11,45,2680,152.896807
11,46,2680,140.013699
11,47,2680,137.894975
11,48,2680,138.651300
11,49,2680,143.065363
11,50,2680,138.421498
11,51,2680,142.229809
11,52,2680,145.668455
11,53,2680,147.071078
11,54,2680,143.791599
11,55,2680,139.346358
11,56,2680,148.861644
11,57,2680,161.417884
11,58,2680,151.657524
11,59,2680,136.789007
11,60,2680,142.102846
11,61,2680,162.606613
11,62,2680,156.786143
11,63,2680,150.072444
11,64,2680,137.414265
11,65,2680,149.188257
11,66,2680,157.852978
11,67,2680,145.022799
11,68,2680,156.036555
11,69,2680,151.310507
11,70,2680,157.156447
11,71,2680,153.031467
11,72,2680,185.741190
11,73,2680,175.534438
11,74,2680,158.387840
11,75,2680,163.383018
11,76,2680,179.003045
11,77,2680,154.000531
11,78,2680,158.649593
11,79,2680,195.177823
11,80,2680,183.632283
11,81,2680,168.930635
11,82,2680,212.514256
11,83,2680,190.085129
11,84,2680,185.735734
11,85,2680,158.463607
11,86,2680,201.911347
11,87,2680,170.385865
11,88,2680,181.141398
11,89,2680,167.152000
11,90,2680,179.962485
11,91,2680,192.327862
11,92,2680,175.003297
11,93,2680,180.717655
11,94,2680,179.822370
11,95,2680,200.669112
11,96,2680,171.133977
11,97,2680,214.130065
11,98,2680,182.352390
11,99,2680,204.854589
11,100,2680,203.739958
11,101,2680,191.435465
11,102,2680,192.479396
11,103,2680,183.089787
11,104,2680,201.847000
11,105,2680,236.609746
11,106,2680,201.016512
11,107,2680,219.400662
11,108,2680,205.412996
11,109,2680,237.380891
11,110,2680,203.465182
11,111,2680,203.499699
11,112,2680,210.176573
11,113,2680,294.250835
11,114,2680,208.489872
11,115,2680,208.656802
11,116,2680,223.775972
11,117,2680,203.080699
11,118,2680,240.783417
11,119,2680,227.285896
11,120,2680,218.378094
11,121,2680,216.476602
11,122,2680,212.208107
11,123,2680,222.143869
11,124,2680,238.268153
11,125,2680,246.457293
11,126,2680,227.177153
11,127,2680,226.932530
11,128,2680,239.148876
11,129,2680,235.486969
11,130,2680,231.857716
11,131,2680,230.778756
11,132,2680,247.086398
11,133,2680,334.156892
11,134,2680,245.794636
11,135,2680,263.084363
11,136,2680,361.507868
11,137,2680,250.042278
11,138,2680,252.045392
11,139,2680,238.001397
11,140,2680,247.385360
11,141,2680,265.779902
11,142,2680,267.478986
11,143,2680,260.181859
11,144,2680,284.369282
11,145,2680,251.052400
11,146,2680,263.774544
11,147,2680,257.818770
11,148,2680,254.032660
11,149,2680,296.868680
11,150,2680,255.875129
11,151,2680,268.635831
11,152,2680,288.854236
11,153,2680,297.446204
11,154,2680,300.994364
11,155,2680,268.645132
11,156,2680,268.804173
11,157,2680,294.898095
11,158,2680,299.398765
11,159,2680,285.581430
11,160,2680,291.377906
11,161,2680,297.984723
11,162,2680,307.183083
11,163,2680,274.923990
11,164,2680,304.066495
11,165,2680,299.307087
11,166,2680,333.544339
11,167,2680,445.749316
11,168,2680,304.887681
11,169,2680,333.286179
11,170,2680,354.594133
11,171,2680,356.907371
11,172,2680,307.763111
11,173,2680,303.659367
11,174,2680,296.348833
11,175,2680,505.433679
11,176,2680,281.263922
11,177,2680,318.472580
11,178,2680,285.017956
11,179,2680,335.666012
11,180,2680,331.013872
11,181,2680,347.928613
11,182,2680,343.166766
11,183,2680,333.867616
11,184,2680,418.834851
11,185,2680,354.041886
11,186,2680,432.314667
11,187,2680,362.991646
11,188,2680,379.038372
11,189,2680,319.028034
11,190,2680,341.721096
11,191,2680,453.744962
11,192,2680,363.287018
11,193,2680,363.821877
11,194,2680,532.359305
11,195,2680,355.634470
11,196,2680,360.864650
11,197,2680,386.559141
11,198,2680,397.981760
11,199,2680,376.199829
11,200,2680,367.842796
11,201,2680,433.044303
11,202,2680,376.447789
11,203,2680,365.107930
11,204,2680,560.619358
11,205,2680,381.297718
11,206,2680,371.652709
11,207,2680,405.180406
11,208,2680,361.911853
11,209,2680,395.232264
11,210,2680,468.820827
11,211,2680,652.363037
11,212,2680,648.684643
11,213,2680,474.674914
11,214,2680,393.261163
11,215,2680,720.546535
11,216,2680,715.683838
11,217,2680,396.013480
11,218,2680,558.554400
11,219,2680,532.081771
11,220,2680,787.592241
11,221,2680,462.001658
11,222,2680,504.203376
11,223,2680,441.630560
11,224,2680,435.529092
11,225,2680,446.850924
11,226,2680,653.011196
11,227,2680,489.322736
11,228,2680,520.689498
11,229,2680,488.410130
11,230,2680,421.992886
11,231,2680,431.938076
11,232,2680,645.571262
11,233,2680,467.569546
11,234,2680,444.146273
11,235,2680,414.651554
11,236,2680,478.581379
11,237,2680,726.891920
11,238,2680,465.433311
11,239,2680,452.741128
11,240,2680,564.471359
12,1,14200,8244.451165
12,2,14200,5281.004030
12,3,14200,3523.506996
12,4,14200,2649.845720
12,5,14200,2132.398684
12,6,14200,1794.726478
12,7,14200,1570.394089
12,8,14200,1370.683712
12,9,14200,1212.059908
12,10,14200,1155.070445
12,11,14200,1047.002124
12,12,14200,953.835678
12,13,14200,865.070655
12,14,14200,803.236199
12,15,14200,749.895684
12,16,14200,711.994856
12,17,14200,670.755142
12,18,14200,644.340575
12,19,14200,610.891337
12,20,14200,593.079708
12,21,14200,564.340929
12,22,14200,560.120617
12,23,14200,549.738337
12,24,14200,516.682371
12,25,14200,504.189390
12,26,14200,490.682887
12,27,14200,462.238968
12,28,14200,462.501361
12,29,14200,433.175885
12,30,14200,431.178481
12,31,14200,465.640659
12,32,14200,404.048325
12,33,14200,410.441958
12,34,14200,388.179121
12,35,14200,389.785305
12,36,14200,408.322722
12,37,14200,402.177950
12,38,14200,373.549901
12,39,14200,359.183785
12,40,14200,352.581137
12,41,14200,339.178950
12,42,14200,346.732312
12,43,14200,346.631396
12,44,14200,358.515098
12,45,14200,364.402031
12,46,14200,370.434853
12,47,14200,372.112573
12,48,14200,340.575928
12,49,14200,330.795103
12,50,14200,328.594262
12,51,14200,305.297376
12,52,14200,330.785801
12,53,14200,343.081760
12,54,14200,383.084052
12,55,14200,368.238056
12,56,14200,334.132385
12,57,14200,326.925460
12,58,14200,348.857193
12,59,14200,369.689885
12,60,14200,323.166806
12,61,14200,306.484501
12,62,14200,306.901508
12,63,14200,307.956023
12,64,14200,287.533540
12,65,14200,293.283440
12,66,14200,309.673713
12,67,14200,294.778957
12,68,14200,290.754895
12,69,14200,306.910426
12,70,14200,302.117847
12,71,14200,311.667908
12,72,14200,295.531433
12,73,14200,299.361041
12,74,14200,326.896912
12,75,14200,305.248167
12,76,14200,310.037601
12,77,14200,301.086619
12,78,14200,305.722787
12,79,14200,300.499086
12,80,14200,305.397264
12,81,14200,314.636943
12,82,14200,302.664578
12,83,14200,313.490620
12,84,14200,322.823194
12,85,14200,306.827088
12,86,14200,306.500602
12,87,14200,296.867014
12,88,14200,302.890468
12,89,14200,305.907745
12,90,14200,297.318856
12,91,14200,303.688043
12,92,14200,319.433045
12,93,14200,332.475132
12,94,14200,324.916764
12,95,14200,306.170590
12,96,14200,318.701036
12,97,14200,341.852741
12,98,14200,322.226871
12,99,14200,304.702015
12,100,14200,310.097009
12,101,14200,316.322359
12,102,14200,326.324777
12,103,14200,314.973434
12,104,14200,321.202765
12,105,14200,324.691773
12,106,14200,322.935078
12,107,14200,321.270319
12,108,14200,322.605514
12,109,14200,334.022230
12,110,14200,319.637765
12,111,14200,329.489289
12,112,14200,341.526449
12,113,14200,344.088419
12,114,14200,322.470661
12,115,14200,328.241282
12,116,14200,334.672827
12,117,14200,320.737383
12,118,14200,339.061933
12,119,14200,346.049254
12,120,14200,338.078306
12,121,14200,354.433487
12,122,14200,337.134393
12,123,14200,384.501173
12,124,14200,346.810582
12,125,14200,331.446790
12,126,14200,344.842752
12,127,14200,349.472953
12,128,14200,337.696199
12,129,14200,348.971582
12,130,14200,344.054543
12,131,14200,348.642081
12,132,14200,348.282492
12,133,14200,343.528280
12,134,14200,358.353364
12,135,14200,349.703463
12,136,14200,371.871862
12,137,14200,364.361165
12,138,14200,358.953534
12,139,14200,376.836055
12,140,14200,365.495426
12,141,14200,368.146378
12,142,14200,356.620085
12,143,14200,413.477712
12,144,14200,368.778242
12,145,14200,374.210636
12,146,14200,364.202508
12,147,14200,371.660152
12,148,14200,360.117434
12,149,14200,367.776972
12,150,14200,374.892734
12,151,14200,393.987850
12,152,14200,393.852352
12,153,14200,395.756602
12,154,14200,371.704868
12,155,14200,373.543487
12,156,14200,365.026389
12,157,14200,378.383090
12,158,14200,405.353882
12,159,14200,386.101457
12,160,14200,420.545353
12,161,14200,388.252834
12,162,14200,379.998642
12,163,14200,391.694049
12,164,14200,389.649235
12,165,14200,385.645829
12,166,14200,405.445754
12,167,14200,408.254076
12,168,14200,426.009571
12,169,14200,392.240265
12,170,14200,433.273592
12,171,14200,401.485717
12,172,14200,408.813636
12,173,14200,439.800281
12,174,14200,409.517291
12,175,14200,451.295072
12,176,14200,440.167889
12,177,14200,442.498129
12,178,14200,404.375067
12,179,14200,426.458014
12,180,14200,425.173053
12,181,14200,452.550524
12,182,14200,453.993242
12,183,14200,464.918402
12,184,14200,474.776087
12,185,14200,444.884121
12,186,14200,455.298286
12,187,14200,478.147819
12,188,14200,469.879964
12,189,14200,498.769827
12,190,14200,484.022180
12,191,14200,459.604245
12,192,14200,467.731475
12,193,14200,488.178852
12,194,14200,481.365324
12,195,14200,465.802844
12,196,14200,482.482008
12,197,14200,478.402774
12,198,14200,507.350246
12,199,14200,494.557790
12,200,14200,512.575549
12,201,14200,472.578838
12,202,14200,469.751589
12,203,14200,534.598510
12,204,14200,521.010401
12,205,14200,489.962938
12,206,14200,479.212794
12,207,14200,525.296088
12,208,14200,529.154888
12,209,14200,544.278933
12,210,14200,524.066877
12,211,14200,505.139335
12,212,14200,628.988072
12,213,14200,528.700605
12,214,14200,528.085615
12,215,14200,572.166436
12,216,14200,504.889708
12,217,14200,513.445941
12,218,14200,549.320368
12,219,14200,534.512221
12,220,14200,547.795143
12,221,14200,517.315005
12,222,14200,569.457426
12,223,14200,575.032118
12,224,14200,539.140626
12,225,14200,524.457133
12,226,14200,557.868838
12,227,14200,564.447427
12,228,14200,566.575195
12,229,14200,543.657398
12,230,14200,522.205483
12,231,14200,531.936075
12,232,14200,602.275504
12,233,14200,585.173622
12,234,14200,561.430344
12,235,14200,533.523271
12,236,14200,636.012155
12,237,14200,578.088208
12,238,14200,565.217033
12,239,14200,578.080188
12,240,14200,603.819461
13,1,73712,46251.207726
13,2,73712,31662.722032
13,3,73712,21230.173841
13,4,73712,15848.813634
13,5,73712,12765.449569
13,6,73712,10598.667872
13,7,73712,9097.547018
13,8,73712,7967.808206
13,9,73712,7101.226633
13,10,73712,6482.594601
13,11,73712,5894.103263
13,12,73712,5353.879125
13,13,73712,4970.626858
13,14,73712,4645.714135
13,15,73712,4319.593307
13,16,73712,4045.642678
13,17,73712,3805.141350
13,18,73712,3628.533020
13,19,73712,3411.707223
13,20,73712,3266.926868
13,21,73712,3105.964613
13,22,73712,2979.210741
13,23,73712,2841.792115
13,24,73712,2738.574944
13,25,73712,2640.986289
13,26,73712,2568.156874
13,27,73712,2446.089915
13,28,73712,2405.583045
13,29,73712,2278.195962
13,30,73712,2204.126237
13,31,73712,2144.796524
13,32,73712,2161.439439
13,33,73712,2028.219187
13,34,73712,1983.983557
13,35,73712,1904.103883
13,36,73712,1872.392802
13,37,73712,1852.983070
13,38,73712,1783.949775
13,39,73712,1774.175235
13,40,73712,1710.772252
13,41,73712,1644.655126
13,42,73712,1648.163511
13,43,73712,1611.722658
13,44,73712,1547.150387
13,45,73712,1552.999149
13,46,73712,1550.012729
13,47,73712,1524.976404
13,48,73712,1492.440415
13,49,73712,1414.217804
13,50,73712,1424.618560
13,51,73712,1372.433282
13,52,73712,1366.231093
13,53,73712,1372.462604
13,54,73712,1309.643817
13,55,73712,1302.007888
13,56,73712,1279.222958
13,57,73712,1287.626951
13,58,73712,1264.843368
13,59,73712,1302.938198
13,60,73712,1312.432509
13,61,73712,1195.937035
13,62,73712,1240.588002
13,63,73712,1190.754396
13,64,73712,1173.170582
13,65,73712,1156.794741
13,66,73712,1141.603590
13,67,73712,1141.331443
13,68,73712,1130.550056
13,69,73712,1131.404281
13,70,73712,1116.733556
13,71,73712,1123.385731
13,72,73712,1107.519861
13,73,73712,1097.731015
13,74,73712,1106.550412
13,75,73712,1096.319219
13,76,73712,1113.862167
13,77,73712,1108.264444
13,78,73712,1083.370094
13,79,73712,1062.467280
13,80,73712,1064.794954
13,81,73712,1072.746400
13,82,73712,1043.691977
13,83,73712,1060.672864
13,84,73712,1050.085928
13,85,73712,1053.195205
13,86,73712,1043.719693
13,87,73712,1028.620862
13,88,73712,1065.305052
13,89,73712,1027.788835
13,90,73712,1020.111843
13,91,73712,1008.358635
13,92,73712,1001.999330
13,93,73712,1003.041016
13,94,73712,1019.382403
13,95,73712,995.572145
13,96,73712,1015.752636
13,97,73712,991.908505
13,98,73712,1007.264214
13,99,73712,984.755022
13,100,73712,979.711729
13,101,73712,995.478222
13,102,73712,1012.457310
13,103,73712,972.380086
13,104,73712,1009.217608
13,105,73712,990.875031
13,106,73712,967.868445
13,107,73712,980.914956
13,108,73712,976.708310
13,109,73712,983.086991
13,110,73712,971.813596
13,111,73712,960.375454
13,112,73712,986.057179
13,113,73712,967.360594
13,114,73712,978.477770
13,115,73712,960.993332
13,116,73712,967.264682
13,117,73712,949.367405
13,118,73712,966.726679
13,119,73712,959.237664
13,120,73712,971.814496
13,121,73712,936.998886
13,122,73712,972.965118
13,123,73712,955.056742
13,124,73712,944.313142
13,125,73712,941.144201
13,126,73712,963.162990
13,127,73712,941.693817
13,128,73712,966.129266
13,129,73712,991.424906
13,130,73712,975.911889
13,131,73712,971.455419
13,132,73712,970.993760
13,133,73712,959.460153
13,134,73712,963.295535
13,135,73712,967.517131
13,136,73712,973.408684
13,137,73712,959.994691
13,138,73712,968.560742
13,139,73712,962.796089
13,140,73712,971.339171
13,141,73712,960.658764
13,142,73712,976.825007
13,143,73712,946.551574
13,144,73712,1009.618641
13,145,73712,995.045047
13,146,73712,984.370798
13,147,73712,1013.638149
13,148,73712,1006.750717
13,149,73712,990.161179
13,150,73712,995.239692
13,151,73712,989.515843
13,152,73712,993.589691
13,153,73712,977.829483
13,154,73712,974.262269
13,155,73712,975.517333
13,156,73712,1003.274987
13,157,73712,993.642425
13,158,73712,988.242749
13,159,73712,1012.830757
13,160,73712,1004.148074
13,161,73712,1013.500151
13,162,73712,972.206804
13,163,73712,988.008326
13,164,73712,1001.751241
13,165,73712,1002.860482
13,166,73712,986.926030
13,167,73712,1022.268995
13,168,73712,1003.527181
13,169,73712,994.060267
13,170,73712,1002.006451
13,171,73712,1015.385927
13,172,73712,1033.551564
13,173,73712,1016.254521
13,174,73712,993.173131
13,175,73712,1000.532808
13,176,73712,1014.633066
13,177,73712,1006.187949
13,178,73712,1010.825077
13,179,73712,999.073281
13,180,73712,1044.467934
13,181,73712,1021.232442
13,182,73712,1026.149800
13,183,73712,1027.715889
13,184,73712,1014.596948
13,185,73712,1084.495054
13,186,73712,999.871819
13,187,73712,1071.834757
13,188,73712,1010.486916
13,189,73712,1014.625175
13,190,73712,1030.018415
13,191,73712,1035.021419
13,192,73712,1018.909516
13,193,73712,1033.341456
13,194,73712,1027.936006
13,195,73712,1053.424045
13,196,73712,1038.159374
13,197,73712,1046.258630
13,198,73712,1042.971387
13,199,73712,1040.753868
13,200,73712,1148.683230
13,201,73712,1041.956198
13,202,73712,1058.293031
13,203,73712,1036.069202
13,204,73712,1029.912432
13,205,73712,1064.147695
13,206,73712,1066.107246
13,207,73712,1059.713746
13,208,73712,1060.179061
13,209,73712,1053.938891
13,210,73712,1073.559885
13,211,73712,1078.741370
13,212,73712,1068.103946
13,213,73712,1093.784644
13,214,73712,1076.332284
13,215,73712,1101.437509
13,216,73712,1092.471582
13,217,73712,1077.708409
13,218,73712,1079.436297
13,219,73712,1088.823341
13,220,73712,1079.864341
13,221,73712,1083.300358
13,222,73712,1073.562708
13,223,73712,1088.546704
13,224,73712,1124.899983
13,225,73712,1095.223772
13,226,73712,1104.281504
13,227,73712,1078.191626
13,228,73712,1143.268350
13,229,73712,1080.817749
13,230,73712,1108.717444
13,231,73712,1108.905803
13,232,73712,1107.563678
13,233,73712,1124.162970
13,234,73712,1094.779817
13,235,73712,1098.638873
13,236,73712,1134.813031
13,237,73712,1151.155895
13,238,73712,1103.507025
13,239,73712,1128.409201
13,240,73712,1151.812393
