1024,1,1,18.904510
1024,2,1,24.575948
1024,3,1,24.044230
1024,4,1,26.614219
1024,5,1,29.159635
1024,6,1,32.614451
1024,7,1,31.230304
1024,8,1,34.028236
1024,9,1,33.337350
1024,10,1,32.902185
1024,11,1,36.507766
1024,12,1,36.543116
1024,13,1,39.488154
1024,14,1,39.736434
1024,15,1,39.626918
1024,16,1,38.793674
1024,17,1,46.956635
1024,18,1,43.131325
1024,19,1,45.349872
1024,20,1,48.284583
1024,21,1,48.360031
1024,22,1,49.431292
1024,23,1,52.326800
1024,24,1,54.427367
1024,25,1,54.791384
1024,26,1,50.168047
1024,27,1,60.374992
1024,28,1,60.493614
1024,29,1,58.051552
1024,30,1,63.290390
1024,31,1,60.677484
1024,32,1,67.550542
1024,33,1,66.765415
1024,34,1,69.305507
1024,35,1,67.096070
1024,36,1,71.605080
1024,37,1,73.768454
1024,38,1,72.758974
1024,39,1,70.976424
1024,40,1,79.767851
1024,41,1,76.453280
1024,42,1,71.056683
1024,43,1,87.825921
1024,44,1,75.174926
1024,45,1,82.738038
1024,46,1,86.842167
1024,47,1,78.938966
1024,48,1,86.796681
1024,49,1,83.990986
1024,50,1,90.947770
1024,51,1,93.935792
1024,52,1,86.737338
1024,53,1,86.107270
1024,54,1,95.939678
1024,55,1,92.007997
1024,56,1,87.357973
1024,57,1,105.573973
1024,58,1,100.943644
1024,59,1,94.712647
1024,60,1,103.770764
1024,61,1,102.981336
1024,62,1,104.200797
1024,63,1,99.500925
1024,64,1,105.445085
1024,65,1,114.482932
1024,66,1,111.544501
1024,67,1,103.831327
1024,68,1,107.636493
1024,69,1,115.022603
1024,70,1,118.347505
1024,71,1,113.698315
1024,72,1,116.057104
1024,73,1,125.485396
1024,74,1,121.917733
1024,75,1,119.970243
1024,76,1,132.172600
1024,77,1,120.967789
1024,78,1,129.522804
1024,79,1,122.186543
1024,80,1,119.833144
1024,81,1,135.430205
1024,82,1,123.332866
1024,83,1,130.627042
1024,84,1,131.012230
1024,85,1,136.530335
1024,86,1,141.229885
1024,87,1,138.022904
1024,88,1,126.980853
1024,89,1,132.908523
1024,90,1,135.676623
1024,91,1,145.580178
1024,92,1,132.977684
1024,93,1,139.195527
1024,94,1,151.852620
1024,95,1,139.787103
1024,96,1,143.524456
1024,97,1,148.769711
1024,98,1,149.113903
1024,99,1,160.923762
1024,100,1,151.396411
1024,101,1,152.985790
1024,102,1,149.371228
1024,103,1,158.821400
1024,104,1,155.976698
1024,105,1,157.356805
1024,106,1,177.922482
1024,107,1,164.807453
1024,108,1,166.507177
1024,109,1,159.449413
1024,110,1,173.240380
1024,111,1,179.968002
1024,112,1,167.901909
1024,113,1,177.609469
1024,114,1,174.161456
1024,115,1,185.217106
1024,116,1,174.018710
1024,117,1,187.450600
1024,118,1,187.962366
1024,119,1,172.573104
1024,120,1,183.391638
1024,121,1,179.330237
1024,122,1,177.165323
1024,123,1,196.286229
1024,124,1,192.160931
1024,125,1,191.797170
1024,126,1,192.087025
1024,127,1,187.981419
1024,128,1,195.193220
1024,129,1,205.976726
1024,130,1,193.667932
1024,131,1,184.743897
1024,132,1,201.332025
1024,133,1,206.162841
1024,134,1,214.192168
1024,135,1,207.380309
1024,136,1,210.586458
1024,137,1,217.602715
1024,138,1,201.262097
1024,139,1,207.877384
1024,140,1,213.036029
1024,141,1,204.327939
1024,142,1,211.169436
1024,143,1,206.767758
1024,144,1,215.618976
1024,145,1,218.762959
1024,146,1,208.156138
1024,147,1,226.424998
1024,148,1,228.897919
1024,149,1,209.046352
1024,150,1,216.158262
1024,151,1,212.772994
1024,152,1,225.700817
1024,153,1,221.516687
1024,154,1,234.360597
1024,155,1,222.608478
1024,156,1,234.055925
1024,157,1,234.765991
1024,158,1,235.222329
1024,159,1,219.671201
1024,160,1,231.818258
1024,161,1,242.805587
1024,162,1,234.824503
1024,163,1,240.036587
1024,164,1,250.367931
1024,165,1,257.268065
1024,166,1,260.134833
1024,167,1,261.308743
1024,168,1,271.294287
1024,169,1,247.046943
1024,170,1,249.716821
1024,171,1,266.701170
1024,172,1,257.506336
1024,173,1,258.569835
1024,174,1,263.619480
1024,175,1,249.571828
1024,176,1,250.961043
1024,177,1,284.168030
1024,178,1,263.306596
1024,179,1,276.614410
1024,180,1,274.824165
1024,181,1,256.294702
1024,182,1,280.372101
1024,183,1,271.203957
1024,184,1,251.379783
1024,185,1,274.548489
1024,186,1,277.291438
1024,187,1,264.739307
1024,188,1,275.346579
1024,189,1,278.694832
1024,190,1,290.485893
1024,191,1,265.994886
1024,192,1,260.720889
1024,193,1,298.667654
1024,194,1,279.672875
1024,195,1,289.169880
1024,196,1,277.208294
1024,197,1,293.181048
1024,198,1,293.523507
1024,199,1,292.134485
1024,200,1,311.373179
1024,201,1,278.940866
1024,202,1,274.763281
1024,203,1,279.699436
1024,204,1,303.555051
1024,205,1,306.468719
1024,206,1,304.366868
1024,207,1,287.291997
1024,208,1,291.701630
1024,209,1,296.389956
1024,210,1,296.544954
1024,211,1,295.367324
1024,212,1,311.164228
1024,213,1,305.372245
1024,214,1,309.241564
1024,215,1,290.779786
1024,216,1,308.261212
1024,217,1,307.832461
1024,218,1,315.881872
1024,219,1,346.950056
1024,220,1,335.460908
1024,221,1,321.765403
1024,222,1,331.193121
1024,223,1,319.075124
1024,224,1,317.803249
1024,225,1,328.093212
1024,226,1,320.948003
1024,227,1,323.596709
1024,228,1,339.867656
1024,229,1,337.843564
1024,230,1,356.067580
1024,231,1,325.838738
1024,232,1,330.430381
1024,233,1,332.579384
1024,234,1,336.660096
1024,235,1,334.704455
1024,236,1,365.325350
1024,237,1,342.864660
1024,238,1,334.672185
1024,239,1,337.342447
1024,240,1,349.242187
2048,1,1,20.821143
2048,2,1,24.412608
2048,3,1,26.535373
2048,4,1,29.759550
2048,5,1,29.791691
2048,6,1,32.365143
2048,7,1,31.934343
2048,8,1,31.824382
2048,9,1,32.724091
2048,10,1,34.316804
2048,11,1,35.936016
2048,12,1,37.498319
2048,13,1,37.521285
2048,14,1,38.927245
2048,15,1,40.939470
2048,16,1,42.216156
2048,17,1,46.247146
2048,18,1,45.345896
2048,19,1,46.114924
2048,20,1,45.855285
2048,21,1,47.426060
2048,22,1,50.823199
2048,23,1,48.729561
2048,24,1,55.729905
2048,25,1,61.901049
2048,26,1,52.868657
2048,27,1,65.440164
2048,28,1,58.476516
2048,29,1,60.679536
2048,30,1,59.980502
2048,31,1,62.272828
2048,32,1,67.699833
2048,33,1,66.797107
2048,34,1,63.974733
2048,35,1,64.973626
2048,36,1,65.631280
2048,37,1,75.912387
2048,38,1,65.500533
2048,39,1,72.475150
2048,40,1,78.316470
2048,41,1,79.198603
2048,42,1,80.255430
2048,43,1,76.255809
2048,44,1,81.827871
2048,45,1,76.789580
2048,46,1,80.124810
2048,47,1,87.877245
2048,48,1,89.687701
2048,49,1,83.664309
2048,50,1,86.482129
2048,51,1,88.289057
2048,52,1,90.230325
2048,53,1,92.790112
2048,54,1,89.275376
2048,55,1,96.042261
2048,56,1,100.695749
2048,57,1,88.292456
2048,58,1,104.316404
2048,59,1,99.871678
2048,60,1,101.200522
2048,61,1,109.526053
2048,62,1,102.965171
2048,63,1,101.961978
2048,64,1,114.228234
2048,65,1,115.502740
2048,66,1,111.710212
2048,67,1,105.729357
2048,68,1,115.428511
2048,69,1,115.235084
2048,70,1,111.975558
2048,71,1,112.786158
2048,72,1,115.767444
2048,73,1,115.923660
2048,74,1,119.923409
2048,75,1,120.269718
2048,76,1,126.105457
2048,77,1,123.218542
2048,78,1,126.217534
2048,79,1,129.419259
2048,80,1,131.876142
2048,81,1,129.763129
2048,82,1,131.161517
2048,83,1,117.119450
2048,84,1,130.654951
2048,85,1,131.476260
2048,86,1,128.297313
2048,87,1,138.774352
2048,88,1,135.835022
2048,89,1,130.313709
2048,90,1,130.769079
2048,91,1,136.535339
2048,92,1,148.837138
2048,93,1,145.955356
2048,94,1,137.735361
2048,95,1,145.867848
2048,96,1,154.841218
2048,97,1,166.318498
2048,98,1,151.808481
2048,99,1,147.497646
2048,100,1,151.267139
2048,101,1,155.776985
2048,102,1,155.626091
2048,103,1,160.800456
2048,104,1,166.298545
2048,105,1,167.686861
2048,106,1,166.196666
2048,107,1,173.951603
2048,108,1,152.540810
2048,109,1,166.514684
2048,110,1,164.170008
2048,111,1,175.771491
2048,112,1,161.281041
2048,113,1,162.420692
2048,114,1,167.868226
2048,115,1,172.998259
2048,116,1,176.077189
2048,117,1,175.720936
2048,118,1,183.146437
2048,119,1,174.389077
2048,120,1,181.531653
2048,121,1,185.353372
2048,122,1,181.065759
2048,123,1,194.701984
2048,124,1,195.420007
2048,125,1,186.410262
2048,126,1,187.292779
2048,127,1,193.371666
2048,128,1,201.662360
2048,129,1,190.693447
2048,130,1,180.370318
2048,131,1,187.459132
2048,132,1,219.881502
2048,133,1,192.786186
2048,134,1,198.557895
2048,135,1,217.008317
2048,136,1,197.773602
2048,137,1,209.952862
2048,138,1,210.758331
2048,139,1,210.542384
2048,140,1,204.425134
2048,141,1,201.417929
2048,142,1,209.601359
2048,143,1,207.636354
2048,144,1,206.853917
2048,145,1,231.544189
2048,146,1,229.872886
2048,147,1,209.876905
2048,148,1,219.705652
2048,149,1,223.769684
2048,150,1,221.682913
2048,151,1,216.750351
2048,152,1,224.497139
2048,153,1,213.294190
2048,154,1,224.696854
2048,155,1,232.923910
2048,156,1,229.020264
2048,157,1,236.930520
2048,158,1,228.898885
2048,159,1,235.573063
2048,160,1,242.658672
2048,161,1,238.060099
2048,162,1,248.697140
2048,163,1,243.429237
2048,164,1,242.799171
2048,165,1,250.870584
2048,166,1,250.238335
2048,167,1,250.412003
2048,168,1,257.004899
2048,169,1,250.049592
2048,170,1,248.351857
2048,171,1,245.491566
2048,172,1,255.189632
2048,173,1,257.649659
2048,174,1,264.952943
2048,175,1,269.556969
2048,176,1,242.258022
2048,177,1,248.907503
2048,178,1,269.753090
2048,179,1,254.869948
2048,180,1,260.476972
2048,181,1,280.195355
2048,182,1,272.551470
2048,183,1,284.512991
2048,184,1,257.981854
2048,185,1,267.003789
2048,186,1,302.158139
2048,187,1,255.987912
2048,188,1,267.334443
2048,189,1,269.181276
2048,190,1,283.347294
2048,191,1,290.440408
2048,192,1,298.712113
2048,193,1,264.818859
2048,194,1,271.766276
2048,195,1,287.292061
2048,196,1,269.662118
2048,197,1,283.846292
2048,198,1,300.050709
2048,199,1,290.454007
2048,200,1,300.428454
2048,201,1,298.703966
2048,202,1,277.607532
2048,203,1,303.497888
2048,204,1,301.260674
2048,205,1,300.120509
2048,206,1,284.043376
2048,207,1,302.434326
2048,208,1,279.351778
2048,209,1,315.802445
2048,210,1,308.085295
2048,211,1,319.090522
2048,212,1,318.026511
2048,213,1,306.896632
2048,214,1,319.758568
2048,215,1,309.871952
2048,216,1,326.337480
2048,217,1,336.317186
2048,218,1,316.509242
2048,219,1,304.568894
2048,220,1,303.406020
2048,221,1,319.905419
2048,222,1,325.432124
2048,223,1,351.757900
2048,224,1,329.681690
2048,225,1,329.147216
2048,226,1,343.663327
2048,227,1,350.750088
2048,228,1,330.063477
2048,229,1,341.015134
2048,230,1,337.615684
2048,231,1,326.065012
2048,232,1,355.874411
2048,233,1,325.013831
2048,234,1,341.945446
2048,235,1,328.992215
2048,236,1,363.824443
2048,237,1,324.419822
2048,238,1,350.983100
2048,239,1,337.058562
2048,240,1,352.979862
4096,1,1,24.313875
4096,2,1,27.479478
4096,3,1,30.258868
4096,4,1,33.294047
4096,5,1,32.482291
4096,6,1,31.593935
4096,7,1,33.725295
4096,8,1,33.945989
4096,9,1,34.987546
4096,10,1,35.853192
4096,11,1,37.412736
4096,12,1,37.353009
4096,13,1,39.971754
4096,14,1,39.741628
4096,15,1,45.135852
4096,16,1,46.402787
4096,17,1,46.147643
4096,18,1,42.081687
4096,19,1,44.309854
4096,20,1,45.482738
4096,21,1,50.265178
4096,22,1,51.036258
4096,23,1,54.214181
4096,24,1,49.474533
4096,25,1,54.029414
4096,26,1,59.188059
4096,27,1,54.259218
4096,28,1,59.274989
4096,29,1,60.827348
4096,30,1,66.723971
4096,31,1,59.210322
4096,32,1,61.461907
4096,33,1,67.595194
4096,34,1,70.334297
4096,35,1,69.842868
4096,36,1,68.985308
4096,37,1,71.386824
4096,38,1,75.678479
4096,39,1,76.371994
4096,40,1,70.527853
4096,41,1,72.767378
4096,42,1,71.971533
4096,43,1,81.059548
4096,44,1,77.003346
4096,45,1,84.325428
4096,46,1,89.112679
4096,47,1,77.212683
4096,48,1,83.794737
4096,49,1,88.029035
4096,50,1,82.697941
4096,51,1,82.582846
4096,52,1,84.905647
4096,53,1,99.822919
4096,54,1,88.151508
4096,55,1,92.634600
4096,56,1,94.378463
4096,57,1,90.982671
4096,58,1,96.706780
4096,59,1,100.413788
4096,60,1,101.235742
4096,61,1,99.408414
4096,62,1,99.864814
4096,63,1,102.901336
4096,64,1,103.771536
4096,65,1,103.736699
4096,66,1,106.413826
4096,67,1,101.969548
4096,68,1,116.869243
4096,69,1,112.869752
4096,70,1,117.442919
4096,71,1,116.199720
4096,72,1,119.687447
4096,73,1,125.464613
4096,74,1,117.958531
4096,75,1,121.435543
4096,76,1,121.538577
4096,77,1,128.758975
4096,78,1,128.882602
4096,79,1,128.506652
4096,80,1,138.778263
4096,81,1,131.001707
4096,82,1,126.163261
4096,83,1,137.901905
4096,84,1,129.010654
4096,85,1,141.185682
4096,86,1,136.612645
4096,87,1,130.578731
4096,88,1,134.843954
4096,89,1,150.169766
4096,90,1,138.942052
4096,91,1,141.555343
4096,92,1,145.782651
4096,93,1,135.343210
4096,94,1,144.934841
4096,95,1,145.677821
4096,96,1,145.571387
4096,97,1,141.448076
4096,98,1,142.086998
4096,99,1,149.644466
4096,100,1,158.129488
4096,101,1,160.449335
4096,102,1,161.342437
4096,103,1,155.545449
4096,104,1,148.457597
4096,105,1,157.408257
4096,106,1,164.165774
4096,107,1,153.902823
4096,108,1,184.615011
4096,109,1,168.914211
4096,110,1,164.540504
4096,111,1,174.882686
4096,112,1,174.914636
4096,113,1,170.945232
4096,114,1,170.588723
4096,115,1,166.353975
4096,116,1,187.008956
4096,117,1,185.261374
4096,118,1,165.353926
4096,119,1,186.688118
4096,120,1,163.336890
4096,121,1,176.676912
4096,122,1,190.781981
4096,123,1,198.726882
4096,124,1,186.189183
4096,125,1,198.660993
4096,126,1,189.646500
4096,127,1,189.862509
4096,128,1,183.676294
4096,129,1,193.400149
4096,130,1,202.146474
4096,131,1,205.862465
4096,132,1,203.038167
4096,133,1,195.766189
4096,134,1,201.655047
4096,135,1,206.211406
4096,136,1,205.262295
4096,137,1,195.258851
4096,138,1,202.617566
4096,139,1,209.040515
4096,140,1,210.115563
4096,141,1,206.514794
4096,142,1,221.048228
4096,143,1,212.311525
4096,144,1,212.778253
4096,145,1,226.769704
4096,146,1,211.026370
4096,147,1,213.110704
4096,148,1,220.823235
4096,149,1,217.532914
4096,150,1,214.161179
4096,151,1,231.852263
4096,152,1,226.892690
4096,153,1,249.298657
4096,154,1,232.074753
4096,155,1,236.455452
4096,156,1,237.380698
4096,157,1,229.583417
4096,158,1,230.197958
4096,159,1,232.542892
4096,160,1,227.808440
4096,161,1,238.138689
4096,162,1,241.298071
4096,163,1,248.125003
4096,164,1,249.820495
4096,165,1,245.247970
4096,166,1,261.436733
4096,167,1,240.936171
4096,168,1,260.182436
4096,169,1,233.775116
4096,170,1,260.258717
4096,171,1,256.246267
4096,172,1,262.096440
4096,173,1,255.132855
4096,174,1,261.344735
4096,175,1,251.443168
4096,176,1,269.125718
4096,177,1,257.403047
4096,178,1,254.705325
4096,179,1,261.786634
4096,180,1,270.654854
4096,181,1,279.675956
4096,182,1,261.038907
4096,183,1,277.199120
4096,184,1,269.615028
4096,185,1,267.861735
4096,186,1,272.167182
4096,187,1,282.942282
4096,188,1,271.622056
4096,189,1,280.063837
4096,190,1,285.753108
4096,191,1,275.996340
4096,192,1,269.760533
4096,193,1,278.898589
4096,194,1,278.883576
4096,195,1,291.612904
4096,196,1,291.631126
4096,197,1,296.760321
4096,198,1,292.716181
4096,199,1,302.851399
4096,200,1,313.970498
4096,201,1,293.395583
4096,202,1,299.391772
4096,203,1,298.857999
4096,204,1,296.302062
4096,205,1,309.533470
4096,206,1,302.517279
4096,207,1,314.307119
4096,208,1,302.034190
4096,209,1,304.732106
4096,210,1,312.968397
4096,211,1,318.747935
4096,212,1,289.300756
4096,213,1,315.900604
4096,214,1,311.712945
4096,215,1,317.442187
4096,216,1,308.126933
4096,217,1,302.417838
4096,218,1,319.530177
4096,219,1,321.747313
4096,220,1,330.100688
4096,221,1,324.811295
4096,222,1,303.267189
4096,223,1,330.842705
4096,224,1,317.028515
4096,225,1,314.001934
4096,226,1,315.679334
4096,227,1,315.357208
4096,228,1,343.446931
4096,229,1,325.103650
4096,230,1,362.234746
4096,231,1,323.847556
4096,232,1,336.788469
4096,233,1,352.294109
4096,234,1,334.409855
4096,235,1,354.954106
4096,236,1,345.200740
4096,237,1,328.474100
4096,238,1,338.858432
4096,239,1,344.377949
4096,240,1,371.002496
8192,1,1,32.198789
8192,2,1,36.286942
8192,3,1,32.913219
8192,4,1,38.430234
8192,5,1,38.731315
8192,6,1,35.027835
8192,7,1,37.539636
8192,8,1,37.298157
8192,9,1,39.385121
8192,10,1,39.537230
8192,11,1,38.807724
8192,12,1,40.174997
8192,13,1,42.329388
8192,14,1,41.635935
8192,15,1,45.137586
8192,16,1,48.367086
8192,17,1,45.493326
8192,18,1,44.004798
8192,19,1,47.399114
8192,20,1,53.058814
8192,21,1,50.534500
8192,22,1,52.257644
8192,23,1,56.944042
8192,24,1,53.603488
8192,25,1,54.644018
8192,26,1,57.385748
8192,27,1,63.900378
8192,28,1,56.859870
8192,29,1,61.058885
8192,30,1,65.144535
8192,31,1,59.804140
8192,32,1,65.735147
8192,33,1,63.268001
8192,34,1,62.591101
8192,35,1,72.951439
8192,36,1,68.221926
8192,37,1,69.252833
8192,38,1,71.194617
8192,39,1,74.607538
8192,40,1,72.911085
8192,41,1,75.842267
8192,42,1,77.127677
8192,43,1,85.789190
8192,44,1,87.529332
8192,45,1,85.151295
8192,46,1,81.510111
8192,47,1,79.459008
8192,48,1,84.799534
8192,49,1,90.813046
8192,50,1,88.462595
8192,51,1,81.089254
8192,52,1,91.898805
8192,53,1,91.160894
8192,54,1,97.871643
8192,55,1,96.591877
8192,56,1,98.171696
8192,57,1,88.562100
8192,58,1,97.479912
8192,59,1,108.076982
8192,60,1,108.110984
8192,61,1,117.085188
8192,62,1,113.140421
8192,63,1,106.038455
8192,64,1,107.650480
8192,65,1,111.095095
8192,66,1,102.492411
8192,67,1,115.621235
8192,68,1,109.768496
8192,69,1,108.231598
8192,70,1,113.166595
8192,71,1,126.657832
8192,72,1,108.574698
8192,73,1,118.896031
8192,74,1,129.586767
8192,75,1,122.751363
8192,76,1,121.751250
8192,77,1,125.504068
8192,78,1,141.041719
8192,79,1,131.658782
8192,80,1,128.262799
8192,81,1,121.215751
8192,82,1,139.209129
8192,83,1,139.091726
8192,84,1,131.174926
8192,85,1,139.221382
8192,86,1,139.957884
8192,87,1,136.323177
8192,88,1,130.442790
8192,89,1,138.910040
8192,90,1,127.621889
8192,91,1,143.825600
8192,92,1,147.595546
8192,93,1,143.897582
8192,94,1,154.500492
8192,95,1,149.695855
8192,96,1,155.760497
8192,97,1,149.602059
8192,98,1,152.219330
8192,99,1,158.640867
8192,100,1,162.243238
8192,101,1,163.045497
8192,102,1,155.665547
8192,103,1,158.576263
8192,104,1,153.576593
8192,105,1,159.862445
8192,106,1,180.790984
8192,107,1,150.357743
8192,108,1,161.477483
8192,109,1,165.326979
8192,110,1,168.186821
8192,111,1,169.694146
8192,112,1,164.857044
8192,113,1,170.634850
8192,114,1,173.059014
8192,115,1,175.842895
8192,116,1,180.722337
8192,117,1,172.939300
8192,118,1,188.535656
8192,119,1,171.173111
8192,120,1,185.450566
8192,121,1,179.461049
8192,122,1,187.508596
8192,123,1,190.749199
8192,124,1,177.766713
8192,125,1,190.186751
8192,126,1,171.822040
8192,127,1,183.873571
8192,128,1,195.049319
8192,129,1,205.393619
8192,130,1,197.669222
8192,131,1,189.370248
8192,132,1,193.535067
8192,133,1,207.880654
8192,134,1,202.155391
8192,135,1,206.074947
8192,136,1,197.098241
8192,137,1,211.582018
8192,138,1,206.748575
8192,139,1,212.481922
8192,140,1,206.313604
8192,141,1,208.374073
8192,142,1,224.784682
8192,143,1,209.488444
8192,144,1,215.384874
8192,145,1,215.276452
8192,146,1,218.728316
8192,147,1,220.425793
8192,148,1,218.797798
8192,149,1,227.298535
8192,150,1,220.450687
8192,151,1,239.758798
8192,152,1,229.615945
8192,153,1,232.305839
8192,154,1,230.798578
8192,155,1,228.206136
8192,156,1,225.324868
8192,157,1,247.851832
8192,158,1,220.205805
8192,159,1,233.564691
8192,160,1,218.581209
8192,161,1,242.801545
8192,162,1,232.239053
8192,163,1,243.357769
8192,164,1,242.777358
8192,165,1,241.062109
8192,166,1,240.141612
8192,167,1,238.450740
8192,168,1,227.613858
8192,169,1,246.415143
8192,170,1,257.427169
8192,171,1,252.161641
8192,172,1,257.930530
8192,173,1,249.855202
8192,174,1,242.291576
8192,175,1,240.910766
8192,176,1,248.576463
8192,177,1,270.760646
8192,178,1,257.903906
8192,179,1,275.183048
8192,180,1,266.171761
8192,181,1,264.273670
8192,182,1,266.903707
8192,183,1,261.485106
8192,184,1,274.782206
8192,185,1,256.630426
8192,186,1,262.189464
8192,187,1,278.524115
8192,188,1,275.088675
8192,189,1,294.534785
8192,190,1,262.548412
8192,191,1,276.535501
8192,192,1,286.828734
8192,193,1,282.160553
8192,194,1,267.390387
8192,195,1,282.824621
8192,196,1,287.947275
8192,197,1,303.016021
8192,198,1,290.985275
8192,199,1,301.026698
8192,200,1,282.597576
8192,201,1,310.133385
8192,202,1,302.398336
8192,203,1,287.281733
8192,204,1,298.915484
8192,205,1,296.358262
8192,206,1,309.569782
8192,207,1,309.858161
8192,208,1,292.751593
8192,209,1,300.920652
8192,210,1,309.636951
8192,211,1,304.428843
8192,212,1,327.970547
8192,213,1,293.595487
8192,214,1,312.970193
8192,215,1,326.797151
8192,216,1,332.691012
8192,217,1,312.801399
8192,218,1,309.345045
8192,219,1,331.178238
8192,220,1,326.662746
8192,221,1,312.133224
8192,222,1,329.510782
8192,223,1,349.379672
8192,224,1,346.963912
8192,225,1,348.283262
8192,226,1,340.938725
8192,227,1,326.572735
8192,228,1,326.643819
8192,229,1,345.786282
8192,230,1,340.905171
8192,231,1,364.646654
8192,232,1,315.780891
8192,233,1,337.665211
8192,234,1,361.518518
8192,235,1,362.164430
8192,236,1,338.634981
8192,237,1,369.178119
8192,238,1,326.892036
8192,239,1,336.480717
8192,240,1,334.709266
16384,1,1,46.745309
16384,2,1,49.346992
16384,3,1,45.448674
16384,4,1,45.150673
16384,5,1,45.218932
16384,6,1,40.238127
16384,7,1,45.709014
16384,8,1,43.550516
16384,9,1,44.582899
16384,10,1,47.388079
16384,11,1,43.402317
16384,12,1,46.030112
16384,13,1,46.309635
16384,14,1,49.858692
16384,15,1,46.689817
16384,16,1,48.037331
16384,17,1,49.151511
16384,18,1,50.805939
16384,19,1,57.969690
16384,20,1,50.244136
16384,21,1,55.568621
16384,22,1,58.002280
16384,23,1,53.303884
16384,24,1,64.940652
16384,25,1,58.187818
16384,26,1,63.002654
16384,27,1,63.811521
16384,28,1,68.467513
16384,29,1,63.831475
16384,30,1,64.794827
16384,31,1,62.445531
16384,32,1,62.453808
16384,33,1,67.599622
16384,34,1,69.226018
16384,35,1,64.388020
16384,36,1,93.237272
16384,37,1,78.350152
16384,38,1,79.204183
16384,39,1,73.885794
16384,40,1,74.986565
16384,41,1,74.704605
16384,42,1,80.920910
16384,43,1,76.833335
16384,44,1,87.412377
16384,45,1,86.877387
16384,46,1,89.615141
16384,47,1,101.381246
16384,48,1,90.753445
16384,49,1,88.360333
16384,50,1,88.468369
16384,51,1,86.277474
16384,52,1,88.218999
16384,53,1,89.164003
16384,54,1,91.221136
16384,55,1,95.780700
16384,56,1,101.057392
16384,57,1,101.076573
16384,58,1,101.535154
16384,59,1,105.765669
16384,60,1,102.502996
16384,61,1,104.172184
16384,62,1,107.466869
16384,63,1,114.967172
16384,64,1,104.421490
16384,65,1,111.721120
16384,66,1,106.060332
16384,67,1,113.646606
16384,68,1,112.004363
16384,69,1,126.159153
16384,70,1,115.351271
16384,71,1,124.524099
16384,72,1,117.237173
16384,73,1,121.151082
16384,74,1,117.818930
16384,75,1,124.503762
16384,76,1,137.755375
16384,77,1,115.363587
16384,78,1,133.861419
16384,79,1,117.005700
16384,80,1,132.508262
16384,81,1,125.494316
16384,82,1,125.554493
16384,83,1,132.332411
16384,84,1,138.473078
16384,85,1,137.822291
16384,86,1,135.163574
16384,87,1,136.495947
16384,88,1,129.248798
16384,89,1,140.037951
16384,90,1,144.681171
16384,91,1,140.092674
16384,92,1,150.385649
16384,93,1,141.665564
16384,94,1,139.019808
16384,95,1,139.099743
16384,96,1,157.890829
16384,97,1,146.348820
16384,98,1,155.170654
16384,99,1,161.776253
16384,100,1,156.407694
16384,101,1,164.958409
16384,102,1,156.625948
16384,103,1,163.194402
16384,104,1,157.506477
16384,105,1,156.932161
16384,106,1,150.110809
16384,107,1,163.600694
16384,108,1,165.082165
16384,109,1,168.873216
16384,110,1,170.275324
16384,111,1,159.999030
16384,112,1,182.417315
16384,113,1,165.826556
16384,114,1,174.885573
16384,115,1,173.409301
16384,116,1,191.033021
16384,117,1,174.247294
16384,118,1,172.080970
16384,119,1,176.868734
16384,120,1,182.387289
16384,121,1,168.704360
16384,122,1,181.251425
16384,123,1,189.528776
16384,124,1,181.407513
16384,125,1,186.071844
16384,126,1,193.593833
16384,127,1,187.517901
16384,128,1,186.839395
16384,129,1,194.885981
16384,130,1,202.833832
16384,131,1,204.442457
16384,132,1,194.841136
16384,133,1,209.930346
16384,134,1,198.265350
16384,135,1,198.820676
16384,136,1,201.508066
16384,137,1,204.214513
16384,138,1,229.401217
16384,139,1,212.447147
16384,140,1,224.533004
16384,141,1,193.625654
16384,142,1,215.080587
16384,143,1,208.435340
16384,144,1,209.792796
16384,145,1,221.210797
16384,146,1,207.521193
16384,147,1,217.656927
16384,148,1,217.034878
16384,149,1,231.022161
16384,150,1,221.214645
16384,151,1,220.913952
16384,152,1,236.652538
16384,153,1,214.172472
16384,154,1,231.942722
16384,155,1,223.985117
16384,156,1,219.337274
16384,157,1,232.258620
16384,158,1,236.435373
16384,159,1,232.705781
16384,160,1,247.434245
16384,161,1,239.042762
16384,162,1,243.359950
16384,163,1,243.131172
16384,164,1,248.860413
16384,165,1,263.600940
16384,166,1,251.753294
16384,167,1,247.616511
16384,168,1,241.777117
16384,169,1,226.581218
16384,170,1,267.020983
16384,171,1,243.524830
16384,172,1,260.226575
16384,173,1,257.364939
16384,174,1,257.898837
16384,175,1,265.908020
16384,176,1,241.515041
16384,177,1,250.164814
16384,178,1,251.292726
16384,179,1,257.787335
16384,180,1,274.557984
16384,181,1,259.010579
16384,182,1,276.142486
16384,183,1,269.794791
16384,184,1,269.661926
16384,185,1,272.007947
16384,186,1,287.269158
16384,187,1,275.347990
16384,188,1,264.596563
16384,189,1,271.444924
16384,190,1,291.114998
16384,191,1,276.925371
16384,192,1,283.130769
16384,193,1,286.488518
16384,194,1,299.646339
16384,195,1,284.880921
16384,196,1,290.196489
16384,197,1,283.165993
16384,198,1,277.636401
16384,199,1,291.225408
16384,200,1,292.591141
16384,201,1,289.870196
16384,202,1,286.209700
16384,203,1,304.742434
16384,204,1,311.037135
16384,205,1,288.241491
16384,206,1,293.609989
16384,207,1,312.809933
16384,208,1,307.363038
16384,209,1,307.821426
16384,210,1,300.382262
16384,211,1,310.038305
16384,212,1,320.314537
16384,213,1,334.003048
16384,214,1,311.599712
16384,215,1,316.064712
16384,216,1,323.544553
16384,217,1,311.294140
16384,218,1,319.393655
16384,219,1,345.281767
16384,220,1,318.298399
16384,221,1,327.966634
16384,222,1,327.181117
16384,223,1,320.004283
16384,224,1,309.405094
16384,225,1,326.308096
16384,226,1,325.233434
16384,227,1,349.161738
16384,228,1,329.297596
16384,229,1,341.379214
16384,230,1,348.365445
16384,231,1,325.882428
16384,232,1,335.596725
16384,233,1,323.445818
16384,234,1,369.379568
16384,235,1,334.410113
16384,236,1,362.689604
16384,237,1,352.061996
16384,238,1,358.456525
16384,239,1,359.352321
16384,240,1,348.067893
32768,1,1,77.795018
32768,2,1,75.068493
32768,3,1,69.345925
32768,4,1,73.500926
32768,5,1,68.299362
32768,6,1,58.820385
32768,7,1,59.904095
32768,8,1,58.516676
32768,9,1,51.433890
32768,10,1,54.669552
32768,11,1,53.694973
32768,12,1,55.688978
32768,13,1,53.029940
32768,14,1,54.796965
32768,15,1,55.472774
32768,16,1,55.657411
32768,17,1,54.595132
32768,18,1,55.987619
32768,19,1,58.371301
32768,20,1,60.424199
32768,21,1,58.717096
32768,22,1,60.608773
32768,23,1,62.147533
32768,24,1,61.283940
32768,25,1,63.708746
32768,26,1,66.400243
32768,27,1,67.240739
32768,28,1,70.109240
32768,29,1,70.147604
32768,30,1,69.670677
32768,31,1,67.651910
32768,32,1,70.668225
32768,33,1,71.783047
32768,34,1,73.903307
32768,35,1,78.234801
32768,36,1,79.484608
32768,37,1,81.697379
32768,38,1,83.471973
32768,39,1,79.429112
32768,40,1,87.032771
32768,41,1,82.167057
32768,42,1,82.348360
32768,43,1,83.127011
32768,44,1,83.076392
32768,45,1,88.222078
32768,46,1,87.381455
32768,47,1,89.384441
32768,48,1,87.256993
32768,49,1,85.925712
32768,50,1,93.370907
32768,51,1,100.055995
32768,52,1,94.293136
32768,53,1,101.750394
32768,54,1,98.392966
32768,55,1,98.545849
32768,56,1,101.002731
32768,57,1,93.990454
32768,58,1,96.860881
32768,59,1,102.446540
32768,60,1,103.094508
32768,61,1,102.130578
32768,62,1,104.974381
32768,63,1,101.814548
32768,64,1,113.864603
32768,65,1,108.207538
32768,66,1,118.028780
32768,67,1,110.273141
32768,68,1,120.101504
32768,69,1,116.660547
32768,70,1,125.040160
32768,71,1,107.122868
32768,72,1,123.568507
32768,73,1,120.077573
32768,74,1,131.562103
32768,75,1,130.584377
32768,76,1,120.417853
32768,77,1,128.829033
32768,78,1,118.364892
32768,79,1,133.502792
32768,80,1,124.253555
32768,81,1,144.586802
32768,82,1,138.253475
32768,83,1,133.850962
32768,84,1,131.787414
32768,85,1,149.938360
32768,86,1,148.116227
32768,87,1,143.233511
32768,88,1,137.374487
32768,89,1,142.750299
32768,90,1,135.677840
32768,91,1,151.579640
32768,92,1,132.975502
32768,93,1,146.674856
32768,94,1,149.318109
32768,95,1,143.939474
32768,96,1,146.118950
32768,97,1,142.493485
32768,98,1,150.078604
32768,99,1,157.405241
32768,100,1,161.425839
32768,101,1,160.287920
32768,102,1,158.992757
32768,103,1,165.726154
32768,104,1,157.784140
32768,105,1,160.700181
32768,106,1,160.554227
32768,107,1,154.512553
32768,108,1,168.776342
32768,109,1,170.109933
32768,110,1,170.328959
32768,111,1,168.887138
32768,112,1,172.873862
32768,113,1,177.659382
32768,114,1,172.506254
32768,115,1,180.019455
32768,116,1,164.596448
32768,117,1,178.506870
32768,118,1,180.601661
32768,119,1,186.031619
32768,120,1,185.484247
32768,121,1,176.469754
32768,122,1,188.013562
32768,123,1,192.865611
32768,124,1,178.237548
32768,125,1,186.123746
32768,126,1,191.494616
32768,127,1,190.054269
32768,128,1,199.416418
32768,129,1,189.681337
32768,130,1,181.979584
32768,131,1,187.627861
32768,132,1,214.478556
32768,133,1,195.329934
32768,134,1,214.731710
32768,135,1,212.028859
32768,136,1,203.699861
32768,137,1,202.409702
32768,138,1,212.425464
32768,139,1,223.121655
32768,140,1,219.356267
32768,141,1,204.450733
32768,142,1,195.403969
32768,143,1,229.272973
32768,144,1,218.539444
32768,145,1,220.944487
32768,146,1,228.384936
32768,147,1,213.004274
32768,148,1,227.122750
32768,149,1,226.188330
32768,150,1,223.383727
32768,151,1,228.001933
32768,152,1,215.453586
32768,153,1,221.296120
32768,154,1,226.958964
32768,155,1,221.305361
32768,156,1,229.974829
32768,157,1,251.917081
32768,158,1,212.212471
32768,159,1,232.124472
32768,160,1,248.119679
32768,161,1,237.350929
32768,162,1,251.802629
32768,163,1,240.792015
32768,164,1,243.775803
32768,165,1,249.842177
32768,166,1,263.421370
32768,167,1,258.537052
32768,168,1,247.252944
32768,169,1,260.279696
32768,170,1,255.986053
32768,171,1,262.740491
32768,172,1,259.835871
32768,173,1,264.068758
32768,174,1,258.365436
32768,175,1,266.301034
32768,176,1,245.637841
32768,177,1,270.395026
32768,178,1,263.096617
32768,179,1,267.984592
32768,180,1,273.854203
32768,181,1,269.713377
32768,182,1,260.736544
32768,183,1,264.605094
32768,184,1,267.425095
32768,185,1,279.603909
32768,186,1,264.726668
32768,187,1,274.401510
32768,188,1,279.305203
32768,189,1,285.918437
32768,190,1,273.254097
32768,191,1,290.262891
32768,192,1,294.257827
32768,193,1,276.739000
32768,194,1,273.196486
32768,195,1,286.569866
32768,196,1,289.284717
32768,197,1,272.673685
32768,198,1,277.015893
32768,199,1,274.662172
32768,200,1,295.347630
32768,201,1,303.534459
32768,202,1,276.401288
32768,203,1,306.637445
32768,204,1,284.308978
32768,205,1,277.563779
32768,206,1,300.518335
32768,207,1,304.834686
32768,208,1,294.641282
32768,209,1,314.583949
32768,210,1,313.878756
32768,211,1,301.683263
32768,212,1,308.281418
32768,213,1,327.256694
32768,214,1,285.386271
32768,215,1,289.058829
32768,216,1,313.071620
32768,217,1,291.476190
32768,218,1,324.911891
32768,219,1,309.419917
32768,220,1,327.944885
32768,221,1,330.412352
32768,222,1,317.555420
32768,223,1,311.590217
32768,224,1,319.772234
32768,225,1,317.228486
32768,226,1,322.898894
32768,227,1,338.812369
32768,228,1,342.576732
32768,229,1,319.502591
32768,230,1,335.906529
32768,231,1,341.990547
32768,232,1,331.807085
32768,233,1,356.991543
32768,234,1,338.865489
32768,235,1,353.708087
32768,236,1,357.283641
32768,237,1,345.622237
32768,238,1,345.586183
32768,239,1,364.585002
32768,240,1,338.019926
65536,1,1,140.229067
65536,2,1,130.973158
65536,3,1,112.262138
65536,4,1,113.598682
65536,5,1,105.184295
65536,6,1,95.828560
65536,7,1,75.907962
65536,8,1,73.536085
65536,9,1,77.038694
65536,10,1,80.420180
65536,11,1,68.998716
65536,12,1,79.108850
65536,13,1,66.966733
65536,14,1,66.681051
65536,15,1,71.177102
65536,16,1,70.705369
65536,17,1,72.184979
65536,18,1,78.310184
65536,19,1,73.093478
65536,20,1,70.062342
65536,21,1,73.508305
65536,22,1,86.560975
65536,23,1,71.317730
65536,24,1,72.618859
65536,25,1,72.615715
65536,26,1,79.281876
65536,27,1,79.087615
65536,28,1,76.462518
65536,29,1,77.512736
65536,30,1,81.734653
65536,31,1,78.882319
65536,32,1,81.781999
65536,33,1,79.065867
65536,34,1,88.898914
65536,35,1,80.726071
65536,36,1,90.987418
65536,37,1,84.410369
65536,38,1,87.557688
65536,39,1,85.619050
65536,40,1,89.234637
65536,41,1,92.596427
65536,42,1,94.797973
65536,43,1,87.144210
65536,44,1,91.931653
65536,45,1,96.162424
65536,46,1,96.308633
65536,47,1,93.828014
65536,48,1,92.783824
65536,49,1,107.164633
65536,50,1,99.426376
65536,51,1,96.862996
65536,52,1,97.992638
65536,53,1,105.890834
65536,54,1,103.078019
65536,55,1,104.418603
65536,56,1,106.346721
65536,57,1,107.065256
65536,58,1,113.376961
65536,59,1,109.788639
65536,60,1,109.038090
65536,61,1,112.759727
65536,62,1,118.902445
65536,63,1,113.530229
65536,64,1,114.384325
65536,65,1,111.861683
65536,66,1,116.657338
65536,67,1,114.140535
65536,68,1,131.442968
65536,69,1,118.864595
65536,70,1,131.697661
65536,71,1,126.318260
65536,72,1,114.769767
65536,73,1,131.612272
65536,74,1,130.528244
65536,75,1,134.235507
65536,76,1,124.342027
65536,77,1,133.429463
65536,78,1,122.811736
65536,79,1,140.013442
65536,80,1,133.848398
65536,81,1,136.642285
65536,82,1,139.954420
65536,83,1,124.319829
65536,84,1,143.227931
65536,85,1,148.467478
65536,86,1,138.766845
65536,87,1,158.498507
65536,88,1,153.573450
65536,89,1,157.305799
65536,90,1,148.264104
65536,91,1,154.667101
65536,92,1,158.459436
65536,93,1,160.539858
65536,94,1,157.856508
65536,95,1,150.375512
65536,96,1,159.143843
65536,97,1,144.307917
65536,98,1,163.279727
65536,99,1,165.925932
65536,100,1,160.658351
65536,101,1,166.926688
65536,102,1,159.734905
65536,103,1,165.828224
65536,104,1,165.243321
65536,105,1,167.207557
65536,106,1,170.937471
65536,107,1,166.666218
65536,108,1,176.524478
65536,109,1,162.330809
65536,110,1,166.475229
65536,111,1,177.056646
65536,112,1,166.289371
65536,113,1,185.466154
65536,114,1,180.246435
65536,115,1,177.080895
65536,116,1,176.380001
65536,117,1,181.328538
65536,118,1,181.695635
65536,119,1,177.714362
65536,120,1,203.289718
65536,121,1,177.572645
65536,122,1,181.425670
65536,123,1,196.768355
65536,124,1,186.392555
65536,125,1,186.219850
65536,126,1,200.043023
65536,127,1,194.853840
65536,128,1,209.593148
65536,129,1,203.446961
65536,130,1,197.043388
65536,131,1,214.197876
65536,132,1,197.167014
65536,133,1,205.761871
65536,134,1,208.704213
65536,135,1,202.542952
65536,136,1,215.736827
65536,137,1,210.244192
65536,138,1,219.747226
65536,139,1,219.708412
65536,140,1,217.072667
65536,141,1,218.326062
65536,142,1,219.191196
65536,143,1,207.786923
65536,144,1,208.546777
65536,145,1,213.452588
65536,146,1,218.395865
65536,147,1,216.760937
65536,148,1,225.078384
65536,149,1,236.291408
65536,150,1,233.992155
65536,151,1,226.953252
65536,152,1,238.381965
65536,153,1,232.569581
65536,154,1,226.119750
65536,155,1,237.340471
65536,156,1,233.773066
65536,157,1,238.609203
65536,158,1,242.904578
65536,159,1,256.461058
65536,160,1,247.559349
65536,161,1,264.515021
65536,162,1,238.402816
65536,163,1,234.178075
65536,164,1,238.784475
65536,165,1,264.686187
65536,166,1,254.052740
65536,167,1,244.406191
65536,168,1,246.618387
65536,169,1,239.654865
65536,170,1,255.199961
65536,171,1,261.431344
65536,172,1,234.888465
65536,173,1,265.023001
65536,174,1,268.168717
65536,175,1,260.937029
65536,176,1,273.093389
65536,177,1,273.913932
65536,178,1,274.477406
65536,179,1,269.144322
65536,180,1,266.819407
65536,181,1,277.780750
65536,182,1,296.964720
65536,183,1,285.904899
65536,184,1,273.076130
65536,185,1,281.798718
65536,186,1,312.920088
65536,187,1,261.828656
65536,188,1,292.061283
65536,189,1,288.079245
65536,190,1,299.804930
65536,191,1,300.035440
65536,192,1,285.406350
65536,193,1,300.117045
65536,194,1,314.732981
65536,195,1,294.290418
65536,196,1,315.887004
65536,197,1,297.933077
65536,198,1,304.303869
65536,199,1,285.598624
65536,200,1,300.814860
65536,201,1,304.501916
65536,202,1,298.373053
65536,203,1,324.345848
65536,204,1,303.052911
65536,205,1,292.205761
65536,206,1,313.914556
65536,207,1,306.980162
65536,208,1,306.210045
65536,209,1,316.164154
65536,210,1,326.479774
65536,211,1,287.164968
65536,212,1,297.907736
65536,213,1,321.917965
65536,214,1,314.253357
65536,215,1,296.853411
65536,216,1,325.175182
65536,217,1,313.660885
65536,218,1,324.981691
65536,219,1,348.347159
65536,220,1,346.735713
65536,221,1,338.293676
65536,222,1,340.560211
65536,223,1,357.132043
65536,224,1,337.535362
65536,225,1,339.528982
65536,226,1,304.532390
65536,227,1,337.239351
65536,228,1,356.109283
65536,229,1,350.462738
65536,230,1,337.258213
65536,231,1,355.786197
65536,232,1,368.904049
65536,233,1,339.856044
65536,234,1,349.509265
65536,235,1,359.086334
65536,236,1,344.454424
65536,237,1,312.470938
65536,238,1,363.471206
65536,239,1,347.362893
65536,240,1,368.562359
131072,1,1,266.677497
131072,2,1,240.375456
131072,3,1,203.194834
131072,4,1,185.081674
131072,5,1,145.583641
131072,6,1,132.904291
131072,7,1,142.627055
131072,8,1,120.676460
131072,9,1,113.403650
131072,10,1,114.314460
131072,11,1,113.607983
131072,12,1,112.232114
131072,13,1,111.602688
131072,14,1,103.538781
131072,15,1,108.682735
131072,16,1,95.582975
131072,17,1,97.006897
131072,18,1,97.204942
131072,19,1,99.844861
131072,20,1,106.675644
131072,21,1,105.486787
131072,22,1,106.642988
131072,23,1,101.480558
131072,24,1,99.267528
131072,25,1,96.435982
131072,26,1,98.401435
131072,27,1,93.942273
131072,28,1,99.146917
131072,29,1,88.423653
131072,30,1,106.430505
131072,31,1,98.416062
131072,32,1,97.248441
131072,33,1,106.048783
131072,34,1,97.967041
131072,35,1,104.712946
131072,36,1,107.157063
131072,37,1,98.773342
131072,38,1,103.799827
131072,39,1,103.336115
131072,40,1,103.242385
131072,41,1,103.437415
131072,42,1,106.246509
131072,43,1,104.031492
131072,44,1,108.284845
131072,45,1,116.042219
131072,46,1,118.675400
131072,47,1,108.728092
131072,48,1,108.689406
131072,49,1,119.045510
131072,50,1,118.756492
131072,51,1,108.256489
131072,52,1,112.225377
131072,53,1,118.054763
131072,54,1,123.455274
131072,55,1,117.244551
131072,56,1,116.448899
131072,57,1,121.791668
131072,58,1,126.408204
131072,59,1,118.146827
131072,60,1,121.887646
131072,61,1,125.987667
131072,62,1,134.045865
131072,63,1,126.950570
131072,64,1,125.684277
131072,65,1,140.743014
131072,66,1,133.377818
131072,67,1,136.484655
131072,68,1,126.593420
131072,69,1,137.044217
131072,70,1,132.079447
131072,71,1,134.542939
131072,72,1,135.144585
131072,73,1,148.331084
131072,74,1,144.999639
131072,75,1,136.087535
131072,76,1,140.611048
131072,77,1,147.961742
131072,78,1,147.862942
131072,79,1,150.361335
131072,80,1,154.363840
131072,81,1,157.272182
131072,82,1,145.237719
131072,83,1,150.434792
131072,84,1,159.136273
131072,85,1,157.559470
131072,86,1,155.265668
131072,87,1,162.371035
131072,88,1,147.832021
131072,89,1,152.186932
131072,90,1,163.422666
131072,91,1,152.533305
131072,92,1,162.585441
131072,93,1,162.060140
131072,94,1,171.341582
131072,95,1,166.025759
131072,96,1,163.229688
131072,97,1,173.909005
131072,98,1,166.906927
131072,99,1,167.369485
131072,100,1,178.234275
131072,101,1,172.904464
131072,102,1,180.993137
131072,103,1,170.837516
131072,104,1,164.861728
131072,105,1,175.612386
131072,106,1,187.690413
131072,107,1,181.557893
131072,108,1,177.377869
131072,109,1,187.761047
131072,110,1,199.275408
131072,111,1,191.881921
131072,112,1,188.028380
131072,113,1,188.364170
131072,114,1,194.994660
131072,115,1,186.690939
131072,116,1,188.879463
131072,117,1,200.496792
131072,118,1,192.178830
131072,119,1,193.603650
131072,120,1,206.279922
131072,121,1,191.766633
131072,122,1,189.635338
131072,123,1,202.049537
131072,124,1,209.928998
131072,125,1,196.684696
131072,126,1,198.209213
131072,127,1,209.696756
131072,128,1,202.229555
131072,129,1,202.742540
131072,130,1,225.957374
131072,131,1,205.351983
131072,132,1,213.875562
131072,133,1,211.104446
131072,134,1,227.724138
131072,135,1,217.278090
131072,136,1,215.362804
131072,137,1,218.475544
131072,138,1,217.822444
131072,139,1,232.178554
131072,140,1,226.599374
131072,141,1,226.026084
131072,142,1,226.146568
131072,143,1,227.342674
131072,144,1,227.107291
131072,145,1,227.824800
131072,146,1,233.917864
131072,147,1,238.919457
131072,148,1,248.583135
131072,149,1,240.503446
131072,150,1,243.637806
131072,151,1,240.937647
131072,152,1,234.748992
131072,153,1,254.365304
131072,154,1,236.212432
131072,155,1,240.608210
131072,156,1,240.011182
131072,157,1,243.017874
131072,158,1,262.142823
131072,159,1,264.882245
131072,160,1,249.884906
131072,161,1,276.202214
131072,162,1,261.961842
131072,163,1,266.259911
131072,164,1,262.708221
131072,165,1,245.875727
131072,166,1,275.339200
131072,167,1,276.510800
131072,168,1,279.838268
131072,169,1,267.080840
131072,170,1,265.519753
131072,171,1,263.712442
131072,172,1,277.024297
131072,173,1,282.014151
131072,174,1,264.974306
131072,175,1,267.583622
131072,176,1,289.140433
131072,177,1,272.081855
131072,178,1,288.527943
131072,179,1,279.452568
131072,180,1,293.109708
131072,181,1,293.298580
131072,182,1,275.608267
131072,183,1,290.488588
131072,184,1,291.798442
131072,185,1,307.244867
131072,186,1,286.869663
131072,187,1,287.148672
131072,188,1,296.326700
131072,189,1,307.403714
131072,190,1,294.264948
131072,191,1,300.560612
131072,192,1,318.488618
131072,193,1,308.745836
131072,194,1,311.242495
131072,195,1,318.882533
131072,196,1,321.035769
131072,197,1,294.333850
131072,198,1,312.385417
131072,199,1,291.204943
131072,200,1,333.316013
131072,201,1,309.817164
131072,202,1,322.842248
131072,203,1,349.685179
131072,204,1,340.600242
131072,205,1,328.816624
131072,206,1,334.114743
131072,207,1,304.463422
131072,208,1,303.968657
131072,209,1,302.578738
131072,210,1,320.186805
131072,211,1,336.598505
131072,212,1,344.517359
131072,213,1,312.036286
131072,214,1,362.205874
131072,215,1,327.219546
131072,216,1,333.814368
131072,217,1,314.568745
131072,218,1,328.275924
131072,219,1,336.150061
131072,220,1,357.294226
131072,221,1,348.768017
131072,222,1,355.001453
131072,223,1,339.069117
131072,224,1,362.222169
131072,225,1,351.353851
131072,226,1,344.267925
131072,227,1,355.662506
131072,228,1,348.298081
131072,229,1,367.250516
131072,230,1,367.998821
131072,231,1,367.602984
131072,232,1,354.415845
131072,233,1,358.826634
131072,234,1,372.559733
131072,235,1,378.566830
131072,236,1,352.080215
131072,237,1,368.060410
131072,238,1,350.567760
131072,239,1,385.349369
131072,240,1,385.420132
262144,1,1,523.342823
262144,2,1,626.915349
262144,3,1,463.104419
262144,4,1,482.968047
262144,5,1,326.251831
262144,6,1,307.866335
262144,7,1,269.865810
262144,8,1,238.227737
262144,9,1,213.070161
262144,10,1,195.957819
262144,11,1,174.611952
262144,12,1,171.567729
262144,13,1,167.208969
262144,14,1,170.676808
262144,15,1,160.573539
262144,16,1,171.895754
262144,17,1,155.869816
262144,18,1,145.784896
262144,19,1,159.344778
262144,20,1,140.600527
262144,21,1,144.596361
262144,22,1,141.941301
262144,23,1,137.499075
262144,24,1,135.826619
262144,25,1,152.145807
262144,26,1,144.480944
262144,27,1,136.760396
262144,28,1,129.989084
262144,29,1,138.724244
262144,30,1,134.257704
262144,31,1,136.956325
262144,32,1,135.859594
262144,33,1,132.482086
262144,34,1,129.945460
262144,35,1,133.210888
262144,36,1,130.819380
262144,37,1,134.314994
262144,38,1,136.701566
262144,39,1,131.415572
262144,40,1,137.327012
262144,41,1,131.316579
262144,42,1,135.155427
262144,43,1,138.431440
262144,44,1,140.307464
262144,45,1,143.663096
262144,46,1,138.263932
262144,47,1,138.805914
262144,48,1,137.925706
262144,49,1,139.700367
262144,50,1,141.494655
262144,51,1,146.672290
262144,52,1,143.576228
262144,53,1,146.044146
262144,54,1,140.745258
262144,55,1,147.509321
262144,56,1,149.389130
262144,57,1,151.956677
262144,58,1,145.933607
262144,59,1,148.829438
262144,60,1,147.834009
262144,61,1,157.927400
262144,62,1,148.452144
262144,63,1,157.502562
262144,64,1,150.187217
262144,65,1,157.070670
262144,66,1,150.585876
262144,67,1,161.925672
262144,68,1,161.737889
262144,69,1,161.816095
262144,70,1,162.653639
262144,71,1,167.519928
262144,72,1,161.337433
262144,73,1,165.300741
262144,74,1,166.521997
262144,75,1,170.044303
262144,76,1,170.213736
262144,77,1,163.816771
262144,78,1,161.847081
262144,79,1,168.601391
262144,80,1,173.328273
262144,81,1,171.180104
262144,82,1,170.802744
262144,83,1,175.382775
262144,84,1,166.508076
262144,85,1,190.173022
262144,86,1,176.496123
262144,87,1,184.923467
262144,88,1,171.644010
262144,89,1,179.865675
262144,90,1,177.093085
262144,91,1,180.215385
262144,92,1,187.106985
262144,93,1,179.058604
262144,94,1,196.927011
262144,95,1,192.010422
262144,96,1,179.420504
262144,97,1,192.179408
262144,98,1,193.293654
262144,99,1,194.776405
262144,100,1,189.517356
262144,101,1,187.408451
262144,102,1,191.318383
262144,103,1,199.082620
262144,104,1,200.517063
262144,105,1,201.628808
262144,106,1,196.796903
262144,107,1,185.126390
262144,108,1,201.220910
262144,109,1,201.496457
262144,110,1,215.319821
262144,111,1,217.670527
262144,112,1,203.919657
262144,113,1,204.974622
262144,114,1,200.707348
262144,115,1,208.552871
262144,116,1,211.707122
262144,117,1,206.572725
262144,118,1,218.003233
262144,119,1,229.830416
262144,120,1,208.327174
262144,121,1,215.329443
262144,122,1,206.814911
262144,123,1,233.394485
262144,124,1,234.988035
262144,125,1,224.265731
262144,126,1,229.878724
262144,127,1,213.101145
262144,128,1,218.143928
262144,129,1,233.586375
262144,130,1,224.816503
262144,131,1,237.814450
262144,132,1,235.728704
262144,133,1,231.244520
262144,134,1,241.801367
262144,135,1,250.052159
262144,136,1,230.167036
262144,137,1,244.227455
262144,138,1,250.070828
262144,139,1,245.463724
262144,140,1,240.930783
262144,141,1,243.237607
262144,142,1,239.572042
262144,143,1,251.510915
262144,144,1,245.867516
262144,145,1,250.275225
262144,146,1,250.189514
262144,147,1,254.224804
262144,148,1,258.074814
262144,149,1,260.481334
262144,150,1,258.117348
262144,151,1,287.839816
262144,152,1,263.658037
262144,153,1,272.679845
262144,154,1,263.522285
262144,155,1,289.436572
262144,156,1,264.537604
262144,157,1,275.984024
262144,158,1,282.334093
262144,159,1,266.006114
262144,160,1,273.422569
262144,161,1,269.814039
262144,162,1,299.891733
262144,163,1,276.314614
262144,164,1,297.503240
262144,165,1,289.632310
262144,166,1,291.824873
262144,167,1,272.657839
262144,168,1,299.005045
262144,169,1,267.384678
262144,170,1,303.849909
262144,171,1,301.454101
262144,172,1,271.790976
262144,173,1,299.155102
262144,174,1,310.174636
262144,175,1,296.470406
262144,176,1,331.228854
262144,177,1,276.272977
262144,178,1,313.639331
262144,179,1,313.292186
262144,180,1,303.932861
262144,181,1,314.552127
262144,182,1,312.402999
262144,183,1,324.267773
262144,184,1,328.768186
262144,185,1,329.830275
262144,186,1,322.647089
262144,187,1,318.245215
262144,188,1,321.242284
262144,189,1,321.868117
262144,190,1,336.675620
262144,191,1,321.458936
262144,192,1,348.249772
262144,193,1,326.667558
262144,194,1,342.405438
262144,195,1,358.383580
262144,196,1,341.478462
262144,197,1,362.883481
262144,198,1,348.867587
262144,199,1,332.754398
262144,200,1,353.572205
262144,201,1,345.869813
262144,202,1,359.663794
262144,203,1,372.709728
262144,204,1,364.418711
262144,205,1,364.060853
262144,206,1,342.665780
262144,207,1,356.581528
262144,208,1,351.267755
262144,209,1,364.758028
262144,210,1,363.114567
262144,211,1,368.682072
262144,212,1,336.752926
262144,213,1,361.770711
262144,214,1,369.879975
262144,215,1,367.978035
262144,216,1,368.975519
262144,217,1,360.182231
262144,218,1,326.860343
262144,219,1,347.619642
262144,220,1,388.757349
262144,221,1,370.208899
262144,222,1,385.134705
262144,223,1,379.383140
262144,224,1,384.175587
262144,225,1,366.065379
262144,226,1,373.879275
262144,227,1,384.568152
262144,228,1,383.344264
262144,229,1,400.720025
262144,230,1,371.874365
262144,231,1,392.347531
262144,232,1,375.191888
262144,233,1,387.374294
262144,234,1,404.330353
262144,235,1,373.389452
262144,236,1,402.443614
262144,237,1,411.463113
262144,238,1,409.144870
262144,239,1,379.977472
262144,240,1,417.358771
524288,1,1,1037.410875
524288,2,1,1441.995411
524288,3,1,1056.923641
524288,4,1,898.237929
524288,5,1,768.376001
524288,6,1,777.159665
524288,7,1,644.507248
524288,8,1,488.799423
524288,9,1,483.510669
524288,10,1,420.524761
524288,11,1,352.624314
524288,12,1,366.420349
524288,13,1,305.836534
524288,14,1,269.586287
524288,15,1,359.645703
524288,16,1,251.535809
524288,17,1,259.529530
524288,18,1,244.502101
524288,19,1,256.873253
524288,20,1,229.924146
524288,21,1,250.590482
524288,22,1,226.625997
524288,23,1,221.458308
524288,24,1,220.630962
524288,25,1,224.303774
524288,26,1,219.220962
524288,27,1,217.542986
524288,28,1,220.351952
524288,29,1,215.740550
524288,30,1,205.996293
524288,31,1,199.289649
524288,32,1,198.873540
524288,33,1,202.115297
524288,34,1,197.630278
524288,35,1,200.104290
524288,36,1,214.569525
524288,37,1,190.225885
524288,38,1,205.724661
524288,39,1,191.782095
524288,40,1,194.963095
524288,41,1,193.292883
524288,42,1,197.310401
524288,43,1,196.566009
524288,44,1,199.269955
524288,45,1,194.837672
524288,46,1,206.799897
524288,47,1,205.650881
524288,48,1,187.293101
524288,49,1,202.468725
524288,50,1,203.038488
524288,51,1,197.293529
524288,52,1,195.965197
524288,53,1,190.037653
524288,54,1,189.014445
524288,55,1,201.186393
524288,56,1,195.740975
524288,57,1,197.065520
524288,58,1,189.345421
524288,59,1,192.086575
524288,60,1,198.907413
524288,61,1,194.156217
524288,62,1,198.259062
524288,63,1,200.128156
524288,64,1,203.879433
524288,65,1,204.108787
524288,66,1,208.258977
524288,67,1,203.830481
524288,68,1,213.608805
524288,69,1,204.848815
524288,70,1,207.420727
524288,71,1,211.908504
524288,72,1,213.171652
524288,73,1,216.983875
524288,74,1,205.604367
524288,75,1,209.233750
524288,76,1,215.373070
524288,77,1,226.387981
524288,78,1,213.435586
524288,79,1,217.998552
524288,80,1,213.800372
524288,81,1,210.190367
524288,82,1,232.608844
524288,83,1,227.407278
524288,84,1,226.751165
524288,85,1,226.272439
524288,86,1,218.154193
524288,87,1,226.131299
524288,88,1,226.495121
524288,89,1,228.162896
524288,90,1,224.907218
524288,91,1,243.940360
524288,92,1,225.286568
524288,93,1,219.622958
524288,94,1,240.303988
524288,95,1,227.589030
524288,96,1,231.852005
524288,97,1,225.959555
524288,98,1,225.683175
524288,99,1,240.732479
524288,100,1,240.490293
524288,101,1,240.960102
524288,102,1,240.169455
524288,103,1,240.491321
524288,104,1,241.542180
524288,105,1,236.810167
524288,106,1,230.762972
524288,107,1,245.126717
524288,108,1,238.507966
524288,109,1,247.040783
524288,110,1,252.208730
524288,111,1,251.521758
524288,112,1,247.454968
524288,113,1,249.221991
524288,114,1,259.929537
524288,115,1,250.285491
524288,116,1,256.096593
524288,117,1,256.643065
524288,118,1,265.828725
524288,119,1,253.515313
524288,120,1,258.723807
524288,121,1,248.646393
524288,122,1,254.835304
524288,123,1,276.630001
524288,124,1,256.652176
524288,125,1,268.282142
524288,126,1,267.636102
524288,127,1,273.802559
524288,128,1,276.992027
524288,129,1,273.452335
524288,130,1,272.140493
524288,131,1,268.971424
524288,132,1,293.430675
524288,133,1,287.557086
524288,134,1,278.141494
524288,135,1,282.345254
524288,136,1,285.953337
524288,137,1,287.924244
524288,138,1,289.587015
524288,139,1,277.278674
524288,140,1,287.133213
524288,141,1,285.052600
524288,142,1,276.991194
524288,143,1,285.497900
524288,144,1,318.733756
524288,145,1,304.622078
524288,146,1,316.788191
524288,147,1,309.652030
524288,148,1,305.289611
524288,149,1,331.013036
524288,150,1,311.224084
524288,151,1,308.579676
524288,152,1,310.594978
524288,153,1,326.713811
524288,154,1,299.320495
524288,155,1,340.395782
524288,156,1,344.959387
524288,157,1,325.183266
524288,158,1,322.239382
524288,159,1,351.428400
524288,160,1,343.977880
524288,161,1,345.641805
524288,162,1,325.670523
524288,163,1,335.116972
524288,164,1,346.733852
524288,165,1,360.149319
524288,166,1,361.933216
524288,167,1,336.303777
524288,168,1,361.717847
524288,169,1,345.740026
524288,170,1,359.407752
524288,171,1,351.944528
524288,172,1,338.832257
524288,173,1,360.011002
524288,174,1,352.768664
524288,175,1,363.004348
524288,176,1,361.080916
524288,177,1,373.572421
524288,178,1,361.855717
524288,179,1,367.105911
524288,180,1,363.299014
524288,181,1,369.883569
524288,182,1,376.135224
524288,183,1,365.783353
524288,184,1,362.717446
524288,185,1,370.679157
524288,186,1,367.540625
524288,187,1,365.179591
524288,188,1,368.295346
524288,189,1,389.716019
524288,190,1,386.107102
524288,191,1,380.535748
524288,192,1,381.304711
524288,193,1,402.072414
524288,194,1,397.971686
524288,195,1,425.741915
524288,196,1,370.007389
524288,197,1,366.517224
524288,198,1,406.872048
524288,199,1,396.644831
524288,200,1,396.947129
524288,201,1,379.913382
524288,202,1,387.256376
524288,203,1,407.731149
524288,204,1,384.815661
524288,205,1,416.291231
524288,206,1,401.853454
524288,207,1,405.297875
524288,208,1,377.868822
524288,209,1,443.441980
524288,210,1,407.030318
524288,211,1,428.500776
524288,212,1,420.363024
524288,213,1,400.807148
524288,214,1,420.369569
524288,215,1,410.640325
524288,216,1,433.936572
524288,217,1,441.186286
524288,218,1,410.982592
524288,219,1,413.261315
524288,220,1,422.910238
524288,221,1,425.285388
524288,222,1,442.722544
524288,223,1,422.017201
524288,224,1,420.761044
524288,225,1,433.547148
524288,226,1,447.985442
524288,227,1,445.816422
524288,228,1,398.052201
524288,229,1,450.831296
524288,230,1,442.011384
524288,231,1,427.108675
524288,232,1,444.406550
524288,233,1,463.673536
524288,234,1,445.767535
524288,235,1,456.080142
524288,236,1,447.836217
524288,237,1,442.748206
524288,238,1,460.415486
524288,239,1,455.602060
524288,240,1,460.508062
1048576,1,1,2105.751490
1048576,2,1,2825.197700
1048576,3,1,2297.228784
1048576,4,1,2076.337993
1048576,5,1,1837.801092
1048576,6,1,1591.725781
1048576,7,1,1062.358282
1048576,8,1,1086.806176
1048576,9,1,1034.797326
1048576,10,1,871.585217
1048576,11,1,782.925794
1048576,12,1,734.990021
1048576,13,1,748.055588
1048576,14,1,614.490886
1048576,15,1,579.836817
1048576,16,1,576.147260
1048576,17,1,669.153190
1048576,18,1,558.729477
1048576,19,1,559.723239
1048576,20,1,546.085989
1048576,21,1,405.095273
1048576,22,1,494.028189
1048576,23,1,442.325295
1048576,24,1,414.652197
1048576,25,1,421.876828
1048576,26,1,391.536868
1048576,27,1,349.561617
1048576,28,1,365.566958
1048576,29,1,351.071312
1048576,30,1,330.921165
1048576,31,1,373.097673
1048576,32,1,355.556009
1048576,33,1,327.711938
1048576,34,1,347.862597
1048576,35,1,376.424115
1048576,36,1,322.297698
1048576,37,1,307.467739
1048576,38,1,327.822862
1048576,39,1,330.345182
1048576,40,1,323.623463
1048576,41,1,327.751841
1048576,42,1,311.653667
1048576,43,1,300.565810
1048576,44,1,326.076755
1048576,45,1,292.011244
1048576,46,1,314.874444
1048576,47,1,316.889106
1048576,48,1,299.181215
1048576,49,1,290.453558
1048576,50,1,284.685182
1048576,51,1,304.971145
1048576,52,1,293.986000
1048576,53,1,302.086156
1048576,54,1,293.185025
1048576,55,1,297.831264
1048576,56,1,296.263057
1048576,57,1,288.664916
1048576,58,1,288.083349
1048576,59,1,281.496163
1048576,60,1,288.510237
1048576,61,1,287.992443
1048576,62,1,272.589900
1048576,63,1,283.939636
1048576,64,1,295.671740
1048576,65,1,287.809600
1048576,66,1,299.423528
1048576,67,1,313.298347
1048576,68,1,289.819963
1048576,69,1,296.410742
1048576,70,1,287.769374
1048576,71,1,298.817263
1048576,72,1,301.246558
1048576,73,1,286.023521
1048576,74,1,290.890903
1048576,75,1,296.280956
1048576,76,1,302.205420
1048576,77,1,314.168416
1048576,78,1,315.043750
1048576,79,1,293.211714
1048576,80,1,308.912320
1048576,81,1,323.966821
1048576,82,1,309.979091
1048576,83,1,302.991000
1048576,84,1,305.704695
1048576,85,1,291.036535
1048576,86,1,320.219908
1048576,87,1,306.224993
1048576,88,1,305.478677
1048576,89,1,302.282086
1048576,90,1,310.380958
1048576,91,1,313.802989
1048576,92,1,326.097862
1048576,93,1,335.433770
1048576,94,1,314.275427
1048576,95,1,325.634340
1048576,96,1,310.332906
1048576,97,1,311.687540
1048576,98,1,306.695827
1048576,99,1,317.321703
1048576,100,1,312.440144
1048576,101,1,323.996139
1048576,102,1,311.874808
1048576,103,1,322.744090
1048576,104,1,327.985046
1048576,105,1,315.370555
1048576,106,1,328.879561
1048576,107,1,348.113251
1048576,108,1,334.779709
1048576,109,1,326.113450
1048576,110,1,319.352916
1048576,111,1,342.229909
1048576,112,1,317.936244
1048576,113,1,319.932173
1048576,114,1,331.518385
1048576,115,1,344.038826
1048576,116,1,326.735689
1048576,117,1,349.611016
1048576,118,1,337.748998
1048576,119,1,332.574314
1048576,120,1,331.591137
1048576,121,1,346.037064
1048576,122,1,364.735253
1048576,123,1,350.546716
1048576,124,1,345.625254
1048576,125,1,381.020439
1048576,126,1,352.072132
1048576,127,1,375.628978
1048576,128,1,358.020269
1048576,129,1,347.589488
1048576,130,1,410.500208
1048576,131,1,381.469142
1048576,132,1,375.585352
1048576,133,1,377.654415
1048576,134,1,371.375945
1048576,135,1,369.275379
1048576,136,1,381.029166
1048576,137,1,370.346769
1048576,138,1,374.319442
1048576,139,1,362.134726
1048576,140,1,377.276029
1048576,141,1,406.918175
1048576,142,1,380.404487
1048576,143,1,383.403803
1048576,144,1,411.714023
1048576,145,1,395.316050
1048576,146,1,422.088091
1048576,147,1,421.812929
1048576,148,1,413.717522
1048576,149,1,430.911017
1048576,150,1,404.467388
1048576,151,1,396.495734
1048576,152,1,420.854582
1048576,153,1,424.297014
1048576,154,1,424.053225
1048576,155,1,406.169743
1048576,156,1,444.815988
1048576,157,1,421.777515
1048576,158,1,428.943636
1048576,159,1,424.236581
1048576,160,1,434.950670
1048576,161,1,434.497864
1048576,162,1,448.445690
1048576,163,1,427.019372
1048576,164,1,427.593110
1048576,165,1,439.562650
1048576,166,1,451.468869
1048576,167,1,449.451513
1048576,168,1,425.980185
1048576,169,1,461.331429
1048576,170,1,446.622339
1048576,171,1,463.932404
1048576,172,1,449.524071
1048576,173,1,447.325863
1048576,174,1,442.339217
1048576,175,1,451.758015
1048576,176,1,452.221986
1048576,177,1,462.311524
1048576,178,1,466.350216
1048576,179,1,485.004007
1048576,180,1,465.078150
1048576,181,1,456.313540
1048576,182,1,462.501875
1048576,183,1,473.078929
1048576,184,1,471.993810
1048576,185,1,479.658799
1048576,186,1,482.910244
1048576,187,1,477.371864
1048576,188,1,495.109653
1048576,189,1,479.797505
1048576,190,1,498.995269
1048576,191,1,477.569783
1048576,192,1,478.270997
1048576,193,1,471.983286
1048576,194,1,491.717581
1048576,195,1,502.293288
1048576,196,1,496.462554
1048576,197,1,480.139900
1048576,198,1,500.381208
1048576,199,1,499.042101
1048576,200,1,509.354000
1048576,201,1,523.560180
1048576,202,1,505.402885
1048576,203,1,515.762131
1048576,204,1,511.437630
1048576,205,1,513.961427
1048576,206,1,525.379426
1048576,207,1,511.208404
1048576,208,1,522.557886
1048576,209,1,531.489043
1048576,210,1,525.819851
1048576,211,1,541.470994
1048576,212,1,513.425092
1048576,213,1,548.141902
1048576,214,1,530.606460
1048576,215,1,512.904215
1048576,216,1,563.448984
1048576,217,1,533.320413
1048576,218,1,547.507729
1048576,219,1,534.206200
1048576,220,1,533.717854
1048576,221,1,546.815753
1048576,222,1,552.187135
1048576,223,1,527.447272
1048576,224,1,545.368158
1048576,225,1,558.060085
1048576,226,1,561.216897
1048576,227,1,565.655595
1048576,228,1,557.165378
1048576,229,1,545.909883
1048576,230,1,581.443839
1048576,231,1,560.856924
1048576,232,1,563.834425
1048576,233,1,552.384542
1048576,234,1,561.523559
1048576,235,1,569.722194
1048576,236,1,537.641257
1048576,237,1,562.294769
1048576,238,1,573.028297
1048576,239,1,588.031795
1048576,240,1,566.743986
2097152,1,1,4190.907020
2097152,2,1,5896.473538
2097152,3,1,4554.690084
2097152,4,1,4484.952941
2097152,5,1,3055.641823
2097152,6,1,2791.628365
2097152,7,1,2802.514584
2097152,8,1,2478.674533
2097152,9,1,2208.579112
2097152,10,1,2026.058379
2097152,11,1,1596.351488
2097152,12,1,1657.487552
2097152,13,1,1714.859701
2097152,14,1,1384.161024
2097152,15,1,1394.852915
2097152,16,1,1363.843560
2097152,17,1,1148.985336
2097152,18,1,1193.840445
2097152,19,1,1073.446330
2097152,20,1,1109.150554
2097152,21,1,1014.645641
2097152,22,1,938.661144
2097152,23,1,968.034094
2097152,24,1,903.814160
2097152,25,1,885.465939
2097152,26,1,944.843509
2097152,27,1,832.618453
2097152,28,1,785.312555
2097152,29,1,783.617259
2097152,30,1,772.042785
2097152,31,1,779.537766
2097152,32,1,834.053411
2097152,33,1,733.289529
2097152,34,1,667.810295
2097152,35,1,704.340513
2097152,36,1,714.261647
2097152,37,1,720.061201
2097152,38,1,679.032173
2097152,39,1,704.005112
2097152,40,1,668.512792
2097152,41,1,635.646662
2097152,42,1,571.808261
2097152,43,1,564.477260
2097152,44,1,630.648021
2097152,45,1,605.286237
2097152,46,1,618.501605
2097152,47,1,599.292294
2097152,48,1,587.781462
2097152,49,1,558.187237
2097152,50,1,552.099116
2097152,51,1,572.592491
2097152,52,1,556.163788
2097152,53,1,541.445587
2097152,54,1,554.770213
2097152,55,1,522.093980
2097152,56,1,544.495712
2097152,57,1,527.583922
2097152,58,1,553.716785
2097152,59,1,520.774054
2097152,60,1,508.686917
2097152,61,1,526.139793
2097152,62,1,494.199099
2097152,63,1,488.848245
2097152,64,1,499.012718
2097152,65,1,536.019545
2097152,66,1,541.108004
2097152,67,1,524.398174
2097152,68,1,529.650102
2097152,69,1,559.435697
2097152,70,1,501.815011
2097152,71,1,515.076507
2097152,72,1,506.901226
2097152,73,1,531.836826
2097152,74,1,530.897339
2097152,75,1,508.453007
2097152,76,1,516.240664
2097152,77,1,520.961517
2097152,78,1,499.887729
2097152,79,1,508.859174
2097152,80,1,509.452995
2097152,81,1,530.196766
2097152,82,1,507.769630
2097152,83,1,501.978928
2097152,84,1,533.618798
2097152,85,1,498.789395
2097152,86,1,501.919970
2097152,87,1,521.834026
2097152,88,1,518.717113
2097152,89,1,515.842196
2097152,90,1,518.985474
2097152,91,1,518.491545
2097152,92,1,504.445177
2097152,93,1,524.053406
2097152,94,1,525.373394
2097152,95,1,499.685512
2097152,96,1,533.441215
2097152,97,1,517.943662
2097152,98,1,535.827593
2097152,99,1,486.075206
2097152,100,1,514.473641
2097152,101,1,523.934076
2097152,102,1,502.290017
2097152,103,1,520.000152
2097152,104,1,500.070184
2097152,105,1,507.636122
2097152,106,1,503.956187
2097152,107,1,527.039630
2097152,108,1,535.846838
2097152,109,1,510.630560
2097152,110,1,500.124461
2097152,111,1,540.166079
2097152,112,1,547.356324
2097152,113,1,508.329896
2097152,114,1,527.735328
2097152,115,1,527.756371
2097152,116,1,525.553992
2097152,117,1,540.254356
2097152,118,1,543.026177
2097152,119,1,532.489860
2097152,120,1,536.309461
2097152,121,1,551.160269
2097152,122,1,532.821479
2097152,123,1,545.044689
2097152,124,1,552.116052
2097152,125,1,534.357672
2097152,126,1,564.081550
2097152,127,1,557.479289
2097152,128,1,566.458944
2097152,129,1,559.595700
2097152,130,1,562.637100
2097152,131,1,588.031537
2097152,132,1,594.147824
2097152,133,1,575.498460
2097152,134,1,589.822042
2097152,135,1,565.033546
2097152,136,1,584.535020
2097152,137,1,555.583890
2097152,138,1,585.285123
2097152,139,1,562.435139
2097152,140,1,581.237835
2097152,141,1,599.792574
2097152,142,1,584.012224
2097152,143,1,596.197581
2097152,144,1,607.176182
2097152,145,1,584.817625
2097152,146,1,600.070816
2097152,147,1,604.855949
2097152,148,1,630.906822
2097152,149,1,592.754633
2097152,150,1,619.147775
2097152,151,1,593.507302
2097152,152,1,612.799245
2097152,153,1,628.316175
2097152,154,1,587.636471
2097152,155,1,612.898750
2097152,156,1,627.138546
2097152,157,1,627.777209
2097152,158,1,633.367553
2097152,159,1,635.798517
2097152,160,1,651.199519
2097152,161,1,666.558757
2097152,162,1,646.254511
2097152,163,1,651.920494
2097152,164,1,659.275039
2097152,165,1,626.714738
2097152,166,1,622.343402
2097152,167,1,611.843591
2097152,168,1,643.279512
2097152,169,1,655.732397
2097152,170,1,653.181462
2097152,171,1,654.576000
2097152,172,1,642.755687
2097152,173,1,651.332642
2097152,174,1,627.912898
2097152,175,1,666.667179
2097152,176,1,651.768382
2097152,177,1,649.464253
2097152,178,1,653.608221
2097152,179,1,656.436821
2097152,180,1,650.531601
2097152,181,1,680.171695
2097152,182,1,675.060716
2097152,183,1,664.691525
2097152,184,1,650.121844
2097152,185,1,668.426761
2097152,186,1,681.261176
2097152,187,1,675.008432
2097152,188,1,714.080730
2097152,189,1,669.335198
2097152,190,1,704.574873
2097152,191,1,679.949076
2097152,192,1,668.223070
2097152,193,1,689.809711
2097152,194,1,738.224722
2097152,195,1,736.708608
2097152,196,1,697.583059
2097152,197,1,685.499387
2097152,198,1,703.567445
2097152,199,1,721.729556
2097152,200,1,739.123276
2097152,201,1,720.884375
2097152,202,1,703.415141
2097152,203,1,695.520154
2097152,204,1,723.073860
2097152,205,1,718.659605
2097152,206,1,734.587259
2097152,207,1,719.328872
2097152,208,1,708.907072
2097152,209,1,728.672481
2097152,210,1,716.013851
2097152,211,1,698.492908
2097152,212,1,731.402663
2097152,213,1,728.973495
2097152,214,1,729.553972
2097152,215,1,717.092426
2097152,216,1,693.847440
2097152,217,1,767.208123
2097152,218,1,739.321517
2097152,219,1,732.900941
2097152,220,1,731.840906
2097152,221,1,721.604259
2097152,222,1,746.818485
2097152,223,1,765.506923
2097152,224,1,744.019849
2097152,225,1,775.212237
2097152,226,1,784.926343
2097152,227,1,778.103899
2097152,228,1,781.974632
2097152,229,1,762.893052
2097152,230,1,743.327296
2097152,231,1,780.913956
2097152,232,1,766.475985
2097152,233,1,760.114689
2097152,234,1,786.905077
2097152,235,1,773.421348
2097152,236,1,788.953678
2097152,237,1,770.841801
2097152,238,1,788.834028
2097152,239,1,781.034952
2097152,240,1,765.759500
4194304,1,1,8475.400188
4194304,2,1,11910.410650
4194304,3,1,9247.924520
4194304,4,1,9117.770621
4194304,5,1,6816.221828
4194304,6,1,7015.225926
4194304,7,1,4764.815459
4194304,8,1,4525.916147
4194304,9,1,4258.700069
4194304,10,1,4265.407226
4194304,11,1,3330.148612
4194304,12,1,3385.335319
4194304,13,1,3052.547176
4194304,14,1,2665.050215
4194304,15,1,2789.120481
4194304,16,1,2526.878280
4194304,17,1,2363.866530
4194304,18,1,2374.405731
4194304,19,1,2446.321771
4194304,20,1,2218.915071
4194304,21,1,2239.698172
4194304,22,1,1999.460455
4194304,23,1,2001.684714
4194304,24,1,1831.383533
4194304,25,1,2060.726690
4194304,26,1,1718.448984
4194304,27,1,1683.179540
4194304,28,1,1699.551722
4194304,29,1,1574.319609
4194304,30,1,1622.238831
4194304,31,1,1643.120345
4194304,32,1,1610.971919
4194304,33,1,1555.720670
4194304,34,1,1496.523180
4194304,35,1,1499.728111
4194304,36,1,1404.679805
4194304,37,1,1359.837206
4194304,38,1,1365.780467
4194304,39,1,1292.087908
4194304,40,1,1265.204240
4194304,41,1,1263.157372
4194304,42,1,1240.725231
4194304,43,1,1243.748922
4194304,44,1,1199.437206
4194304,45,1,1157.110962
4194304,46,1,1210.318676
4194304,47,1,1145.075791
4194304,48,1,1114.947221
4194304,49,1,1215.378395
4194304,50,1,1143.972901
4194304,51,1,1123.554971
4194304,52,1,1051.301219
4194304,53,1,1080.258318
4194304,54,1,1068.737733
4194304,55,1,1076.164903
4194304,56,1,1055.785017
4194304,57,1,1103.691342
4194304,58,1,1077.164310
4194304,59,1,1049.949342
4194304,60,1,1012.195879
4194304,61,1,1087.917276
4194304,62,1,976.311124
4194304,63,1,1041.722547
4194304,64,1,964.766163
4194304,65,1,1038.225388
4194304,66,1,974.885151
4194304,67,1,983.214594
4194304,68,1,993.371756
4194304,69,1,946.920531
4194304,70,1,1025.667225
4194304,71,1,1041.320934
4194304,72,1,1029.421902
4194304,73,1,990.349024
4194304,74,1,998.348842
4194304,75,1,977.843853
4194304,76,1,951.630026
4194304,77,1,992.275086
4194304,78,1,933.144126
4194304,79,1,967.769392
4194304,80,1,1028.958637
4194304,81,1,958.499623
4194304,82,1,1009.820280
4194304,83,1,967.965833
4194304,84,1,921.588451
4194304,85,1,947.788037
4194304,86,1,959.084461
4194304,87,1,898.133099
4194304,88,1,910.038550
4194304,89,1,952.088927
4194304,90,1,947.097727
4194304,91,1,884.667656
4194304,92,1,932.598425
4194304,93,1,917.724970
4194304,94,1,902.064843
4194304,95,1,905.089435
4194304,96,1,911.155938
4194304,97,1,913.689551
4194304,98,1,940.362856
4194304,99,1,964.606224
4194304,100,1,908.599551
4194304,101,1,949.899379
4194304,102,1,921.646063
4194304,103,1,891.183309
4194304,104,1,933.207321
4194304,105,1,936.906821
4194304,106,1,917.053971
4194304,107,1,946.363666
4194304,108,1,925.101905
4194304,109,1,939.080654
4194304,110,1,965.797391
4194304,111,1,909.941226
4194304,112,1,940.402118
4194304,113,1,939.967855
4194304,114,1,924.399276
4194304,115,1,899.444109
4194304,116,1,878.547968
4194304,117,1,895.314319
4194304,118,1,905.524598
4194304,119,1,894.924062
4194304,120,1,916.899869
4194304,121,1,947.088423
4194304,122,1,956.375321
4194304,123,1,937.388114
4194304,124,1,903.661600
4194304,125,1,924.025253
4194304,126,1,965.940970
4194304,127,1,940.242757
4194304,128,1,972.575632
4194304,129,1,952.856993
4194304,130,1,941.173840
4194304,131,1,951.257799
4194304,132,1,949.376387
4194304,133,1,925.833785
4194304,134,1,983.407445
4194304,135,1,959.297070
4194304,136,1,986.161046
4194304,137,1,972.183515
4194304,138,1,966.867369
4194304,139,1,950.550938
4194304,140,1,960.411894
4194304,141,1,945.457281
4194304,142,1,938.917315
4194304,143,1,966.361443
4194304,144,1,939.758259
4194304,145,1,987.474299
4194304,146,1,951.784319
4194304,147,1,991.712576
4194304,148,1,945.659820
4194304,149,1,1022.662009
4194304,150,1,988.727761
4194304,151,1,1037.367378
4194304,152,1,985.622656
4194304,153,1,998.268005
4194304,154,1,972.521998
4194304,155,1,961.623462
4194304,156,1,994.849951
4194304,157,1,992.940054
4194304,158,1,980.768298
4194304,159,1,1020.927192
4194304,160,1,1005.611838
4194304,161,1,1014.085247
4194304,162,1,1018.986823
4194304,163,1,977.941112
4194304,164,1,1027.806412
4194304,165,1,981.352878
4194304,166,1,1022.783390
4194304,167,1,1008.411500
4194304,168,1,999.934112
4194304,169,1,1005.074410
4194304,170,1,1012.789700
4194304,171,1,1034.944112
4194304,172,1,1015.066240
4194304,173,1,1040.828802
4194304,174,1,1036.002031
4194304,175,1,1029.250094
4194304,176,1,1024.677954
4194304,177,1,1017.890477
4194304,178,1,1029.095287
4194304,179,1,1050.929697
4194304,180,1,1062.891988
4194304,181,1,1072.999877
4194304,182,1,1054.567162
4194304,183,1,1052.541208
4194304,184,1,1052.331550
4194304,185,1,1052.314612
4194304,186,1,1073.164433
4194304,187,1,1077.396551
4194304,188,1,1035.966104
4194304,189,1,1099.763382
4194304,190,1,1050.108255
4194304,191,1,1060.124915
4194304,192,1,1084.895894
4194304,193,1,1113.027701
4194304,194,1,1086.331687
4194304,195,1,1115.064304
4194304,196,1,1117.533377
4194304,197,1,1086.426507
4194304,198,1,1141.582611
4194304,199,1,1130.904898
4194304,200,1,1116.012260
4194304,201,1,1126.765100
4194304,202,1,1117.851841
4194304,203,1,1140.319847
4194304,204,1,1138.520488
4194304,205,1,1117.629610
4194304,206,1,1099.916905
4194304,207,1,1125.704487
4194304,208,1,1084.763864
4194304,209,1,1135.749375
4194304,210,1,1150.452755
4194304,211,1,1103.911780
4194304,212,1,1108.822722
4194304,213,1,1156.317042
4194304,214,1,1093.158875
4194304,215,1,1115.344917
4194304,216,1,1158.533472
4194304,217,1,1148.918743
4194304,218,1,1108.121123
4194304,219,1,1142.359978
4194304,220,1,1136.895442
4194304,221,1,1141.712590
4194304,222,1,1097.281288
4194304,223,1,1146.619169
4194304,224,1,1152.404866
4194304,225,1,1126.229982
4194304,226,1,1166.016197
4194304,227,1,1152.025837
4194304,228,1,1184.186007
4194304,229,1,1172.329315
4194304,230,1,1178.393893
4194304,231,1,1160.449912
4194304,232,1,1197.867588
4194304,233,1,1199.849658
4194304,234,1,1122.974946
4194304,235,1,1181.881043
4194304,236,1,1170.932082
4194304,237,1,1217.663084
4194304,238,1,1152.002677
4194304,239,1,1169.572057
4194304,240,1,1199.574113
