1024,1,1,1.702932
1024,2,1,4.100408
1024,3,1,4.080712
1024,4,1,5.763820
1024,5,1,6.543240
1024,6,1,6.930479
1024,7,1,9.920492
1024,8,1,9.307426
1024,9,1,12.397007
1024,10,1,13.630387
1024,11,1,14.003384
1024,12,1,16.927188
1024,13,1,59.367884
1024,14,1,16.475727
1024,15,1,20.901594
1024,16,1,20.925846
1024,17,1,19.710811
1024,18,1,23.043349
1024,19,1,22.248660
1024,20,1,22.843569
1024,21,1,28.532325
1024,22,1,28.497040
1024,23,1,27.156136
1024,24,1,29.794323
1024,25,1,30.369986
1024,26,1,34.125494
1024,27,1,32.376629
1024,28,1,35.344118
1024,29,1,36.795885
1024,30,1,35.875517
1024,31,1,37.841483
1024,32,1,37.980702
1024,33,1,42.461675
1024,34,1,40.645512
1024,35,1,43.905039
1024,36,1,46.925010
1024,37,1,43.653612
1024,38,1,47.526399
1024,39,1,47.302755
1024,40,1,48.655079
1024,41,1,48.843247
1024,42,1,47.641557
1024,43,1,50.156756
1024,44,1,53.610416
1024,45,1,52.749648
1024,46,1,54.720428
1024,47,1,54.149897
1024,48,1,59.469827
1024,49,1,56.710710
1024,50,1,58.485369
1024,51,1,65.058377
1024,52,1,60.625132
1024,53,1,61.619405
1024,54,1,66.276744
1024,55,1,67.403501
1024,56,1,68.026639
1024,57,1,69.045871
1024,58,1,67.683473
1024,59,1,72.949258
1024,60,1,72.983709
1024,61,1,76.272812
1024,62,1,74.179110
1024,63,1,73.464936
1024,64,1,75.025506
1024,65,1,76.417096
1024,66,1,78.227552
1024,67,1,78.221714
1024,68,1,78.561544
1024,69,1,81.241556
1024,70,1,81.889331
1024,71,1,81.859884
1024,72,1,85.660237
1024,73,1,82.483856
1024,74,1,85.671850
1024,75,1,87.465241
1024,76,1,93.628940
1024,77,1,88.425194
1024,78,1,92.558191
1024,79,1,93.424348
1024,80,1,94.714058
1024,81,1,92.949536
1024,82,1,96.024810
1024,83,1,98.436529
1024,84,1,100.248396
1024,85,1,97.572166
1024,86,1,101.421472
1024,87,1,102.124674
1024,88,1,107.739847
1024,89,1,105.242420
1024,90,1,105.769067
1024,91,1,108.025401
1024,92,1,109.255255
1024,93,1,106.663966
1024,94,1,112.752667
1024,95,1,112.547053
1024,96,1,113.251859
1024,97,1,117.901371
1024,98,1,116.080137
1024,99,1,118.349943
1024,100,1,120.248867
1024,101,1,119.265049
1024,102,1,124.651638
1024,103,1,122.709794
1024,104,1,125.376974
1024,105,1,128.837885
1024,106,1,130.569623
1024,107,1,127.079586
1024,108,1,189.887724
1024,109,1,128.652412
1024,110,1,132.644653
1024,111,1,132.230918
1024,112,1,137.406181
1024,113,1,138.640714
1024,114,1,135.312416
1024,115,1,140.688481
1024,116,1,138.491618
1024,117,1,140.825902
1024,118,1,145.149505
1024,119,1,146.909472
1024,120,1,147.182773
1024,121,1,144.240877
1024,122,1,147.377289
1024,123,1,149.089652
1024,124,1,181.240710
1024,125,1,153.144060
1024,126,1,148.429883
1024,127,1,154.879519
1024,128,1,156.150624
1024,129,1,158.354286
1024,130,1,153.632794
1024,131,1,159.975420
1024,132,1,163.220961
1024,133,1,158.174268
1024,134,1,160.012824
1024,135,1,163.834414
1024,136,1,161.838228
1024,137,1,172.139672
1024,138,1,165.716722
1024,139,1,171.749352
1024,140,1,170.448480
1024,141,1,171.523462
1024,142,1,176.714570
1024,143,1,176.481944
1024,144,1,173.268737
1024,145,1,179.424672
1024,146,1,183.035129
1024,147,1,176.020285
1024,148,1,183.470036
1024,149,1,181.192914
1024,150,1,177.324556
1024,151,1,186.496615
1024,152,1,184.904993
1024,153,1,182.177566
1024,154,1,190.631473
1024,155,1,191.772408
1024,156,1,255.927737
1024,157,1,192.304636
1024,158,1,191.912008
1024,159,1,238.326535
1024,160,1,193.523647
1024,161,1,203.523565
1024,162,1,202.770319
1024,163,1,201.025750
1024,164,1,198.998064
1024,165,1,220.309546
1024,166,1,205.970888
1024,167,1,210.090926
1024,168,1,211.584454
1024,169,1,211.463716
1024,170,1,208.372918
1024,171,1,211.851213
1024,172,1,216.550187
1024,173,1,212.577064
1024,174,1,215.163476
1024,175,1,221.312932
1024,176,1,213.050591
1024,177,1,222.412548
1024,178,1,218.108643
1024,179,1,224.617944
1024,180,1,219.111770
1024,181,1,223.562722
1024,182,1,222.963642
1024,183,1,233.051705
1024,184,1,235.089785
1024,185,1,241.750621
1024,186,1,233.503678
1024,187,1,242.451002
1024,188,1,235.210010
1024,189,1,235.161187
1024,190,1,246.545121
1024,191,1,238.716021
1024,192,1,240.401823
1024,193,1,239.071955
1024,194,1,245.659781
1024,195,1,245.706166
1024,196,1,247.410831
1024,197,1,246.436442
1024,198,1,251.896488
1024,199,1,257.631631
1024,200,1,251.986048
1024,201,1,252.764634
1024,202,1,254.546221
1024,203,1,255.033157
1024,204,1,261.102997
1024,205,1,257.738513
1024,206,1,257.339469
1024,207,1,264.629666
1024,208,1,263.542237
1024,209,1,270.125639
1024,210,1,280.528383
1024,211,1,263.857881
1024,212,1,272.708586
1024,213,1,266.365445
1024,214,1,269.983984
1024,215,1,270.537385
1024,216,1,269.249538
1024,217,1,281.857421
1024,218,1,274.358784
1024,219,1,282.722233
1024,220,1,274.927326
1024,221,1,280.886561
1024,222,1,283.798560
1024,223,1,293.545576
1024,224,1,289.330781
1024,225,1,286.841114
1024,226,1,282.781191
1024,227,1,296.883822
1024,228,1,290.415706
1024,229,1,295.723961
1024,230,1,292.707197
1024,231,1,293.608448
1024,232,1,299.483577
1024,233,1,294.274377
1024,234,1,298.822204
1024,235,1,308.366038
1024,236,1,306.459863
1024,237,1,305.361657
1024,238,1,315.086733
1024,239,1,310.834084
1024,240,1,335.663766
2048,1,1,4.240523
2048,2,1,5.455428
2048,3,1,4.491881
2048,4,1,6.295089
2048,5,1,7.152520
2048,6,1,8.240334
2048,7,1,9.126637
2048,8,1,14.072223
2048,9,1,12.555085
2048,10,1,12.804005
2048,11,1,15.132128
2048,12,1,16.136542
2048,13,1,39.534346
2048,14,1,17.825102
2048,15,1,20.575493
2048,16,1,20.558557
2048,17,1,20.508580
2048,18,1,22.437659
2048,19,1,23.669628
2048,20,1,24.876706
2048,21,1,28.000483
2048,22,1,116.691856
2048,23,1,29.450129
2048,24,1,28.965117
2048,25,1,30.237699
2048,26,1,32.644795
2048,27,1,32.391064
2048,28,1,34.394433
2048,29,1,36.258010
2048,30,1,37.121792
2048,31,1,37.950870
2048,32,1,38.449290
2048,33,1,40.528492
2048,34,1,43.251105
2048,35,1,40.984636
2048,36,1,45.678990
2048,37,1,45.848870
2048,38,1,46.416836
2048,39,1,46.350630
2048,40,1,46.571450
2048,41,1,50.150469
2048,42,1,51.816641
2048,43,1,51.961759
2048,44,1,53.006012
2048,45,1,100.609909
2048,46,1,55.009512
2048,47,1,55.077644
2048,48,1,55.871372
2048,49,1,59.674868
2048,50,1,60.513118
2048,51,1,58.008374
2048,52,1,62.494997
2048,53,1,62.211430
2048,54,1,64.954060
2048,55,1,68.875538
2048,56,1,67.537199
2048,57,1,69.491618
2048,58,1,65.854285
2048,59,1,70.318002
2048,60,1,75.400687
2048,61,1,71.333127
2048,62,1,73.372360
2048,63,1,74.463253
2048,64,1,76.950545
2048,65,1,74.816298
2048,66,1,79.814556
2048,67,1,79.907837
2048,68,1,79.656734
2048,69,1,83.629987
2048,70,1,83.756756
2048,71,1,87.410901
2048,72,1,84.962487
2048,73,1,89.769434
2048,74,1,86.776471
2048,75,1,87.393323
2048,76,1,89.384054
2048,77,1,91.997220
2048,78,1,94.346129
2048,79,1,94.494328
2048,80,1,92.514630
2048,81,1,95.102645
2048,82,1,94.827357
2048,83,1,100.451703
2048,84,1,97.981412
2048,85,1,99.097134
2048,86,1,99.973105
2048,87,1,103.462500
2048,88,1,106.545088
2048,89,1,103.698463
2048,90,1,108.761260
2048,91,1,109.729103
2048,92,1,113.290800
2048,93,1,107.413747
2048,94,1,112.781473
2048,95,1,115.166504
2048,96,1,115.483299
2048,97,1,116.379420
2048,98,1,117.835802
2048,99,1,116.428752
2048,100,1,122.108083
2048,101,1,123.129303
2048,102,1,123.945291
2048,103,1,121.931976
2048,104,1,123.197113
2048,105,1,132.929503
2048,106,1,125.697172
2048,107,1,136.281605
2048,108,1,126.306712
2048,109,1,128.499467
2048,110,1,130.501873
2048,111,1,134.635386
2048,112,1,132.206091
2048,113,1,131.224259
2048,114,1,135.237546
2048,115,1,213.149841
2048,116,1,138.074932
2048,117,1,139.787037
2048,118,1,137.423567
2048,119,1,146.315329
2048,120,1,143.642886
2048,121,1,147.780505
2048,122,1,148.757584
2048,123,1,151.697363
2048,124,1,153.893519
2048,125,1,148.359311
2048,126,1,153.219059
2048,127,1,154.158095
2048,128,1,157.847012
2048,129,1,157.603030
2048,130,1,155.474622
2048,131,1,161.442969
2048,132,1,161.948381
2048,133,1,157.946837
2048,134,1,167.574590
2048,135,1,162.053725
2048,136,1,163.442297
2048,137,1,167.643748
2048,138,1,165.417953
2048,139,1,171.220843
2048,140,1,166.852589
2048,141,1,172.400590
2048,142,1,174.921628
2048,143,1,177.064856
2048,144,1,177.883219
2048,145,1,178.255703
2048,146,1,178.693561
2048,147,1,179.274550
2048,148,1,183.464775
2048,149,1,182.923498
2048,150,1,183.373097
2048,151,1,186.949741
2048,152,1,188.522376
2048,153,1,187.428787
2048,154,1,188.934380
2048,155,1,195.631334
2048,156,1,198.976892
2048,157,1,191.444703
2048,158,1,197.378470
2048,159,1,199.908681
2048,160,1,201.126217
2048,161,1,195.020771
2048,162,1,198.246489
2048,163,1,202.883679
2048,164,1,204.140862
2048,165,1,212.321790
2048,166,1,209.747761
2048,167,1,205.097417
2048,168,1,212.662966
2048,169,1,221.438868
2048,170,1,207.847102
2048,171,1,211.716167
2048,172,1,215.117154
2048,173,1,222.698361
2048,174,1,214.501778
2048,175,1,219.972733
2048,176,1,224.639691
2048,177,1,218.418512
2048,178,1,226.744044
2048,179,1,228.046326
2048,180,1,225.996252
2048,181,1,224.611659
2048,182,1,232.494389
2048,183,1,228.105284
2048,184,1,223.721698
2048,185,1,230.820135
2048,186,1,240.094586
2048,187,1,237.908437
2048,188,1,234.005692
2048,189,1,240.431912
2048,190,1,239.792352
2048,191,1,244.884917
2048,192,1,244.387072
2048,193,1,242.397625
2048,194,1,245.011751
2048,195,1,248.803893
2048,196,1,249.010280
2048,197,1,243.908989
2048,198,1,258.161231
2048,199,1,254.618845
2048,200,1,249.116264
2048,201,1,253.654401
2048,202,1,257.888892
2048,203,1,266.854885
2048,204,1,254.168027
2048,205,1,257.437049
2048,206,1,266.452697
2048,207,1,264.908741
2048,208,1,265.040003
2048,209,1,269.347181
2048,210,1,266.073861
2048,211,1,276.993376
2048,212,1,283.259850
2048,213,1,273.660263
2048,214,1,276.966238
2048,215,1,274.279616
2048,216,1,287.047950
2048,217,1,276.498227
2048,218,1,284.815610
2048,219,1,283.931426
2048,220,1,289.265021
2048,221,1,343.474774
2048,222,1,284.896061
2048,223,1,288.860138
2048,224,1,297.313532
2048,225,1,294.096731
2048,226,1,295.112180
2048,227,1,295.624200
2048,228,1,300.788749
2048,229,1,302.640840
2048,230,1,293.030090
2048,231,1,303.126560
2048,232,1,310.414447
2048,233,1,306.166485
2048,234,1,306.554879
2048,235,1,302.377676
2048,236,1,306.385637
2048,237,1,315.714106
2048,238,1,308.254921
2048,239,1,311.415264
2048,240,1,309.592171
4096,1,1,6.677773
4096,2,1,6.340832
4096,3,1,5.449524
4096,4,1,7.122239
4096,5,1,8.514790
4096,6,1,9.978552
4096,7,1,11.763539
4096,8,1,10.338333
4096,9,1,12.194340
4096,10,1,15.088888
4096,11,1,15.448990
4096,12,1,17.347595
4096,13,1,24.735629
4096,14,1,20.153162
4096,15,1,19.725376
4096,16,1,22.493795
4096,17,1,23.544976
4096,18,1,23.443610
4096,19,1,23.226188
4096,20,1,26.396028
4096,21,1,25.694105
4096,22,1,27.592199
4096,23,1,29.950283
4096,24,1,30.592283
4096,25,1,31.940309
4096,26,1,32.384004
4096,27,1,33.868169
4096,28,1,32.602583
4096,29,1,34.596136
4096,30,1,36.479150
4096,31,1,40.780173
4096,32,1,39.975091
4096,33,1,41.913213
4096,34,1,43.998190
4096,35,1,41.938428
4096,36,1,45.783304
4096,37,1,48.376067
4096,38,1,44.480123
4096,39,1,48.103664
4096,40,1,47.800984
4096,41,1,51.811957
4096,42,1,50.815307
4096,43,1,79.380034
4096,44,1,53.291630
4096,45,1,73.196126
4096,46,1,53.794926
4096,47,1,56.821956
4096,48,1,60.403348
4096,49,1,59.439676
4096,50,1,61.397304
4096,51,1,62.393183
4096,52,1,63.412672
4096,53,1,63.630926
4096,54,1,66.869474
4096,55,1,65.888093
4096,56,1,66.536445
4096,57,1,70.574046
4096,58,1,69.660668
4096,59,1,71.079394
4096,60,1,75.238566
4096,61,1,75.323764
4096,62,1,72.812799
4096,63,1,75.756297
4096,64,1,78.181937
4096,65,1,80.352688
4096,66,1,78.602089
4096,67,1,79.708572
4096,68,1,82.871930
4096,69,1,84.076250
4096,70,1,82.556993
4096,71,1,82.789169
4096,72,1,86.864428
4096,73,1,86.853137
4096,74,1,89.988973
4096,75,1,91.421620
4096,76,1,90.071283
4096,77,1,95.492259
4096,78,1,94.572981
4096,79,1,94.546678
4096,80,1,94.458721
4096,81,1,98.380264
4096,82,1,96.203997
4096,83,1,98.855975
4096,84,1,100.281563
4096,85,1,104.596121
4096,86,1,104.397561
4096,87,1,101.425513
4096,88,1,106.463994
4096,89,1,106.962865
4096,90,1,107.300001
4096,91,1,108.394614
4096,92,1,109.056758
4096,93,1,108.076662
4096,94,1,112.351958
4096,95,1,114.939331
4096,96,1,114.744493
4096,97,1,119.709451
4096,98,1,119.561254
4096,99,1,121.717827
4096,100,1,121.480773
4096,101,1,123.890376
4096,102,1,121.219021
4096,103,1,122.925032
4096,104,1,123.512629
4096,105,1,164.034705
4096,106,1,126.795635
4096,107,1,126.360473
4096,108,1,131.400175
4096,109,1,132.180750
4096,110,1,132.198904
4096,111,1,131.061819
4096,112,1,131.710557
4096,113,1,139.390818
4096,114,1,138.343164
4096,115,1,139.665785
4096,116,1,137.092784
4096,117,1,140.830778
4096,118,1,143.007751
4096,119,1,140.982120
4096,120,1,177.696592
4096,121,1,147.992281
4096,122,1,148.246719
4096,123,1,149.695021
4096,124,1,148.959609
4096,125,1,171.736843
4096,126,1,150.816898
4096,127,1,160.127341
4096,128,1,156.412312
4096,129,1,155.040228
4096,130,1,242.758689
4096,131,1,160.656811
4096,132,1,162.126413
4096,133,1,161.049634
4096,134,1,169.072482
4096,135,1,165.620298
4096,136,1,168.543523
4096,137,1,172.237893
4096,138,1,169.250063
4096,139,1,170.927655
4096,140,1,174.548310
4096,141,1,168.296655
4096,142,1,176.272285
4096,143,1,171.834229
4096,144,1,182.169867
4096,145,1,174.239981
4096,146,1,179.948948
4096,147,1,176.627190
4096,148,1,177.164618
4096,149,1,184.072129
4096,150,1,185.334767
4096,151,1,185.170080
4096,152,1,187.399661
4096,153,1,185.858400
4096,154,1,191.268212
4096,155,1,191.377918
4096,156,1,189.618659
4096,157,1,195.155431
4096,158,1,190.788525
4096,159,1,195.930362
4096,160,1,195.895204
4096,161,1,199.470503
4096,162,1,213.139959
4096,163,1,200.434880
4096,164,1,200.027370
4096,165,1,308.884926
4096,166,1,205.599494
4096,167,1,205.875873
4096,168,1,206.515436
4096,169,1,211.366711
4096,170,1,215.708279
4096,171,1,217.404283
4096,172,1,213.066118
4096,173,1,213.976542
4096,174,1,215.442551
4096,175,1,246.777234
4096,176,1,219.443388
4096,177,1,221.635822
4096,178,1,219.923782
4096,179,1,218.727482
4096,180,1,230.807242
4096,181,1,225.283619
4096,182,1,229.000633
4096,183,1,227.911347
4096,184,1,235.617202
4096,185,1,233.765302
4096,186,1,235.575694
4096,187,1,239.710679
4096,188,1,239.507693
4096,189,1,236.640542
4096,190,1,236.649456
4096,191,1,238.068954
4096,192,1,245.118889
4096,193,1,248.857333
4096,194,1,247.357326
4096,195,1,264.052206
4096,196,1,248.717861
4096,197,1,252.169018
4096,198,1,241.990048
4096,199,1,246.240320
4096,200,1,260.921375
4096,201,1,260.684193
4096,202,1,256.001835
4096,203,1,263.784743
4096,204,1,263.350863
4096,205,1,256.049631
4096,206,1,263.374473
4096,207,1,266.896136
4096,208,1,269.133160
4096,209,1,267.737851
4096,210,1,269.753025
4096,211,1,271.196194
4096,212,1,343.735950
4096,213,1,272.552048
4096,214,1,273.628313
4096,215,1,274.195123
4096,216,1,284.984659
4096,217,1,276.944938
4096,218,1,283.640545
4096,219,1,283.543801
4096,220,1,283.362306
4096,221,1,291.538485
4096,222,1,282.367774
4096,223,1,297.822859
4096,224,1,294.684970
4096,225,1,300.575369
4096,226,1,292.480857
4096,227,1,296.860918
4096,228,1,310.816185
4096,229,1,294.380234
4096,230,1,298.820342
4096,231,1,303.920030
4096,232,1,303.447463
4096,233,1,300.627784
4096,234,1,304.848224
4096,235,1,305.789570
4096,236,1,320.376768
4096,237,1,427.145371
4096,238,1,310.463848
4096,239,1,314.478672
4096,240,1,317.338640
8192,1,1,11.567546
8192,2,1,8.740487
8192,3,1,7.497995
8192,4,1,8.708088
8192,5,1,9.410971
8192,6,1,10.255958
8192,7,1,12.819916
8192,8,1,12.329194
8192,9,1,14.802820
8192,10,1,16.319318
8192,11,1,17.562773
8192,12,1,17.983373
8192,13,1,18.401986
8192,14,1,20.927256
8192,15,1,20.583322
8192,16,1,20.670507
8192,17,1,24.188387
8192,18,1,24.866633
8192,19,1,28.819550
8192,20,1,26.848193
8192,21,1,27.062597
8192,22,1,30.775638
8192,23,1,30.570086
8192,24,1,31.588997
8192,25,1,34.813686
8192,26,1,37.302582
8192,27,1,36.309652
8192,28,1,34.513376
8192,29,1,39.044328
8192,30,1,39.963092
8192,31,1,74.609140
8192,32,1,44.583863
8192,33,1,41.310734
8192,34,1,42.392388
8192,35,1,45.848039
8192,36,1,47.747477
8192,37,1,48.235246
8192,38,1,47.491048
8192,39,1,47.784687
8192,40,1,49.028075
8192,41,1,51.928078
8192,42,1,53.424880
8192,43,1,53.958971
8192,44,1,56.989272
8192,45,1,74.953140
8192,46,1,58.335437
8192,47,1,59.147769
8192,48,1,59.692382
8192,49,1,60.936733
8192,50,1,63.054748
8192,51,1,65.007886
8192,52,1,64.859494
8192,53,1,66.104041
8192,54,1,66.038795
8192,55,1,68.483230
8192,56,1,70.469855
8192,57,1,125.026687
8192,58,1,70.217920
8192,59,1,159.002572
8192,60,1,74.169488
8192,61,1,77.130629
8192,62,1,84.895638
8192,63,1,77.471420
8192,64,1,79.757971
8192,65,1,78.315765
8192,66,1,81.338046
8192,67,1,82.942435
8192,68,1,83.905148
8192,69,1,82.292929
8192,70,1,85.768724
8192,71,1,86.130943
8192,72,1,89.125318
8192,73,1,86.264066
8192,74,1,90.589786
8192,75,1,88.155613
8192,76,1,103.382563
8192,77,1,93.592179
8192,78,1,95.964569
8192,79,1,96.497955
8192,80,1,95.446131
8192,81,1,98.957596
8192,82,1,99.309551
8192,83,1,103.305385
8192,84,1,142.526270
8192,85,1,100.374525
8192,86,1,104.285032
8192,87,1,105.205145
8192,88,1,108.247699
8192,89,1,107.347797
8192,90,1,111.279219
8192,91,1,212.170834
8192,92,1,113.511045
8192,93,1,110.441546
8192,94,1,112.664007
8192,95,1,114.554656
8192,96,1,113.496353
8192,97,1,121.117912
8192,98,1,117.100329
8192,99,1,118.724158
8192,100,1,119.099529
8192,101,1,123.352307
8192,102,1,121.574762
8192,103,1,121.758435
8192,104,1,223.356399
8192,105,1,199.368432
8192,106,1,128.767763
8192,107,1,136.174915
8192,108,1,130.962764
8192,109,1,134.341429
8192,110,1,132.767318
8192,111,1,133.944242
8192,112,1,136.929892
8192,113,1,135.832008
8192,114,1,137.678261
8192,115,1,139.540426
8192,116,1,142.727780
8192,117,1,145.041468
8192,118,1,149.204874
8192,119,1,160.054717
8192,120,1,152.375740
8192,121,1,142.602740
8192,122,1,150.013294
8192,123,1,153.028645
8192,124,1,150.240465
8192,125,1,150.968050
8192,126,1,154.284802
8192,127,1,160.580787
8192,128,1,154.725481
8192,129,1,158.692961
8192,130,1,162.314194
8192,131,1,164.108484
8192,132,1,164.921007
8192,133,1,167.440184
8192,134,1,168.591960
8192,135,1,167.813438
8192,136,1,166.659545
8192,137,1,170.815575
8192,138,1,170.913412
8192,139,1,168.372872
8192,140,1,180.549311
8192,141,1,172.721751
8192,142,1,176.907100
8192,143,1,179.335048
8192,144,1,206.752873
8192,145,1,181.862501
8192,146,1,178.366755
8192,147,1,182.734305
8192,148,1,185.773330
8192,149,1,188.720486
8192,150,1,186.527024
8192,151,1,246.124135
8192,152,1,190.991448
8192,153,1,192.678854
8192,154,1,187.810639
8192,155,1,193.893437
8192,156,1,197.758590
8192,157,1,196.295597
8192,158,1,195.078381
8192,159,1,197.055706
8192,160,1,200.893334
8192,161,1,202.353246
8192,162,1,208.868963
8192,163,1,300.272814
8192,164,1,215.508309
8192,165,1,209.226757
8192,166,1,206.619494
8192,167,1,205.428585
8192,168,1,272.486353
8192,169,1,216.720839
8192,170,1,211.100854
8192,171,1,213.325305
8192,172,1,211.863080
8192,173,1,219.679864
8192,174,1,216.025911
8192,175,1,231.233744
8192,176,1,222.315163
8192,177,1,219.421383
8192,178,1,227.498378
8192,179,1,229.277464
8192,180,1,225.875191
8192,181,1,228.134733
8192,182,1,225.964944
8192,183,1,235.970312
8192,184,1,241.804061
8192,185,1,233.727450
8192,186,1,238.558842
8192,187,1,241.072437
8192,188,1,236.205054
8192,189,1,241.337269
8192,190,1,235.662303
8192,191,1,242.238198
8192,192,1,252.555681
8192,193,1,250.237503
8192,194,1,306.394363
8192,195,1,251.830537
8192,196,1,260.916692
8192,197,1,246.612677
8192,198,1,255.290870
8192,199,1,261.074320
8192,200,1,250.831258
8192,201,1,257.520385
8192,202,1,265.425959
8192,203,1,260.044247
8192,204,1,267.421888
8192,205,1,256.631324
8192,206,1,276.166481
8192,207,1,259.188611
8192,208,1,266.423250
8192,209,1,266.429472
8192,210,1,273.461895
8192,211,1,275.418113
8192,212,1,267.573678
8192,213,1,272.184310
8192,214,1,274.663647
8192,215,1,279.598713
8192,216,1,285.298762
8192,217,1,297.730989
8192,218,1,303.993101
8192,219,1,293.540828
8192,220,1,287.808638
8192,221,1,293.112208
8192,222,1,293.976441
8192,223,1,290.038603
8192,224,1,289.229609
8192,225,1,295.486012
8192,226,1,296.731773
8192,227,1,292.508639
8192,228,1,312.583210
8192,229,1,300.055008
8192,230,1,306.380697
8192,231,1,297.102912
8192,232,1,302.360033
8192,233,1,300.818838
8192,234,1,309.621491
8192,235,1,309.746720
8192,236,1,301.852631
8192,237,1,318.782515
8192,238,1,317.658004
8192,239,1,316.235748
8192,240,1,327.838003
16384,1,1,23.582057
16384,2,1,14.624469
16384,3,1,11.734347
16384,4,1,14.264430
16384,5,1,15.924957
16384,6,1,13.794046
16384,7,1,13.738039
16384,8,1,15.668722
16384,9,1,18.059910
16384,10,1,20.072967
16384,11,1,20.469575
16384,12,1,23.055537
16384,13,1,33.079381
16384,14,1,25.348888
16384,15,1,25.248485
16384,16,1,27.511749
16384,17,1,26.556158
16384,18,1,48.668294
16384,19,1,28.664487
16384,20,1,32.107306
16384,21,1,39.506502
16384,22,1,33.955548
16384,23,1,33.576775
16384,24,1,55.093168
16384,25,1,34.157828
16384,26,1,76.644717
16384,27,1,40.127457
16384,28,1,39.277467
16384,29,1,39.749905
16384,30,1,59.359225
16384,31,1,66.923813
16384,32,1,42.873166
16384,33,1,46.355120
16384,34,1,47.981449
16384,35,1,46.194346
16384,36,1,48.445422
16384,37,1,46.557142
16384,38,1,58.670904
16384,39,1,52.089043
16384,40,1,50.965046
16384,41,1,54.677636
16384,42,1,55.969334
16384,43,1,58.026786
16384,44,1,59.276079
16384,45,1,64.808426
16384,46,1,84.586025
16384,47,1,60.122347
16384,48,1,62.173066
16384,49,1,66.013261
16384,50,1,64.966634
16384,51,1,66.720120
16384,52,1,95.361704
16384,53,1,77.912486
16384,54,1,94.002450
16384,55,1,104.331096
16384,56,1,70.025327
16384,57,1,71.135465
16384,58,1,86.679662
16384,59,1,81.093873
16384,60,1,77.497980
16384,61,1,80.106077
16384,62,1,80.037944
16384,63,1,80.462650
16384,64,1,84.016330
16384,65,1,89.780789
16384,66,1,83.025645
16384,67,1,85.387322
16384,68,1,85.872783
16384,69,1,105.099867
16384,70,1,87.330322
16384,71,1,184.928665
16384,72,1,85.734080
16384,73,1,89.775529
16384,74,1,91.172506
16384,75,1,92.857025
16384,76,1,97.280774
16384,77,1,97.136426
16384,78,1,98.071101
16384,79,1,97.353526
16384,80,1,98.357874
16384,81,1,103.868219
16384,82,1,103.494962
16384,83,1,101.966275
16384,84,1,104.797439
16384,85,1,145.161822
16384,86,1,145.897617
16384,87,1,107.133004
16384,88,1,150.636433
16384,89,1,112.025408
16384,90,1,111.847055
16384,91,1,115.273963
16384,92,1,116.591645
16384,93,1,116.098805
16384,94,1,146.170082
16384,95,1,122.012043
16384,96,1,120.701034
16384,97,1,172.013607
16384,98,1,170.385480
16384,99,1,160.390890
16384,100,1,178.840861
16384,101,1,132.694951
16384,102,1,150.930710
16384,103,1,132.328178
16384,104,1,130.004673
16384,105,1,191.176919
16384,106,1,130.309088
16384,107,1,148.168897
16384,108,1,136.613609
16384,109,1,133.236997
16384,110,1,138.827087
16384,111,1,137.517488
16384,112,1,143.673169
16384,113,1,143.685230
16384,114,1,149.419538
16384,115,1,140.567805
16384,116,1,146.704944
16384,117,1,144.404406
16384,118,1,151.263097
16384,119,1,147.073708
16384,120,1,178.702672
16384,121,1,154.332790
16384,122,1,149.492738
16384,123,1,157.629784
16384,124,1,156.939474
16384,125,1,154.931741
16384,126,1,198.964447
16384,127,1,187.015310
16384,128,1,157.584362
16384,129,1,166.338385
16384,130,1,165.168453
16384,131,1,162.738388
16384,132,1,207.726363
16384,133,1,166.562158
16384,134,1,165.328199
16384,135,1,180.593899
16384,136,1,175.545794
16384,137,1,171.101001
16384,138,1,178.225999
16384,139,1,176.516652
16384,140,1,255.260845
16384,141,1,175.708361
16384,142,1,196.994053
16384,143,1,256.733204
16384,144,1,234.914128
16384,145,1,180.570418
16384,146,1,186.304856
16384,147,1,185.643737
16384,148,1,229.114252
16384,149,1,221.188534
16384,150,1,193.334967
16384,151,1,193.259456
16384,152,1,187.537851
16384,153,1,192.218349
16384,154,1,196.630614
16384,155,1,194.830808
16384,156,1,197.307643
16384,157,1,251.374010
16384,158,1,198.922361
16384,159,1,197.944766
16384,160,1,194.438949
16384,161,1,206.176440
16384,162,1,207.248343
16384,163,1,214.066101
16384,164,1,214.192487
16384,165,1,212.639035
16384,166,1,215.752869
16384,167,1,212.193930
16384,168,1,216.218313
16384,169,1,224.422143
16384,170,1,254.036253
16384,171,1,219.892346
16384,172,1,259.761900
16384,173,1,223.189083
16384,174,1,275.607048
16384,175,1,292.068792
16384,176,1,265.213926
16384,177,1,224.630967
16384,178,1,295.728197
16384,179,1,248.303097
16384,180,1,270.715609
16384,181,1,229.792756
16384,182,1,276.761133
16384,183,1,231.599106
16384,184,1,240.245862
16384,185,1,233.903557
16384,186,1,234.837717
16384,187,1,236.709186
16384,188,1,250.030858
16384,189,1,244.158808
16384,190,1,247.480374
16384,191,1,273.973403
16384,192,1,250.019055
16384,193,1,275.068980
16384,194,1,247.323899
16384,195,1,286.481333
16384,196,1,253.658380
16384,197,1,248.726330
16384,198,1,251.935815
16384,199,1,259.552561
16384,200,1,266.963371
16384,201,1,279.417474
16384,202,1,288.885865
16384,203,1,257.141807
16384,204,1,376.397041
16384,205,1,264.300999
16384,206,1,260.898472
16384,207,1,412.397212
16384,208,1,385.257499
16384,209,1,339.534114
16384,210,1,338.821930
16384,211,1,273.700681
16384,212,1,332.426693
16384,213,1,282.109102
16384,214,1,282.209823
16384,215,1,278.047635
16384,216,1,284.578365
16384,217,1,287.627270
16384,218,1,298.228639
16384,219,1,290.570834
16384,220,1,302.078522
16384,221,1,304.870935
16384,222,1,293.118752
16384,223,1,300.780599
16384,224,1,295.944913
16384,225,1,294.907782
16384,226,1,299.604126
16384,227,1,362.059215
16384,228,1,297.392572
16384,229,1,301.698532
16384,230,1,325.068619
16384,231,1,304.541051
16384,232,1,304.727163
16384,233,1,308.553951
16384,234,1,307.885903
16384,235,1,319.290815
16384,236,1,305.970296
16384,237,1,310.632639
16384,238,1,371.911063
16384,239,1,369.517243
16384,240,1,312.563960
32768,1,1,42.619111
32768,2,1,25.840445
32768,3,1,20.124677
32768,4,1,20.522567
32768,5,1,20.061163
32768,6,1,20.580756
32768,7,1,20.951121
32768,8,1,22.071463
32768,9,1,22.621976
32768,10,1,46.833139
32768,11,1,24.424157
32768,12,1,26.384864
32768,13,1,40.329099
32768,14,1,30.094631
32768,15,1,40.198221
32768,16,1,34.019510
32768,17,1,51.488166
32768,18,1,56.013344
32768,19,1,38.270361
32768,20,1,64.604480
32768,21,1,56.390450
32768,22,1,36.627541
32768,23,1,38.272157
32768,24,1,39.093664
32768,25,1,43.878092
32768,26,1,40.387800
32768,27,1,52.079933
32768,28,1,49.911429
32768,29,1,42.483938
32768,30,1,53.049571
32768,31,1,44.608239
32768,32,1,45.909882
32768,33,1,63.849053
32768,34,1,51.959576
32768,35,1,69.581438
32768,36,1,74.061000
32768,37,1,112.317763
32768,38,1,71.250173
32768,39,1,54.995653
32768,40,1,91.342131
32768,41,1,80.382521
32768,42,1,57.343345
32768,43,1,61.741880
32768,44,1,68.109464
32768,45,1,131.494035
32768,46,1,61.537418
32768,47,1,106.222902
32768,48,1,75.267052
32768,49,1,71.245555
32768,50,1,86.153270
32768,51,1,70.545560
32768,52,1,75.973077
32768,53,1,111.823573
32768,54,1,90.313020
32768,55,1,150.630850
32768,56,1,105.599698
32768,57,1,83.599512
32768,58,1,80.695533
32768,59,1,106.178571
32768,60,1,108.200416
32768,61,1,84.575504
32768,62,1,83.222472
32768,63,1,124.893758
32768,64,1,89.603466
32768,65,1,197.688917
32768,66,1,88.594947
32768,67,1,109.980720
32768,68,1,117.225302
32768,69,1,148.059515
32768,70,1,118.035261
32768,71,1,117.050609
32768,72,1,125.348939
32768,73,1,129.883100
32768,74,1,133.738436
32768,75,1,107.204730
32768,76,1,135.763682
32768,77,1,131.016655
32768,78,1,95.745736
32768,79,1,127.380218
32768,80,1,121.768124
32768,81,1,146.030740
32768,82,1,108.912988
32768,83,1,161.510524
32768,84,1,148.179230
32768,85,1,129.903758
32768,86,1,108.778582
32768,87,1,156.370419
32768,88,1,115.812416
32768,89,1,114.627152
32768,90,1,155.479625
32768,91,1,150.419332
32768,92,1,143.323907
32768,93,1,143.159286
32768,94,1,120.185612
32768,95,1,162.533349
32768,96,1,146.331563
32768,97,1,134.337898
32768,98,1,125.867762
32768,99,1,152.853887
32768,100,1,157.052259
32768,101,1,152.309275
32768,102,1,130.544860
32768,103,1,167.913584
32768,104,1,178.457471
32768,105,1,152.072735
32768,106,1,140.523794
32768,107,1,168.667022
32768,108,1,147.397755
32768,109,1,140.879535
32768,110,1,173.913239
32768,111,1,179.530079
32768,112,1,180.624243
32768,113,1,203.659316
32768,114,1,183.854194
32768,115,1,163.627063
32768,116,1,170.517190
32768,117,1,190.599652
32768,118,1,153.663781
32768,119,1,153.158751
32768,120,1,196.799920
32768,121,1,191.493589
32768,122,1,162.283080
32768,123,1,155.729318
32768,124,1,160.412960
32768,125,1,203.529915
32768,126,1,157.413965
32768,127,1,162.945608
32768,128,1,231.812229
32768,129,1,164.653607
32768,130,1,196.061366
32768,131,1,202.357096
32768,132,1,178.900911
32768,133,1,207.816309
32768,134,1,203.982786
32768,135,1,176.178426
32768,136,1,188.863167
32768,137,1,204.613622
32768,138,1,205.890499
32768,139,1,199.075050
32768,140,1,229.668231
32768,141,1,183.383106
32768,142,1,204.131241
32768,143,1,183.520460
32768,144,1,193.610450
32768,145,1,182.867426
32768,146,1,210.712012
32768,147,1,226.550359
32768,148,1,203.451517
32768,149,1,259.133436
32768,150,1,244.200446
32768,151,1,217.103397
32768,152,1,194.584068
32768,153,1,194.535372
32768,154,1,234.907905
32768,155,1,203.299533
32768,156,1,201.575879
32768,157,1,200.637995
32768,158,1,211.932178
32768,159,1,234.302087
32768,160,1,214.806003
32768,161,1,266.180101
32768,162,1,293.220759
32768,163,1,245.802783
32768,164,1,248.617587
32768,165,1,342.597839
32768,166,1,253.896587
32768,167,1,281.117070
32768,168,1,258.025286
32768,169,1,260.191740
32768,170,1,228.477833
32768,171,1,278.341146
32768,172,1,241.198375
32768,173,1,263.857688
32768,174,1,282.693298
32768,175,1,307.981173
32768,176,1,292.167912
32768,177,1,311.536520
32768,178,1,277.471587
32768,179,1,270.506399
32768,180,1,270.872725
32768,181,1,286.399406
32768,182,1,258.382823
32768,183,1,280.053122
32768,184,1,289.575403
32768,185,1,309.281981
32768,186,1,270.897039
32768,187,1,258.834153
32768,188,1,288.780138
32768,189,1,317.360389
32768,190,1,296.968765
32768,191,1,315.572065
32768,192,1,291.267750
32768,193,1,297.244116
32768,194,1,287.631762
32768,195,1,277.473320
32768,196,1,301.881373
32768,197,1,315.400452
32768,198,1,278.759757
32768,199,1,283.421329
32768,200,1,316.581546
32768,201,1,268.567248
32768,202,1,273.491984
32768,203,1,269.859396
32768,204,1,318.000077
32768,205,1,283.985830
32768,206,1,331.531154
32768,207,1,328.642059
32768,208,1,275.661387
32768,209,1,339.422677
32768,210,1,297.735864
32768,211,1,303.937608
32768,212,1,339.765329
32768,213,1,328.438429
32768,214,1,322.166887
32768,215,1,315.494825
32768,216,1,355.973273
32768,217,1,337.929210
32768,218,1,341.092055
32768,219,1,288.918969
32768,220,1,375.372742
32768,221,1,430.597363
32768,222,1,339.214300
32768,223,1,323.641746
32768,224,1,341.261168
32768,225,1,348.666011
32768,226,1,327.804063
32768,227,1,328.498416
32768,228,1,366.833508
32768,229,1,319.021813
32768,230,1,381.039430
32768,231,1,341.360544
32768,232,1,383.949824
32768,233,1,320.319732
32768,234,1,348.662482
32768,235,1,366.824398
32768,236,1,398.382856
32768,237,1,321.306566
32768,238,1,369.698994
32768,239,1,319.850888
32768,240,1,387.147763
65536,1,1,86.360298
65536,2,1,49.091717
65536,3,1,36.514118
65536,4,1,36.503658
65536,5,1,35.403528
65536,6,1,34.390584
65536,7,1,32.802489
65536,8,1,41.328056
65536,9,1,34.272987
65536,10,1,39.638147
65536,11,1,34.273500
65536,12,1,40.027441
65536,13,1,48.878786
65536,14,1,39.683312
65536,15,1,34.739907
65536,16,1,59.327788
65536,17,1,41.100050
65536,18,1,49.201809
65536,19,1,47.279080
65536,20,1,42.938219
65536,21,1,71.076379
65536,22,1,47.251236
65536,23,1,57.448558
65536,24,1,46.393868
65536,25,1,43.346695
65536,26,1,86.696406
65536,27,1,84.658842
65536,28,1,78.828108
65536,29,1,124.552582
65536,30,1,73.296913
65536,31,1,114.246711
65536,32,1,63.348835
65536,33,1,150.919033
65536,34,1,62.728455
65536,35,1,64.384812
65536,36,1,109.748543
65536,37,1,94.440052
65536,38,1,74.448626
65536,39,1,126.354058
65536,40,1,85.020997
65536,41,1,86.471415
65536,42,1,64.628151
65536,43,1,69.610242
65536,44,1,108.028803
65536,45,1,87.137665
65536,46,1,71.976024
65536,47,1,69.566937
65536,48,1,115.839105
65536,49,1,136.421400
65536,50,1,87.763947
65536,51,1,87.476340
65536,52,1,111.785274
65536,53,1,95.374727
65536,54,1,125.597413
65536,55,1,111.160660
65536,56,1,82.762033
65536,57,1,78.442984
65536,58,1,129.320394
65536,59,1,200.272635
65536,60,1,112.057484
65536,61,1,112.691593
65536,62,1,126.955447
65536,63,1,115.602502
65536,64,1,122.683553
65536,65,1,108.789746
65536,66,1,113.319285
65536,67,1,100.229471
65536,68,1,111.708352
65536,69,1,108.678179
65536,70,1,134.929346
65536,71,1,267.681652
65536,72,1,140.170366
65536,73,1,132.602696
65536,74,1,115.339593
65536,75,1,102.535973
65536,76,1,145.611548
65536,77,1,118.753093
65536,78,1,131.711584
65536,79,1,145.391241
65536,80,1,137.251054
65536,81,1,137.750693
65536,82,1,144.765857
65536,83,1,147.461590
65536,84,1,154.450963
65536,85,1,147.085769
65536,86,1,139.718904
65536,87,1,153.977436
65536,88,1,143.431368
65536,89,1,135.921762
65536,90,1,150.686472
65536,91,1,157.038658
65536,92,1,169.236975
65536,93,1,154.372117
65536,94,1,138.183674
65536,95,1,163.491120
65536,96,1,149.294435
65536,97,1,164.066655
65536,98,1,177.534600
65536,99,1,183.503396
65536,100,1,161.849326
65536,101,1,164.993759
65536,102,1,165.118669
65536,103,1,151.772040
65536,104,1,174.809998
65536,105,1,187.307664
65536,106,1,161.498783
65536,107,1,193.350302
65536,108,1,193.199793
65536,109,1,180.996985
65536,110,1,204.640247
65536,111,1,218.965370
65536,112,1,172.029389
65536,113,1,183.894100
65536,114,1,189.429594
65536,115,1,182.910411
65536,116,1,177.028545
65536,117,1,189.177206
65536,118,1,181.740607
65536,119,1,189.422022
65536,120,1,242.484748
65536,121,1,181.701215
65536,122,1,199.130737
65536,123,1,185.389876
65536,124,1,184.657673
65536,125,1,272.123492
65536,126,1,210.160022
65536,127,1,201.341970
65536,128,1,208.032575
65536,129,1,200.194300
65536,130,1,185.066085
65536,131,1,223.046592
65536,132,1,230.791072
65536,133,1,208.092879
65536,134,1,228.033112
65536,135,1,203.109506
65536,136,1,208.592327
65536,137,1,220.087185
65536,138,1,235.781504
65536,139,1,321.757834
65536,140,1,226.171842
65536,141,1,209.207767
65536,142,1,212.758942
65536,143,1,223.563232
65536,144,1,240.470342
65536,145,1,235.013375
65536,146,1,229.350790
65536,147,1,220.253473
65536,148,1,202.016881
65536,149,1,275.254901
65536,150,1,246.368885
65536,151,1,237.285940
65536,152,1,240.385272
65536,153,1,226.325494
65536,154,1,275.261573
65536,155,1,242.880454
65536,156,1,240.141931
65536,157,1,266.697512
65536,158,1,232.239565
65536,159,1,241.929999
65536,160,1,254.920565
65536,161,1,258.989601
65536,162,1,263.255849
65536,163,1,258.366271
65536,164,1,337.160889
65536,165,1,258.001678
65536,166,1,271.792322
65536,167,1,270.456295
65536,168,1,239.549524
65536,169,1,276.704293
65536,170,1,269.436035
65536,171,1,382.992182
65536,172,1,327.874828
65536,173,1,282.225799
65536,174,1,306.002889
65536,175,1,276.071851
65536,176,1,294.643848
65536,177,1,266.635667
65536,178,1,302.984456
65536,179,1,256.910721
65536,180,1,291.628495
65536,181,1,292.551943
65536,182,1,266.460909
65536,183,1,296.410165
65536,184,1,378.150656
65536,185,1,312.356805
65536,186,1,286.098841
65536,187,1,299.744816
65536,188,1,323.504648
65536,189,1,319.953857
65536,190,1,345.168981
65536,191,1,301.442359
65536,192,1,274.920589
65536,193,1,305.533273
65536,194,1,343.306304
65536,195,1,314.992169
65536,196,1,288.074753
65536,197,1,317.757763
65536,198,1,312.127515
65536,199,1,299.744498
65536,200,1,311.635831
65536,201,1,310.292104
65536,202,1,374.733500
65536,203,1,350.807635
65536,204,1,298.438234
65536,205,1,291.452132
65536,206,1,357.955281
65536,207,1,304.133794
65536,208,1,286.636269
65536,209,1,327.784625
65536,210,1,331.263047
65536,211,1,341.382871
65536,212,1,336.174761
65536,213,1,344.696737
65536,214,1,390.514108
65536,215,1,335.163165
65536,216,1,365.106517
65536,217,1,374.305713
65536,218,1,325.715174
65536,219,1,342.230680
65536,220,1,355.295412
65536,221,1,326.769756
65536,222,1,366.908249
65536,223,1,394.020760
65536,224,1,362.635136
65536,225,1,365.150337
65536,226,1,337.168908
65536,227,1,340.622119
65536,228,1,395.493633
65536,229,1,354.484620
65536,230,1,370.833707
65536,231,1,333.572246
65536,232,1,390.793374
65536,233,1,381.290406
65536,234,1,368.396775
65536,235,1,399.090808
65536,236,1,350.198290
65536,237,1,377.167224
65536,238,1,385.093709
65536,239,1,328.715003
65536,240,1,373.501980
131072,1,1,176.299744
131072,2,1,97.542526
131072,3,1,69.996135
131072,4,1,63.067324
131072,5,1,63.593588
131072,6,1,60.321038
131072,7,1,55.351137
131072,8,1,63.449817
131072,9,1,58.300023
131072,10,1,54.235221
131072,11,1,56.025789
131072,12,1,62.859975
131072,13,1,53.861840
131072,14,1,55.564066
131072,15,1,68.565414
131072,16,1,59.060967
131072,17,1,57.575841
131072,18,1,101.506861
131072,19,1,75.891923
131072,20,1,88.137265
131072,21,1,73.134410
131072,22,1,65.196117
131072,23,1,90.272475
131072,24,1,97.547147
131072,25,1,102.412219
131072,26,1,63.911090
131072,27,1,68.667483
131072,28,1,67.139759
131072,29,1,157.024223
131072,30,1,103.236161
131072,31,1,109.158637
131072,32,1,91.696332
131072,33,1,90.611855
131072,34,1,164.844727
131072,35,1,108.093856
131072,36,1,94.244443
131072,37,1,143.503541
131072,38,1,112.463780
131072,39,1,80.003235
131072,40,1,99.483090
131072,41,1,98.255867
131072,42,1,98.822100
131072,43,1,86.961495
131072,44,1,111.116008
131072,45,1,134.661240
131072,46,1,100.958529
131072,47,1,99.545063
131072,48,1,104.669771
131072,49,1,102.570940
131072,50,1,102.639263
131072,51,1,112.186887
131072,52,1,116.651501
131072,53,1,107.367683
131072,54,1,108.164298
131072,55,1,109.958457
131072,56,1,112.786478
131072,57,1,112.692298
131072,58,1,108.173985
131072,59,1,128.844556
131072,60,1,135.350651
131072,61,1,122.850421
131072,62,1,119.221936
131072,63,1,136.867020
131072,64,1,137.798551
131072,65,1,116.348879
131072,66,1,151.645206
131072,67,1,142.911519
131072,68,1,146.735546
131072,69,1,176.519987
131072,70,1,132.501203
131072,71,1,140.060982
131072,72,1,128.086499
131072,73,1,108.824069
131072,74,1,159.800598
131072,75,1,132.416198
131072,76,1,151.006350
131072,77,1,127.709909
131072,78,1,136.216617
131072,79,1,160.143571
131072,80,1,149.767001
131072,81,1,160.142930
131072,82,1,182.485895
131072,83,1,187.084916
131072,84,1,161.161905
131072,85,1,144.107625
131072,86,1,184.087976
131072,87,1,165.867872
131072,88,1,176.153663
131072,89,1,179.124042
131072,90,1,183.565305
131072,91,1,165.335449
131072,92,1,183.666862
131072,93,1,177.060110
131072,94,1,189.809967
131072,95,1,154.851484
131072,96,1,173.480513
131072,97,1,175.658835
131072,98,1,171.527762
131072,99,1,165.499108
131072,100,1,179.016326
131072,101,1,173.697613
131072,102,1,152.008451
131072,103,1,193.728751
131072,104,1,174.728264
131072,105,1,176.629372
131072,106,1,176.217048
131072,107,1,179.500440
131072,108,1,172.849164
131072,109,1,181.795267
131072,110,1,193.698343
131072,111,1,187.760983
131072,112,1,185.588948
131072,113,1,187.046423
131072,114,1,298.326667
131072,115,1,198.955081
131072,116,1,208.290670
131072,117,1,254.938977
131072,118,1,201.606673
131072,119,1,204.258140
131072,120,1,213.008571
131072,121,1,197.204481
131072,122,1,204.203672
131072,123,1,214.566513
131072,124,1,218.975313
131072,125,1,219.079371
131072,126,1,223.084893
131072,127,1,213.896220
131072,128,1,216.256228
131072,129,1,220.451329
131072,130,1,338.744301
131072,131,1,212.329231
131072,132,1,223.122618
131072,133,1,228.554114
131072,134,1,233.569630
131072,135,1,218.460470
131072,136,1,230.217912
131072,137,1,252.569989
131072,138,1,236.106513
131072,139,1,233.014175
131072,140,1,231.458863
131072,141,1,233.899258
131072,142,1,233.723666
131072,143,1,241.698335
131072,144,1,254.832033
131072,145,1,249.967667
131072,146,1,268.987464
131072,147,1,268.157105
131072,148,1,224.047027
131072,149,1,280.394748
131072,150,1,255.979895
131072,151,1,273.895840
131072,152,1,347.855860
131072,153,1,248.761807
131072,154,1,301.933916
131072,155,1,257.014972
131072,156,1,254.019637
131072,157,1,257.862590
131072,158,1,349.248860
131072,159,1,241.093031
131072,160,1,270.445452
131072,161,1,253.736263
131072,162,1,366.716169
131072,163,1,291.010873
131072,164,1,288.944504
131072,165,1,267.374990
131072,166,1,275.409772
131072,167,1,280.491173
131072,168,1,299.057009
131072,169,1,306.042794
131072,170,1,281.187707
131072,171,1,295.521103
131072,172,1,276.263612
131072,173,1,305.006366
131072,174,1,385.520856
131072,175,1,309.627777
131072,176,1,346.961859
131072,177,1,300.912182
131072,178,1,305.827230
131072,179,1,301.627448
131072,180,1,296.515955
131072,181,1,388.522284
131072,182,1,316.079082
131072,183,1,333.571861
131072,184,1,371.590735
131072,185,1,305.768851
131072,186,1,315.348357
131072,187,1,344.902996
131072,188,1,357.630656
131072,189,1,309.888567
131072,190,1,296.701620
131072,191,1,339.008171
131072,192,1,323.887398
131072,193,1,318.073471
131072,194,1,336.477958
131072,195,1,333.827906
131072,196,1,329.629148
131072,197,1,336.853394
131072,198,1,317.757252
131072,199,1,323.837997
131072,200,1,325.958707
131072,201,1,372.425329
131072,202,1,334.285395
131072,203,1,324.795193
131072,204,1,355.472671
131072,205,1,343.512050
131072,206,1,343.783745
131072,207,1,357.900877
131072,208,1,338.777340
131072,209,1,322.059043
131072,210,1,346.570000
131072,211,1,369.287632
131072,212,1,473.311428
131072,213,1,341.213437
131072,214,1,347.372195
131072,215,1,363.496483
131072,216,1,416.511154
131072,217,1,340.919287
131072,218,1,339.431273
131072,219,1,342.937861
131072,220,1,368.516744
131072,221,1,385.519764
131072,222,1,331.394311
131072,223,1,414.224091
131072,224,1,336.172644
131072,225,1,330.748975
131072,226,1,402.193347
131072,227,1,374.655103
131072,228,1,412.979226
131072,229,1,433.584424
131072,230,1,366.126904
131072,231,1,380.583672
131072,232,1,405.301531
131072,233,1,391.509538
131072,234,1,394.457721
131072,235,1,412.356345
131072,236,1,356.648442
131072,237,1,387.857190
131072,238,1,433.024093
131072,239,1,423.484042
131072,240,1,379.256882
262144,1,1,361.195817
262144,2,1,194.430417
262144,3,1,140.029225
262144,4,1,116.923262
262144,5,1,107.879962
262144,6,1,106.659734
262144,7,1,99.715780
262144,8,1,108.667723
262144,9,1,101.234075
262144,10,1,90.221536
262144,11,1,91.471277
262144,12,1,82.887071
262144,13,1,89.511852
262144,14,1,90.553537
262144,15,1,89.045123
262144,16,1,84.271666
262144,17,1,97.542143
262144,18,1,83.285216
262144,19,1,81.901777
262144,20,1,82.387687
262144,21,1,121.826953
262144,22,1,92.509241
262144,23,1,88.087865
262144,24,1,96.393702
262144,25,1,104.548070
262144,26,1,101.478183
262144,27,1,113.515600
262144,28,1,143.926964
262144,29,1,95.658100
262144,30,1,137.437873
262144,31,1,135.406467
262144,32,1,132.247985
262144,33,1,117.288497
262144,34,1,102.851616
262144,35,1,130.046887
262144,36,1,115.989034
262144,37,1,120.456987
262144,38,1,118.000618
262144,39,1,112.972784
262144,40,1,123.162982
262144,41,1,110.182551
262144,42,1,106.741851
262144,43,1,108.671187
262144,44,1,133.545392
262144,45,1,140.320039
262144,46,1,130.437847
262144,47,1,119.385599
262144,48,1,126.699854
262144,49,1,113.005568
262144,50,1,116.660416
262144,51,1,130.866467
262144,52,1,127.623492
262144,53,1,141.104206
262144,54,1,166.136232
262144,55,1,130.086600
262144,56,1,130.260137
262144,57,1,129.405142
262144,58,1,145.698991
262144,59,1,171.424664
262144,60,1,153.467210
262144,61,1,167.168040
262144,62,1,161.823345
262144,63,1,149.895121
262144,64,1,146.686082
262144,65,1,149.537518
262144,66,1,141.617189
262144,67,1,162.276535
262144,68,1,160.525870
262144,69,1,165.423148
262144,70,1,184.952851
262144,71,1,202.103300
262144,72,1,208.388122
262144,73,1,178.836883
262144,74,1,163.089635
262144,75,1,153.286548
262144,76,1,168.528447
262144,77,1,172.728295
262144,78,1,163.104970
262144,79,1,202.295250
262144,80,1,176.401108
262144,81,1,172.723353
262144,82,1,159.944371
262144,83,1,240.444359
262144,84,1,164.893612
262144,85,1,207.975219
262144,86,1,198.701733
262144,87,1,194.545830
262144,88,1,191.414678
262144,89,1,186.732384
262144,90,1,195.727568
262144,91,1,187.697854
262144,92,1,177.183736
262144,93,1,189.291466
262144,94,1,177.687481
262144,95,1,193.093231
262144,96,1,194.667535
262144,97,1,212.773892
262144,98,1,260.906619
262144,99,1,196.651786
262144,100,1,188.517565
262144,101,1,202.415222
262144,102,1,192.671541
262144,103,1,204.888206
262144,104,1,199.902073
262144,105,1,195.734241
262144,106,1,194.479944
262144,107,1,218.815183
262144,108,1,199.288687
262144,109,1,225.758236
262144,110,1,203.267263
262144,111,1,219.707386
262144,112,1,216.639811
262144,113,1,227.255935
262144,114,1,226.567488
262144,115,1,280.397636
262144,116,1,227.784254
262144,117,1,222.023127
262144,118,1,230.294705
262144,119,1,225.720512
262144,120,1,259.425022
262144,121,1,257.764624
262144,122,1,240.041206
262144,123,1,244.999560
262144,124,1,247.823539
262144,125,1,242.981243
262144,126,1,245.830561
262144,127,1,236.829221
262144,128,1,241.499260
262144,129,1,349.601392
262144,130,1,223.765965
262144,131,1,251.072546
262144,132,1,266.707008
262144,133,1,264.451635
262144,134,1,274.602507
262144,135,1,243.762074
262144,136,1,235.898651
262144,137,1,260.594761
262144,138,1,252.071824
262144,139,1,261.460149
262144,140,1,251.565768
262144,141,1,226.378551
262144,142,1,262.501258
262144,143,1,321.869399
262144,144,1,285.683051
262144,145,1,309.602886
262144,146,1,276.000320
262144,147,1,281.177440
262144,148,1,286.230422
262144,149,1,286.103716
262144,150,1,306.648225
262144,151,1,322.173046
262144,152,1,316.208419
262144,153,1,279.334008
262144,154,1,345.080191
262144,155,1,304.646650
262144,156,1,260.957366
262144,157,1,311.876924
262144,158,1,304.862146
262144,159,1,299.861898
262144,160,1,259.129845
262144,161,1,315.770497
262144,162,1,320.618631
262144,163,1,288.650094
262144,164,1,288.611218
262144,165,1,369.020939
262144,166,1,331.286916
262144,167,1,352.016831
262144,168,1,302.599782
262144,169,1,292.962791
262144,170,1,333.234022
262144,171,1,401.480648
262144,172,1,401.998698
262144,173,1,328.346304
262144,174,1,404.037804
262144,175,1,312.982254
262144,176,1,314.386097
262144,177,1,324.956607
262144,178,1,329.357002
262144,179,1,334.792604
262144,180,1,345.575725
262144,181,1,331.760058
262144,182,1,367.781529
262144,183,1,340.758193
262144,184,1,405.399304
262144,185,1,347.429358
262144,186,1,454.368035
262144,187,1,410.226076
262144,188,1,326.395733
262144,189,1,319.033168
262144,190,1,319.141973
262144,191,1,345.518884
262144,192,1,341.929729
262144,193,1,358.098667
262144,194,1,339.920327
262144,195,1,362.924668
262144,196,1,360.048981
262144,197,1,408.890624
262144,198,1,419.286247
262144,199,1,377.104222
262144,200,1,349.353561
262144,201,1,460.541679
262144,202,1,343.380337
262144,203,1,358.504833
262144,204,1,359.934849
262144,205,1,374.870280
262144,206,1,380.610426
262144,207,1,586.872449
262144,208,1,361.400857
262144,209,1,378.372887
262144,210,1,387.979597
262144,211,1,425.935472
262144,212,1,475.895015
262144,213,1,423.880970
262144,214,1,401.967841
262144,215,1,455.515193
262144,216,1,406.221642
262144,217,1,391.750378
262144,218,1,392.065698
262144,219,1,445.017178
262144,220,1,415.308438
262144,221,1,435.726176
262144,222,1,411.196099
262144,223,1,387.285377
262144,224,1,436.347134
262144,225,1,477.239064
262144,226,1,429.077466
262144,227,1,441.010886
262144,228,1,401.614666
262144,229,1,430.330156
262144,230,1,467.036417
262144,231,1,507.591021
262144,232,1,422.621669
262144,233,1,446.113909
262144,234,1,453.902014
262144,235,1,470.344188
262144,236,1,470.615116
262144,237,1,427.492707
262144,238,1,537.838468
262144,239,1,420.445786
262144,240,1,668.884316
524288,1,1,733.165711
524288,2,1,391.953813
524288,3,1,282.949211
524288,4,1,228.897600
524288,5,1,199.917406
524288,6,1,181.697302
524288,7,1,158.275118
524288,8,1,155.369729
524288,9,1,151.572006
524288,10,1,156.512138
524288,11,1,150.074433
524288,12,1,131.332746
524288,13,1,155.031759
524288,14,1,137.599736
524288,15,1,144.463559
524288,16,1,131.850800
524288,17,1,143.769463
524288,18,1,151.549421
524288,19,1,129.401551
524288,20,1,134.400515
524288,21,1,138.289787
524288,22,1,167.635922
524288,23,1,147.896880
524288,24,1,142.593311
524288,25,1,142.730152
524288,26,1,133.109071
524288,27,1,147.225563
524288,28,1,154.585175
524288,29,1,186.586047
524288,30,1,134.305243
524288,31,1,143.000501
524288,32,1,156.829192
524288,33,1,148.840732
524288,34,1,185.017711
524288,35,1,143.949419
524288,36,1,168.849992
524288,37,1,175.859063
524288,38,1,161.224649
524288,39,1,149.688284
524288,40,1,193.634316
524288,41,1,186.225110
524288,42,1,155.004492
524288,43,1,158.466557
524288,44,1,163.973052
524288,45,1,182.350722
524288,46,1,189.292493
524288,47,1,184.673969
524288,48,1,156.009225
524288,49,1,172.494577
524288,50,1,182.772863
524288,51,1,170.000742
524288,52,1,189.564830
524288,53,1,166.163369
524288,54,1,176.962658
524288,55,1,165.140481
524288,56,1,177.303065
524288,57,1,175.187295
524288,58,1,174.585006
524288,59,1,176.280559
524288,60,1,177.216391
524288,61,1,184.535523
524288,62,1,201.817488
524288,63,1,176.425872
524288,64,1,197.443138
524288,65,1,208.281239
524288,66,1,181.941989
524288,67,1,219.169316
524288,68,1,204.969041
524288,69,1,184.686351
524288,70,1,179.051033
524288,71,1,191.784211
524288,72,1,209.322283
524288,73,1,200.802940
524288,74,1,191.562299
524288,75,1,188.002846
524288,76,1,218.053467
524288,77,1,183.910909
524288,78,1,196.798765
524288,79,1,313.891074
524288,80,1,200.455987
524288,81,1,226.782534
524288,82,1,224.681713
524288,83,1,207.762930
524288,84,1,239.466570
524288,85,1,260.271225
524288,86,1,226.090944
524288,87,1,205.085226
524288,88,1,228.845506
524288,89,1,212.650522
524288,90,1,245.767496
524288,91,1,217.389144
524288,92,1,234.035588
524288,93,1,281.663672
524288,94,1,254.747605
524288,95,1,223.719707
524288,96,1,253.999043
524288,97,1,198.213512
524288,98,1,243.846246
524288,99,1,268.618571
524288,100,1,259.243078
524288,101,1,253.039989
524288,102,1,263.272016
524288,103,1,252.382271
524288,104,1,284.275680
524288,105,1,234.398384
524288,106,1,235.411842
524288,107,1,255.897969
524288,108,1,290.711076
524288,109,1,274.342936
524288,110,1,236.907873
524288,111,1,265.174535
524288,112,1,261.729023
524288,113,1,267.225893
524288,114,1,354.024499
524288,115,1,260.791974
524288,116,1,288.036131
524288,117,1,281.146840
524288,118,1,282.385161
524288,119,1,249.279218
524288,120,1,305.452117
524288,121,1,350.358998
524288,122,1,256.053481
524288,123,1,345.300373
524288,124,1,287.475802
524288,125,1,255.916252
524288,126,1,269.371625
524288,127,1,283.566255
524288,128,1,293.227430
524288,129,1,280.555391
524288,130,1,291.602126
524288,131,1,282.121866
524288,132,1,309.247276
524288,133,1,308.589169
524288,134,1,307.125279
524288,135,1,327.345291
524288,136,1,306.311665
524288,137,1,295.953701
524288,138,1,307.025455
524288,139,1,331.332273
524288,140,1,315.735725
524288,141,1,296.960616
524288,142,1,332.972654
524288,143,1,394.015435
524288,144,1,336.550389
524288,145,1,361.206339
524288,146,1,371.748878
524288,147,1,351.456436
524288,148,1,460.252403
524288,149,1,370.694424
524288,150,1,358.142100
524288,151,1,383.529224
524288,152,1,367.448306
524288,153,1,335.182987
524288,154,1,405.557896
524288,155,1,340.084949
524288,156,1,326.849885
524288,157,1,326.776300
524288,158,1,492.960070
524288,159,1,382.165736
524288,160,1,410.447794
524288,161,1,378.603718
524288,162,1,388.810341
524288,163,1,397.587782
524288,164,1,436.108606
524288,165,1,360.890310
524288,166,1,412.981343
524288,167,1,404.588319
524288,168,1,474.786800
524288,169,1,406.216125
524288,170,1,453.005961
524288,171,1,520.900248
524288,172,1,356.644850
524288,173,1,467.846761
524288,174,1,428.869603
524288,175,1,436.427970
524288,176,1,599.568416
524288,177,1,377.713697
524288,178,1,434.287049
524288,179,1,413.393667
524288,180,1,428.334677
524288,181,1,421.364870
524288,182,1,374.456478
524288,183,1,439.062818
524288,184,1,472.322988
524288,185,1,502.416464
524288,186,1,548.052598
524288,187,1,446.249918
524288,188,1,464.999688
524288,189,1,485.711447
524288,190,1,473.188120
524288,191,1,536.745844
524288,192,1,510.086524
524288,193,1,550.838983
524288,194,1,406.226648
524288,195,1,401.688829
524288,196,1,501.646731
524288,197,1,481.887740
524288,198,1,445.955832
524288,199,1,424.705041
524288,200,1,438.359549
524288,201,1,401.618452
524288,202,1,422.423429
524288,203,1,503.534175
524288,204,1,528.120966
524288,205,1,584.279236
524288,206,1,475.198420
524288,207,1,535.489624
524288,208,1,431.630646
524288,209,1,513.968868
524288,210,1,489.890828
524288,211,1,487.182009
524288,212,1,487.405204
524288,213,1,505.696009
524288,214,1,487.741505
524288,215,1,516.872334
524288,216,1,467.044759
524288,217,1,533.215199
524288,218,1,539.788975
524288,219,1,487.268618
524288,220,1,493.300542
524288,221,1,562.851891
524288,222,1,501.203872
524288,223,1,672.467762
524288,224,1,609.424882
524288,225,1,660.699924
524288,226,1,665.728142
524288,227,1,678.909378
524288,228,1,496.139212
524288,229,1,598.251440
524288,230,1,684.732479
524288,231,1,578.924661
524288,232,1,503.541488
524288,233,1,602.642665
524288,234,1,627.663014
524288,235,1,564.056979
524288,236,1,522.300304
524288,237,1,510.872939
524288,238,1,518.201885
524288,239,1,575.689899
524288,240,1,711.956171
1048576,1,1,1491.878738
1048576,2,1,795.634978
1048576,3,1,566.244348
1048576,4,1,454.606758
1048576,5,1,393.658669
1048576,6,1,340.624108
1048576,7,1,316.831237
1048576,8,1,280.916651
1048576,9,1,274.758341
1048576,10,1,260.101345
1048576,11,1,250.865260
1048576,12,1,243.775610
1048576,13,1,219.972475
1048576,14,1,225.887380
1048576,15,1,231.732485
1048576,16,1,205.481704
1048576,17,1,225.631720
1048576,18,1,273.844773
1048576,19,1,205.551248
1048576,20,1,231.142323
1048576,21,1,209.436737
1048576,22,1,236.409967
1048576,23,1,206.461481
1048576,24,1,237.022904
1048576,25,1,217.615803
1048576,26,1,231.759430
1048576,27,1,222.034291
1048576,28,1,232.275429
1048576,29,1,238.731931
1048576,30,1,232.636429
1048576,31,1,235.580185
1048576,32,1,230.402166
1048576,33,1,222.517507
1048576,34,1,229.876158
1048576,35,1,244.768603
1048576,36,1,220.605750
1048576,37,1,213.426477
1048576,38,1,212.630889
1048576,39,1,212.133430
1048576,40,1,210.544375
1048576,41,1,221.261926
1048576,42,1,223.918525
1048576,43,1,217.084983
1048576,44,1,232.232382
1048576,45,1,243.895516
1048576,46,1,217.498847
1048576,47,1,230.323703
1048576,48,1,231.738900
1048576,49,1,234.163641
1048576,50,1,229.980604
1048576,51,1,222.501083
1048576,52,1,245.462631
1048576,53,1,231.647479
1048576,54,1,230.870305
1048576,55,1,241.412010
1048576,56,1,259.996258
1048576,57,1,241.027463
1048576,58,1,236.699692
1048576,59,1,238.686638
1048576,60,1,250.250975
1048576,61,1,259.011158
1048576,62,1,249.634123
1048576,63,1,235.295593
1048576,64,1,244.217255
1048576,65,1,289.011032
1048576,66,1,275.257338
1048576,67,1,258.569834
1048576,68,1,251.309213
1048576,69,1,249.342538
1048576,70,1,240.360700
1048576,71,1,278.708240
1048576,72,1,307.797947
1048576,73,1,256.866775
1048576,74,1,282.101657
1048576,75,1,268.555380
1048576,76,1,282.894872
1048576,77,1,258.833577
1048576,78,1,262.422732
1048576,79,1,267.609092
1048576,80,1,293.197727
1048576,81,1,271.759091
1048576,82,1,259.740279
1048576,83,1,261.364686
1048576,84,1,283.660050
1048576,85,1,272.133949
1048576,86,1,296.705662
1048576,87,1,278.734801
1048576,88,1,290.964875
1048576,89,1,322.415807
1048576,90,1,283.731902
1048576,91,1,317.507495
1048576,92,1,288.703794
1048576,93,1,292.757882
1048576,94,1,315.830417
1048576,95,1,294.897196
1048576,96,1,303.391520
1048576,97,1,320.989833
1048576,98,1,284.774167
1048576,99,1,302.605556
1048576,100,1,343.190311
1048576,101,1,333.190460
1048576,102,1,317.558756
1048576,103,1,318.696867
1048576,104,1,295.036284
1048576,105,1,296.898512
1048576,106,1,324.897839
1048576,107,1,337.351686
1048576,108,1,324.209843
1048576,109,1,383.620903
1048576,110,1,308.290913
1048576,111,1,302.081666
1048576,112,1,350.989129
1048576,113,1,340.306477
1048576,114,1,352.439292
1048576,115,1,341.878083
1048576,116,1,375.676581
1048576,117,1,341.325387
1048576,118,1,341.865895
1048576,119,1,322.797980
1048576,120,1,353.689546
1048576,121,1,350.096669
1048576,122,1,415.317421
1048576,123,1,355.953898
1048576,124,1,365.547455
1048576,125,1,340.331432
1048576,126,1,501.038927
1048576,127,1,472.467850
1048576,128,1,374.450254
1048576,129,1,389.036039
1048576,130,1,395.044802
1048576,131,1,374.867648
1048576,132,1,361.583507
1048576,133,1,373.286932
1048576,134,1,386.843668
1048576,135,1,345.398850
1048576,136,1,412.510637
1048576,137,1,435.924673
1048576,138,1,408.332409
1048576,139,1,415.021987
1048576,140,1,440.660600
1048576,141,1,357.390011
1048576,142,1,412.241186
1048576,143,1,396.860199
1048576,144,1,374.251440
1048576,145,1,420.812048
1048576,146,1,386.447254
1048576,147,1,400.630529
1048576,148,1,435.079559
1048576,149,1,431.215049
1048576,150,1,466.685682
1048576,151,1,489.402094
1048576,152,1,533.956062
1048576,153,1,432.201627
1048576,154,1,433.544776
1048576,155,1,476.709913
1048576,156,1,498.653577
1048576,157,1,448.283376
1048576,158,1,470.130297
1048576,159,1,453.931076
1048576,160,1,466.958085
1048576,161,1,547.920759
1048576,162,1,381.886983
1048576,163,1,447.715477
1048576,164,1,503.987431
1048576,165,1,500.224864
1048576,166,1,465.344520
1048576,167,1,492.351497
1048576,168,1,564.989604
1048576,169,1,519.999959
1048576,170,1,557.920034
1048576,171,1,561.241342
1048576,172,1,591.499312
1048576,173,1,563.895308
1048576,174,1,494.776430
1048576,175,1,487.747473
1048576,176,1,560.999798
1048576,177,1,578.624416
1048576,178,1,667.433770
1048576,179,1,534.868795
1048576,180,1,499.163996
1048576,181,1,554.225986
1048576,182,1,561.283620
1048576,183,1,499.555662
1048576,184,1,572.125698
1048576,185,1,633.751263
1048576,186,1,701.282242
1048576,187,1,605.421027
1048576,188,1,654.417282
1048576,189,1,574.050608
1048576,190,1,668.718859
1048576,191,1,613.153893
1048576,192,1,646.657855
1048576,193,1,685.647650
1048576,194,1,683.371044
1048576,195,1,553.388439
1048576,196,1,659.668374
1048576,197,1,568.588830
1048576,198,1,660.940377
1048576,199,1,649.423388
1048576,200,1,687.366364
1048576,201,1,647.422005
1048576,202,1,608.997607
1048576,203,1,773.791717
1048576,204,1,655.086227
1048576,205,1,680.834608
1048576,206,1,704.700168
1048576,207,1,561.763950
1048576,208,1,748.387400
1048576,209,1,686.432203
1048576,210,1,746.870130
1048576,211,1,729.875837
1048576,212,1,761.978011
1048576,213,1,702.350231
1048576,214,1,824.305688
1048576,215,1,759.996515
1048576,216,1,705.193006
1048576,217,1,676.337337
1048576,218,1,870.613589
1048576,219,1,694.805146
1048576,220,1,710.956250
1048576,221,1,912.927515
1048576,222,1,735.998925
1048576,223,1,777.867038
1048576,224,1,900.272544
1048576,225,1,828.556411
1048576,226,1,815.391854
1048576,227,1,752.232532
1048576,228,1,754.537432
1048576,229,1,774.375143
1048576,230,1,728.719058
1048576,231,1,750.601389
1048576,232,1,805.045181
1048576,233,1,745.691858
1048576,234,1,794.772351
1048576,235,1,738.315693
1048576,236,1,804.800235
1048576,237,1,800.384956
1048576,238,1,868.695801
1048576,239,1,817.725816
1048576,240,1,1047.073785
2097152,1,1,3029.095352
2097152,2,1,1613.512523
2097152,3,1,1145.658895
2097152,4,1,888.345346
2097152,5,1,756.555751
2097152,6,1,671.538924
2097152,7,1,592.043604
2097152,8,1,546.195759
2097152,9,1,514.321016
2097152,10,1,489.891084
2097152,11,1,460.903836
2097152,12,1,441.927406
2097152,13,1,419.380427
2097152,14,1,398.568456
2097152,15,1,394.847655
2097152,16,1,388.336683
2097152,17,1,373.883124
2097152,18,1,374.149880
2097152,19,1,350.802312
2097152,20,1,365.951312
2097152,21,1,349.438886
2097152,22,1,347.831097
2097152,23,1,368.733077
2097152,24,1,340.889967
2097152,25,1,330.020366
2097152,26,1,383.545776
2097152,27,1,362.795459
2097152,28,1,321.447965
2097152,29,1,352.111395
2097152,30,1,342.718515
2097152,31,1,307.702548
2097152,32,1,389.532598
2097152,33,1,331.990118
2097152,34,1,342.692147
2097152,35,1,338.138035
2097152,36,1,336.205747
2097152,37,1,349.107398
2097152,38,1,364.048474
2097152,39,1,342.579170
2097152,40,1,362.482064
2097152,41,1,356.393618
2097152,42,1,330.691621
2097152,43,1,334.514172
2097152,44,1,336.721491
2097152,45,1,349.632571
2097152,46,1,345.040480
2097152,47,1,343.178571
2097152,48,1,354.490136
2097152,49,1,362.272276
2097152,50,1,344.042098
2097152,51,1,338.900069
2097152,52,1,352.447822
2097152,53,1,363.536580
2097152,54,1,370.580486
2097152,55,1,373.012156
2097152,56,1,354.707942
2097152,57,1,368.607459
2097152,58,1,380.495781
2097152,59,1,363.679259
2097152,60,1,375.574572
2097152,61,1,393.513872
2097152,62,1,372.431231
2097152,63,1,376.103466
2097152,64,1,364.948311
2097152,65,1,389.738025
2097152,66,1,374.854817
2097152,67,1,390.662755
2097152,68,1,393.826177
2097152,69,1,383.703533
2097152,70,1,384.103862
2097152,71,1,391.160276
2097152,72,1,381.115968
2097152,73,1,396.570924
2097152,74,1,397.812390
2097152,75,1,388.673821
2097152,76,1,405.030542
2097152,77,1,390.808579
2097152,78,1,408.884207
2097152,79,1,404.506778
2097152,80,1,406.068890
2097152,81,1,390.655762
2097152,82,1,394.957617
2097152,83,1,399.091064
2097152,84,1,434.138980
2097152,85,1,417.265233
2097152,86,1,408.540271
2097152,87,1,423.760164
2097152,88,1,402.594188
2097152,89,1,424.400947
2097152,90,1,417.822035
2097152,91,1,412.617583
2097152,92,1,423.924980
2097152,93,1,446.003050
2097152,94,1,474.062554
2097152,95,1,450.639536
2097152,96,1,440.670095
2097152,97,1,431.384674
2097152,98,1,456.691028
2097152,99,1,462.998690
2097152,100,1,457.941601
2097152,101,1,459.729026
2097152,102,1,442.784646
2097152,103,1,472.848354
2097152,104,1,468.243048
2097152,105,1,436.521187
2097152,106,1,460.398741
2097152,107,1,458.924008
2097152,108,1,450.645245
2097152,109,1,467.195265
2097152,110,1,500.449341
2097152,111,1,503.298854
2097152,112,1,491.554691
2097152,113,1,467.387540
2097152,114,1,486.717845
2097152,115,1,477.383796
2097152,116,1,492.021867
2097152,117,1,482.690963
2097152,118,1,488.474285
2097152,119,1,502.062843
2097152,120,1,479.319486
2097152,121,1,496.549099
2097152,122,1,501.117197
2097152,123,1,529.011374
2097152,124,1,490.330228
2097152,125,1,491.062880
2097152,126,1,484.449324
2097152,127,1,521.179066
2097152,128,1,481.104215
2097152,129,1,535.102962
2097152,130,1,634.141008
2097152,131,1,522.599907
2097152,132,1,478.370437
2097152,133,1,495.167840
2097152,134,1,505.983295
2097152,135,1,536.990146
2097152,136,1,506.133161
2097152,137,1,498.944520
2097152,138,1,516.981720
2097152,139,1,505.176225
2097152,140,1,526.111756
2097152,141,1,481.638882
2097152,142,1,561.958981
2097152,143,1,626.681121
2097152,144,1,507.878436
2097152,145,1,521.012838
2097152,146,1,506.627477
2097152,147,1,517.641363
2097152,148,1,503.253946
2097152,149,1,537.806456
2097152,150,1,541.517956
2097152,151,1,518.762472
2097152,152,1,543.464292
2097152,153,1,532.720241
2097152,154,1,547.112855
2097152,155,1,540.259939
2097152,156,1,544.966483
2097152,157,1,558.107945
2097152,158,1,686.787944
2097152,159,1,528.656660
2097152,160,1,624.973568
2097152,161,1,542.712844
2097152,162,1,541.039294
2097152,163,1,672.846533
2097152,164,1,587.079734
2097152,165,1,649.707338
2097152,166,1,656.197842
2097152,167,1,538.185163
2097152,168,1,669.380297
2097152,169,1,525.048129
2097152,170,1,544.982137
2097152,171,1,629.099957
2097152,172,1,622.186800
2097152,173,1,723.849429
2097152,174,1,653.270573
2097152,175,1,747.751686
2097152,176,1,727.419467
2097152,177,1,620.836015
2097152,178,1,677.169366
2097152,179,1,719.241363
2097152,180,1,607.969074
2097152,181,1,793.922744
2097152,182,1,639.077741
2097152,183,1,693.231229
2097152,184,1,664.111756
2097152,185,1,650.097786
2097152,186,1,769.978338
2097152,187,1,692.860221
2097152,188,1,650.756851
2097152,189,1,679.064442
2097152,190,1,707.456013
2097152,191,1,858.800652
2097152,192,1,697.898575
2097152,193,1,808.228362
2097152,194,1,746.936016
2097152,195,1,733.408792
2097152,196,1,799.296309
2097152,197,1,756.498395
2097152,198,1,874.358385
2097152,199,1,749.085340
2097152,200,1,864.016459
2097152,201,1,874.257725
2097152,202,1,936.245063
2097152,203,1,913.380065
2097152,204,1,765.243886
2097152,205,1,849.592988
2097152,206,1,959.966786
2097152,207,1,793.460186
2097152,208,1,982.659910
2097152,209,1,883.996723
2097152,210,1,769.934202
2097152,211,1,1022.860122
2097152,212,1,1106.350120
2097152,213,1,941.244475
2097152,214,1,953.002047
2097152,215,1,963.809482
2097152,216,1,992.621268
2097152,217,1,1037.599236
2097152,218,1,978.525758
2097152,219,1,962.480574
2097152,220,1,954.471904
2097152,221,1,962.064014
2097152,222,1,828.256357
2097152,223,1,977.863677
2097152,224,1,1023.221889
2097152,225,1,959.115255
2097152,226,1,947.202813
2097152,227,1,1071.373160
2097152,228,1,995.234688
2097152,229,1,1047.738495
2097152,230,1,1086.346056
2097152,231,1,1196.645370
2097152,232,1,1011.999436
2097152,233,1,1219.516975
2097152,234,1,1052.086156
2097152,235,1,1063.359743
2097152,236,1,1137.585942
2097152,237,1,1021.308079
2097152,238,1,1045.667506
2097152,239,1,1341.600227
2097152,240,1,1119.287698
4194304,1,1,6171.800678
4194304,2,1,3300.453475
4194304,3,1,2297.373518
4194304,4,1,1824.319739
4194304,5,1,1503.492217
4194304,6,1,1309.278517
4194304,7,1,1174.574742
4194304,8,1,1053.295286
4194304,9,1,976.433275
4194304,10,1,917.445894
4194304,11,1,870.101695
4194304,12,1,826.080475
4194304,13,1,802.884053
4194304,14,1,749.424081
4194304,15,1,738.527405
4194304,16,1,709.821859
4194304,17,1,688.774698
4194304,18,1,668.905678
4194304,19,1,645.615398
4194304,20,1,657.291941
4194304,21,1,637.322394
4194304,22,1,619.849311
4194304,23,1,647.728345
4194304,24,1,611.271456
4194304,25,1,621.579893
4194304,26,1,717.980524
4194304,27,1,595.924921
4194304,28,1,581.346579
4194304,29,1,586.730022
4194304,30,1,561.077618
4194304,31,1,568.807087
4194304,32,1,579.137144
4194304,33,1,623.605782
4194304,34,1,612.472695
4194304,35,1,565.155378
4194304,36,1,570.345333
4194304,37,1,570.887441
4194304,38,1,608.629678
4194304,39,1,555.982872
4194304,40,1,560.342657
4194304,41,1,532.132068
4194304,42,1,558.353144
4194304,43,1,563.789839
4194304,44,1,549.811796
4194304,45,1,539.369658
4194304,46,1,556.465958
4194304,47,1,548.178984
4194304,48,1,531.668868
4194304,49,1,557.963917
4194304,50,1,548.158774
4194304,51,1,547.562645
4194304,52,1,554.648639
4194304,53,1,556.373382
4194304,54,1,546.407597
4194304,55,1,556.271956
4194304,56,1,572.293466
4194304,57,1,560.018098
4194304,58,1,577.429527
4194304,59,1,619.227391
4194304,60,1,572.797401
4194304,61,1,590.398603
4194304,62,1,574.886164
4194304,63,1,588.820260
4194304,64,1,581.001744
4194304,65,1,577.885989
4194304,66,1,604.657453
4194304,67,1,599.797833
4194304,68,1,583.567950
4194304,69,1,587.795127
4194304,70,1,637.170667
4194304,71,1,611.550787
4194304,72,1,616.499711
4194304,73,1,602.866757
4194304,74,1,635.868766
4194304,75,1,607.020798
4194304,76,1,629.596006
4194304,77,1,643.300683
4194304,78,1,609.128420
4194304,79,1,625.515358
4194304,80,1,639.005309
4194304,81,1,617.402372
4194304,82,1,639.815459
4194304,83,1,691.086204
4194304,84,1,641.862135
4194304,85,1,651.278496
4194304,86,1,639.174679
4194304,87,1,663.481369
4194304,88,1,648.401589
4194304,89,1,644.483319
4194304,90,1,724.385960
4194304,91,1,669.656936
4194304,92,1,633.665169
4194304,93,1,697.058400
4194304,94,1,661.895390
4194304,95,1,674.714858
4194304,96,1,650.916661
4194304,97,1,658.862972
4194304,98,1,663.982484
4194304,99,1,698.400589
4194304,100,1,685.440558
4194304,101,1,707.314231
4194304,102,1,714.805041
4194304,103,1,734.712487
4194304,104,1,685.476164
4194304,105,1,716.483851
4194304,106,1,720.841071
4194304,107,1,736.235528
4194304,108,1,750.163594
4194304,109,1,716.604013
4194304,110,1,716.796221
4194304,111,1,741.330275
4194304,112,1,745.613398
4194304,113,1,746.413860
4194304,114,1,756.638638
4194304,115,1,760.310491
4194304,116,1,734.033278
4194304,117,1,748.186720
4194304,118,1,744.650366
4194304,119,1,717.743792
4194304,120,1,714.616103
4194304,121,1,755.391015
4194304,122,1,756.419550
4194304,123,1,751.661488
4194304,124,1,761.779962
4194304,125,1,762.000911
4194304,126,1,768.027255
4194304,127,1,744.308289
4194304,128,1,762.141154
4194304,129,1,756.152086
4194304,130,1,790.709408
4194304,131,1,840.522998
4194304,132,1,793.106114
4194304,133,1,785.012438
4194304,134,1,804.877544
4194304,135,1,775.935779
4194304,136,1,775.088354
4194304,137,1,840.498171
4194304,138,1,764.941909
4194304,139,1,807.354700
4194304,140,1,862.959441
4194304,141,1,807.671817
4194304,142,1,849.436065
4194304,143,1,780.283440
4194304,144,1,831.999999
4194304,145,1,805.349468
4194304,146,1,818.690643
4194304,147,1,827.046009
4194304,148,1,830.526614
4194304,149,1,866.091235
4194304,150,1,843.616750
4194304,151,1,899.289432
4194304,152,1,838.374961
4194304,153,1,821.979361
4194304,154,1,791.119168
4194304,155,1,871.311148
4194304,156,1,833.331344
4194304,157,1,837.601378
4194304,158,1,822.015095
4194304,159,1,818.270877
4194304,160,1,926.697954
4194304,161,1,871.302614
4194304,162,1,846.941908
4194304,163,1,855.618818
4194304,164,1,843.619188
4194304,165,1,884.316279
4194304,166,1,900.894399
4194304,167,1,894.572495
4194304,168,1,859.041425
4194304,169,1,842.487299
4194304,170,1,959.605528
4194304,171,1,968.090229
4194304,172,1,925.506338
4194304,173,1,869.314256
4194304,174,1,888.049976
4194304,175,1,969.660489
4194304,176,1,905.535185
4194304,177,1,916.779259
4194304,178,1,902.558134
4194304,179,1,893.693697
4194304,180,1,940.265534
4194304,181,1,932.237937
4194304,182,1,918.333993
4194304,183,1,970.828881
4194304,184,1,936.177443
4194304,185,1,981.314707
4194304,186,1,898.146958
4194304,187,1,913.567271
4194304,188,1,952.054926
4194304,189,1,906.519130
4194304,190,1,942.168758
4194304,191,1,1019.130785
4194304,192,1,956.182406
4194304,193,1,893.032193
4194304,194,1,1001.760287
4194304,195,1,1031.220811
4194304,196,1,968.952986
4194304,197,1,947.390596
4194304,198,1,933.120647
4194304,199,1,961.288893
4194304,200,1,1053.581290
4194304,201,1,1058.043340
4194304,202,1,1000.159555
4194304,203,1,956.327909
4194304,204,1,1041.852716
4194304,205,1,985.865869
4194304,206,1,1015.456368
4194304,207,1,1013.914657
4194304,208,1,1097.070732
4194304,209,1,1070.768883
4194304,210,1,1137.536351
4194304,211,1,1125.655666
4194304,212,1,1102.624764
4194304,213,1,1176.881822
4194304,214,1,1086.518826
4194304,215,1,1235.386885
4194304,216,1,1063.703100
4194304,217,1,1234.949605
4194304,218,1,1334.814612
4194304,219,1,1372.966412
4194304,220,1,1222.471443
4194304,221,1,1375.230189
4194304,222,1,1260.045915
4194304,223,1,1158.092597
4194304,224,1,1366.953415
4194304,225,1,1486.503120
4194304,226,1,1376.699981
4194304,227,1,1270.584091
4194304,228,1,1443.541612
4194304,229,1,1320.540876
4194304,230,1,1309.095354
4194304,231,1,1249.428057
4194304,232,1,1648.711524
4194304,233,1,1443.807791
4194304,234,1,1386.128273
4194304,235,1,1491.049470
4194304,236,1,1477.016447
4194304,237,1,1302.880268
4194304,238,1,1562.653716
4194304,239,1,1614.525915
4194304,240,1,1482.112668
